"event_no","index_start","index_peak","index_end","duration","date_start","date_peak","date_end","intensity_mean","intensity_max","intensity_var","intensity_cumulative","intensity_mean_relThresh","intensity_max_relThresh","intensity_var_relThresh","intensity_cumulative_relThresh","intensity_mean_abs","intensity_max_abs","intensity_var_abs","intensity_cumulative_abs","rate_onset","rate_decline","event_name","category","p_moderate","p_strong","p_severe","p_extreme","lake","year","lake_year","averageSlope","intercept","SE","SE.percent","absoluteChange","percentChange","sdSlope","sdSlopePercent","medianSlopePercent","num.slopes.included","precip","doy","PML.g440","biomass","biomass.during","cumulative.load","daily.load","stability.before","stability.during","stability.after","daphnia.biomass.before","daphnia.biomass.during","daphnia.biomass.after","holop.biomass.before","holop.biomass.during","holop.biomass.after","total.biomass.before","total.biomass.during","total.biomass.after","manual.chl.before","manual.chl.during","manual.chl.after","zoop.days.before","zoop.days.after.start.during.hw","zoop.days.after.hw","daphnia.length.before","daphnia.length.during","daphnia.length.after","event_index","start.date.group","event_group","start_date_avg","pchange.total.zoop","abschange.total.zoop","pchange.total.zoop.during.to.after","pchange.daphnia.length","pchange.daphnia.zoop","abschange.daphnia.zoop","abschange.daphnia.zoop.during.to.after","pchange.chl.weekly","abschange.chl","tp_ugL.before","tp_ugL.during","tp_ugL.after","tn_ugL.before","tn_ugL.during","tn_ugL.after","par.before.hw","par.during.hw","par.after.hw","mean.par.during","mean.par.after","mean.par.before"
1,146,149,152,7,"2009-06-21","2009-06-24","2009-06-27",3.2059,4.5326,0.983,22.4412,1.2302,2.5538,0.9888,8.6116,25.4475,26.784,1.0864,178.1328,0.7814,0.9851,"Event 2009","II Strong",71,29,0,0,"R",2009,"R_2009",0.717901190476182,-121.484876309522,0.0961699230846804,18.1589733921224,5.74320952380946,135.55536073946,NA,NA,135.55536073946,1,0.762,172,1.22059,1.38048853133954,1.38048853133954,0,0,NA,NA,NA,0.567698106424554,1.38048853133954,0.497224517294923,NA,NA,NA,4.13083174613385,4.68976868727818,3.75283410556052,2.9708,4.05017,8.55877,6,-6,-12,0.743754029,0.993339062,0.813317299,NA,NA,43,"2009-06-21",13.5308571129157,0.558936941144333,-19.9782685286645,-25.1258651298261,143.173002642912,0.812790424914986,-0.883264014044617,188.096472330685,5.58797,7.15,9.8,7.93,359.23,315.62,310.29,NA,NA,NA,1230.70396825394,617.847376543096,1280.08227513226
2,227,233,241,15,"2010-05-20","2010-05-26","2010-06-03",4.0877,5.8093,1.1848,61.3149,1.9105,3.6662,1.1125,28.6579,21.6315,23.467,1.8244,324.4727,0.5579,0.3799,"Event 2010a","II Strong",60,40,0,0,"R",2010,"R_2010",0.514582499999993,-75.152192499999,0.0896605788786871,26.2532943056068,4.11665999999995,150.673640366447,NA,NA,150.673640366447,1,12.446,140,1.08241,0.277498555734281,0.688282850063179,0,0,NA,NA,NA,0.277498555734281,0.336854256848317,1.37776329417504,NA,NA,NA,4.51222912874329,5.63826138527868,5.38096418315402,3.00233,1.59792,6.17973,3,-3,-17,0.815171778,0.724634707,0.87044102,NA,NA,44,"2010-05-19",24.9551213913866,1.12603225653539,-4.56341387074492,12.4941670783097,21.3895531661333,0.059355701114036,1.04090903732672,105.831137816296,3.1774,2.686319684,3.409997979,4.563553906,347.8591777,296.5413667,400.0112128,NA,NA,NA,1208.27968360495,779.307740567808,1386.91457538102
3,308,312,314,7,"2010-08-09","2010-08-13","2010-08-15",2.9202,3.6394,0.593,20.4416,1.4987,2.2374,0.6116,10.491,26.021,26.6784,0.5505,182.1471,0.4556,0.7989,"Event 2010b","II Strong",43,57,0,0,"R",2010,"R_2010",0.116787857142854,-22.2881596428565,0.115331409370257,20.6697763317118,0.934302857142835,20.930801926238,NA,NA,20.930801926238,1,66.802,221,1.47392,0.0307258104650925,NA,0,0,NA,NA,NA,0.367966776181654,0.177115515739985,1.40358625007005,NA,NA,NA,0.967764564853775,0.775214212475177,1.86090559513851,6.75365,2.92541,4.36793,7,-7,-13,0.952493191,0.882924557,1.169310093,NA,NA,45,"2010-08-09",-19.8964044945882,-0.192550352378599,140.050500260675,7.87934070339827,-51.8664381665402,-0.190851260441669,1.22647073433006,-35.3248983882789,-2.38572,5.097733,5.097733,3.705775639,233.9212514,233.9212514,280.807653,NA,NA,NA,1050.58699131214,876.487319716088,1158.91009421163
4,400,403,406,7,"2011-07-18","2011-07-21","2011-07-24",2.9251,3.7303,0.6274,20.4756,1.1507,1.9477,0.6113,8.0552,26.7932,27.6044,0.635,187.5525,0.5005,0.572,"Event 2011","II Strong",86,14,0,0,"R",2011,"R_2011",0.0862624999999995,-15.1606124999999,0.0794868708192671,22.7474178329912,0.690099999999996,24.6864558963461,NA,NA,24.6864558963461,1,23.114,199,1.58907,0.508217480997561,0.508217480997561,0,0,NA,NA,NA,0.263575973776182,0.508217480997561,0.256621031585997,NA,NA,NA,1.12538514006029,1.39271919165046,0.814487871551342,2.02107,2.655051449,2.69335,7,-7,-13,0.800659418,0.930391312,0.988029003,NA,NA,46,"2011-07-18",23.7548943978281,0.267334051590171,-41.5181555309708,-13.9437989506936,92.8163154313597,0.244641507221379,-0.251596449411564,33.2635683078765,0.67228,-1.351206138,-1.351206138,4.990912034,354.2733759,354.2733759,292.4525381,NA,NA,NA,848.764443650845,831.261644212984,629.102301071362
5,417,419,421,5,"2011-08-04","2011-08-06","2011-08-08",2.0795,2.4715,0.3508,10.3976,0.5547,0.9453,0.3653,2.7733,25.5363,25.9316,0.3104,127.6813,0.4091,0.3055,NA,"I Moderate",100,0,0,0,"R",2011,"R_2011",0.37247678571428,-76.2135007142845,0.0817318663387342,13.1568025238872,2.97981428571424,59.9595204894097,NA,NA,59.9595204894097,1,75.438,216,1.58907,0.508217480997561,NA,0,0,NA,NA,NA,0.0515968942128978,NA,0.381128035584544,NA,NA,NA,0.556683042340733,NA,0.737027318736608,3.81664,NA,5.83345,3,NA,-7,0.863123178,NA,1.159717441,NA,NA,47,"2011-08-04",NA,NA,NA,NA,NA,NA,NA,52.8425526117213,2.01681,5.907102086,NA,10.88024096,267.0150712,NA,385.055523,NA,NA,NA,816.809925889008,784.750123981536,743.201689999963
6,429,430,433,5,"2011-08-16","2011-08-17","2011-08-20",1.7975,2.0479,0.2918,8.9875,0.4501,0.6968,0.2863,2.2503,24.4682,24.8451,0.4141,122.3408,0.2372,0.2624,NA,"I Moderate",100,0,0,0,"R",2011,"R_2011",-0.120808928571429,32.4981932142857,0.0473796570286841,7.03099187025428,-0.966471428571428,-17.9276644853213,NA,NA,-17.9276644853213,1,10.668,228,1.58907,0.508217480997561,NA,0,0,NA,NA,NA,0.0573022848706304,NA,0.100034915649817,NA,NA,NA,0.273046707391667,NA,0.289437794236701,6.11434,NA,4.36977,1,NA,-5,1.127123237,NA,0.742521763,NA,NA,48,"2011-08-16",NA,NA,NA,NA,NA,NA,NA,-28.5324335905429,-1.74457,0.876711051,NA,1.187144456,366.3374603,NA,363.0710001,NA,NA,NA,894.726591555595,696.467470555648,842.838733730181
7,507,510,512,6,"2013-07-15","2013-07-18","2013-07-20",3.7658,4.7756,0.9193,22.5951,1.9626,2.9714,0.9176,11.7757,27.6261,28.6459,0.9291,165.7569,0.7802,0.9845,"Event 2013a","II Strong",33,67,0,0,"R",2013,"R_2013",0.033689674392856,-3.43837877739263,0.0526175040905952,12.028682035022,0.269517395142848,7.70166483832747,NA,NA,7.70166483832747,1,82.042,196,2.94784,0.600949447918687,0.600949447918687,56.1875,2.375,205.930370979004,242.341601352292,187.75797996186,0.120748582500904,0.600949447918687,0.306838091194883,NA,NA,NA,0.228262054165671,0.692556102463976,0.453125985971047,3.519289955,2.681651031,3.231746552,7,-7,-12,0.979625,1.2646,1.16546666666667,NA,NA,49,"2013-07-14",203.403956034376,0.464294048298305,-34.5719452389611,-22.5347936106279,397.68654461363,0.480200865417783,-0.294111356723804,-8.1704948065298,-0.287543403,10.8350757142857,16.624696,15.63985,364.013824285714,368.642328,399.525505,NA,NA,NA,1345.4587962963,976.338888888889,1188.81904761905
8,548,552,555,8,"2013-08-25","2013-08-29","2013-09-01",3.0859,4.2473,0.8036,24.6872,1.6843,2.8419,0.7977,13.4741,24.6592,25.7684,0.7844,197.2739,0.653,0.6923,"Event 2013b","III Severe",25,62,12,0,"R",2013,"R_2013",NA,NA,NA,NA,NA,NA,NA,NA,NA,0,22.098,237,2.94784,0.600949447918687,NA,68.0625,2.375,176.259854167551,199.811798185944,150.850971447459,1.0674475428608,1.69722246463593,NA,NA,NA,NA,1.55926934517776,2.1654729382554,NA,5.805906333,2.688257923,NA,6,-6,NA,1.2328,1.3068,NA,NA,NA,50,"2013-08-24",38.8774136394335,0.606203593077644,NA,-5.6626874808693,58.9982080137924,0.62977492177513,NA,NA,NA,19.9933471428571,15.0486176433333,NA,494.655072857143,480.607315122222,NA,NA,NA,NA,881.848148148148,957.408333333333,1131.93082010582
9,571,576,578,8,"2014-05-26","2014-05-31","2014-06-02",3.4264,4.335,0.7515,27.4113,1.1454,1.9885,0.6901,9.1634,21.5178,22.7979,1.1814,172.1428,0.4079,0.5175,NA,"I Moderate",100,0,0,0,"R",2014,"R_2014",0.720812464290419,-107.44450467145,0.250329678914228,259.499457727736,5.76649971432335,747.216408450103,NA,NA,747.216408450103,1,26.67,146,1.91149,0.0306700690286304,0.0306700690286304,0,0,51.4744598026338,106.76469387176,117.208180625849,0,0,0.016341883297363,NA,NA,NA,0.0311626311050356,0.0325782204125313,0.206155175516343,NA,2.50817704430986,6.81150392576174,7,-7,-14,NA,NA,0.939411532801586,NA,NA,51,"2014-05-27",4.54258596690509,0.00141558930749575,532.800603918329,NA,NA,0,0.016341883297363,NA,NA,16,10.875,14.5,289,281.75,301.5,NA,NA,NA,1172.58888888889,1127.84351851852,1118.51481481481
10,773,775,777,5,"2015-08-14","2015-08-16","2015-08-18",2.1086,2.7636,0.5142,10.5431,0.7457,1.4046,0.5149,3.7283,24.9348,25.593,0.5459,124.6738,0.6478,0.6629,"Event 2015","II Strong",80,20,0,0,"R",2015,"R_2015",-0.0538057511548984,15.3784390971524,0.0575511071908273,14.2099286369077,-0.430446009239187,-13.2851637698498,NA,NA,-13.2851637698498,1,40.386,226,1.42786,0.0126036314855998,NA,87,0,183.362189313919,216.318473217243,165.735983531753,0.115475591052296,0.0734038074809697,0.750903235743179,NA,NA,NA,0.603303917449446,0.441778379561927,1.41686064116892,4.17955247994999,3.50757181790073,2.95837493741924,4,-4,-8,0.842333333333333,0.7706,0.946866666666667,NA,NA,52,"2015-08-14",-26.7734939581349,-0.161525537887519,220.717515097478,9.30876373388698,-36.4334862354357,-0.0420717835713263,0.677499428262209,-29.2179018779868,-1.22117754253075,10,9,2,402.5,333.5,339.5,NA,NA,NA,1040.2462962963,716.126697530864,1066.74232804233
11,800,806,809,10,"2018-05-23","2018-05-29","2018-06-01",4.7385,6.6796,1.5206,47.3848,2.531,4.4025,1.4439,25.3095,22.4049,24.7125,1.9909,224.0486,0.7503,1.0934,"Event 2018a","II Strong",40,60,0,0,"R",2018,"R_2018",0.325908159039078,-46.794662622962,0.137862983997856,90.5972302766383,2.60726527231262,214.171895002344,NA,NA,214.171895002344,1,0,143,1.49695,0.00653039908409722,0.00653039908409722,0,0,75.1542848179495,138.587847946929,117.16597033969,NA,0.00653039908409722,0.034318525616234,NA,NA,NA,NA,0.053223345227396,0.0772981939620323,NA,1.21737040814066,4.30107301665625,NA,-Inf,Inf,NA,0.95858,1.310508,NA,NA,53,"2018-05-23",NA,NA,45.2336256426137,NA,NA,NA,0.0277881265321368,NA,NA,NA,NA,8,NA,NA,209,NA,NA,NA,1010.11435185185,1038.55725308642,1213.92156084656
12,837,838,849,13,"2018-06-29","2018-06-30","2018-07-11",2.5584,3.6315,0.4257,33.2595,0.7035,1.7497,0.4161,9.1454,25.8616,26.5259,0.3607,336.2008,1.0433,0.1803,NA,"I Moderate",100,0,0,0,"R",2018,"R_2018",0.062521830916081,-9.31141932766769,0.0727975128370381,19.1566822844556,0.500174647328648,16.4526342181905,NA,NA,16.4526342181905,1,0,180,1.68119,0.0391450786063599,0.021882194016158,0,0,200.16219848664,232.081027164873,232.354987290924,0.0162366737759589,0.0391450786063599,0.00504169804143482,NA,NA,NA,0.0598127873014977,0.0946511478227118,0.0546723210597154,2.01622720990537,2.46792120749602,3.02434081485805,4,-4,-16,0.865102,1.094892,0.898103333333333,NA,NA,54,"2018-06-29",58.2456730290876,0.034838360521214,-42.2380791809091,-20.9874581237236,141.090503797155,0.022908404830401,-0.0341033805649251,49.9999999999997,1.00811360495268,3,12.5,3.5,298,253.5,328,NA,NA,NA,1212.58888888889,1125.19691358025,1240.43611111111
13,880,883,889,10,"2018-08-11","2018-08-14","2018-08-20",2.2871,3.0885,0.4592,22.8708,0.9114,1.7008,0.4524,9.1142,25.141,26.0607,0.5941,251.4099,0.4322,0.2663,"Event 2018b","II Strong",80,20,0,0,"R",2018,"R_2018",NA,NA,NA,NA,NA,NA,NA,NA,NA,0,0,223,1.68119,0.00504169804143482,NA,0,0,201.724902188112,231.876503174691,199.306114508284,0.0027257966798723,0.00639172880941927,NA,NA,NA,NA,0.0533720464056978,0.0696039361039819,NA,3.64342729390877,1.62557994771362,NA,5,-5,NA,0.803585333333333,0.909061333333333,NA,NA,NA,55,"2018-08-11",30.4127175017806,0.0162318896982841,NA,-11.6027374757259,134.490299904493,0.00366593212954697,NA,NA,NA,3,4.33333333333333,5,243,207.333333333333,259,NA,NA,NA,939.285648148148,932.376256613757,1162.38386243386
14,957,959,961,5,"2019-07-15","2019-07-17","2019-07-19",2.2885,2.5883,0.2949,11.4424,0.4834,0.7812,0.293,2.4171,26.1457,26.4501,0.2859,130.7284,0.2604,0.2709,NA,"I Moderate",100,0,0,0,"R",2019,"R_2019",1.79664506182981,-347.302146223944,0.132869360814013,20.9467145937754,14.3731604946385,283.239199059171,NA,NA,283.239199059171,1,0,196,1.86543,0.0533503175897432,0.0533503175897432,55.5,3,221.707860007933,236.777215024429,221.342563708317,0.0430791505504541,0.0533503175897432,0.0899147976907302,NA,NA,NA,0.11305593872974,0.116270180196486,0.133714524695639,2.93950509994468,5.07456614140326,16.6089390001526,7,-7,-11,1.139952,1.24808066666667,1.452002,NA,NA,56,"2019-07-15",2.84305406939289,0.0032142414667462,15.003283274932,-8.6635959961992,23.8425477476849,0.0102711670392891,0.036564480100987,465.025010518443,13.6694339002079,8.75,8.5,14,292.25,319.25,366.666666666667,NA,NA,NA,1059.8712962963,1183.98935185185,1303.39907407407
15,976,978,980,5,"2019-08-03","2019-08-05","2019-08-07",2.0423,2.4897,0.318,10.2116,0.502,0.9492,0.3133,2.5099,25.5498,26.0002,0.3472,127.749,0.3886,0.391,NA,"I Moderate",100,0,0,0,"R",2019,"R_2019",0.767640615208055,-140.73377333335,0.26388062719998,8.1911598380254,6.14112492166444,23.828452448554,NA,NA,23.828452448554,1,0,215,1.86543,0.0533503175897432,NA,70.5,3,213.943069601711,227.700414109311,207.546422211624,0.0347289865510461,0.0334927143259491,0.0329316088024831,NA,NA,NA,0.0940420298428071,0.0689390501375034,0.0607059265150766,43.7733548476732,23.356292555965,9.01536636129309,5,-5,-9,1.35025333333333,1.07751733333333,1.16125533333333,NA,NA,57,"2019-08-03",-26.6933622628773,-0.0251029797053037,-11.9426125048217,25.3115185772728,-3.55977051987934,-0.001236272225097,-0.000561105523465999,-79.4044427422444,-34.7579884863801,20.3333333333333,NA,NA,528.333333333333,NA,NA,NA,NA,NA,1077.69074074074,1116.1537037037,1222.8832010582
1,146,149,152,7,"2009-06-21","2009-06-24","2009-06-27",3.4272,4.7721,0.9569,23.9906,1.4516,2.7933,0.9609,10.161,25.629,26.9836,1.0482,179.4028,0.7645,1.0094,"Event 2009","II Strong",71,29,0,0,"L",2009,"L_2009",0.113534404761903,-17.9847330952378,0.0540902172180963,20.6232777184838,0.908275238095224,43.2878934570838,NA,NA,43.2878934570838,1,0.762,172,1.19756,0.0522900543693864,0.0522900543693864,0,0,NA,NA,NA,0.0221638040386156,0.0522900543693864,0.353244330056042,NA,NA,NA,0.734067808380904,0.636195543338087,1.08006067360049,2.75555,2.09822,3.01389,5,-5,-11,0.700772226,0.704027236,0.927326441,NA,NA,43,"2009-06-21",-13.3328643383353,-0.0978722650428171,69.7686638817788,-0.462341488163669,135.925449793196,0.0301262503307708,0.300954275686656,9.37526083721943,0.25834,1.7,5.7,4.36,255.54,256.04,260.32,NA,NA,NA,1230.70396825394,617.847376543096,1280.08227513226
2,226,233,241,16,"2010-05-19","2010-05-26","2010-06-03",4.3216,6.0804,1.2572,69.1464,2.1642,3.9374,1.1639,34.6266,21.7151,24.0045,1.9955,347.4412,0.5515,0.4022,"Event 2010a","II Strong",44,56,0,0,"L",2010,"L_2010",0.186260595238095,-24.1738926190476,0.101292147783867,25.024927497157,1.49008476190476,46.0169716349227,NA,NA,46.0169716349227,1,17.272,139,1.17453,0.0542429225900809,0.0689310265007925,0,0,NA,NA,NA,0.0542429225900809,0.0255543121196399,0.050472249002242,NA,NA,NA,1.52278791579524,0.58698807819721,0.663894866303306,7.21307,4.2368,6.60234,1,-1,-16,1.002450824,0.956219554,1.064826608,NA,NA,44,"2010-05-19",-61.4530643362329,-0.935799837598029,13.1019335762826,4.83479654924522,-52.8891311540192,-0.028688610470441,0.0249179368826021,-8.46699117019522,-0.61073,2.306646779,4.305452209,7.856184383,237.7062305,238.6203014,323.1436169,NA,NA,NA,1221.73056715742,779.307740567808,1363.24182771648
3,308,312,314,7,"2010-08-09","2010-08-13","2010-08-15",2.8165,3.6761,0.6666,19.7153,1.3949,2.2741,0.6864,9.7645,25.8773,26.6752,0.617,181.1413,0.5177,0.8885,"Event 2010b","II Strong",57,43,0,0,"L",2010,"L_2010",0.256153333333328,-54.1337399999987,0.148858404694354,27.8754532327153,2.04922666666662,47.9676661751041,NA,NA,47.9676661751041,1,66.802,221,1.47392,0.201173989502739,NA,0,0,NA,NA,NA,0.183946598913933,0.0790250175741436,0.311464714137716,NA,NA,NA,0.684997298206637,0.583252982391296,0.839149642222028,3.52562,2.84471,4.36289,6,-6,-12,1.108917594,1.402956963,1.180050135,NA,NA,45,"2010-08-09",-14.8532433750781,-0.101744315815341,43.8740422349105,-20.9585451838269,-57.039152644992,-0.104921581339789,0.232439696563572,23.7481634435929,0.83727,3.846485217,3.42076691,1.846923037,229.323179,204.0514703,219.8302562,NA,NA,NA,1050.58699131214,876.487319716088,1158.91009421163
4,400,403,406,7,"2011-07-18","2011-07-21","2011-07-24",2.9353,3.8921,0.68,20.547,1.161,2.1094,0.6655,8.1268,26.7635,27.7262,0.6873,187.3444,0.5624,0.6199,"Event 2011","II Strong",86,14,0,0,"L",2011,"L_2011",0.219844880952381,-42.5538219047619,0.081789872412867,49.1573680800361,1.75875904761905,132.131221319618,NA,NA,132.131221319618,1,23.114,199,1.33574,0.127174448547394,0.127174448547394,0,0,NA,NA,NA,0.575075421346623,0.127174448547394,0.110184332400231,NA,NA,NA,1.71271018759375,0.577506455899356,0.415890891989201,2.43805,2.06362,2.09341,6,-6,-12,1.050724626,1.057188392,1.025376797,NA,NA,46,"2011-07-18",-66.2811338379019,-1.13520373169439,-27.9850661857052,-0.611410988704838,-77.8856052916335,-0.447900972799229,-0.016990116147163,-14.1358872869711,-0.34464,7.831485001,5.220437919,7.181632156,268.2124466,305.1316439,343.8330724,NA,NA,NA,848.764443650845,831.261644212984,629.102301071362
5,506,510,512,7,"2013-07-14","2013-07-18","2013-07-20",3.4212,4.5811,1.0111,23.9482,1.6175,2.777,1.0107,11.3223,27.2339,28.4115,1.0312,190.6375,0.6789,0.9247,"Event 2013a","II Strong",43,57,0,0,"L",2013,"L_2013",0.262535019452379,-50.157290331452,0.0425422043201039,23.4184850750596,2.10028015561903,144.519366896572,NA,NA,144.519366896572,1,137.922,195,1.72725,0.211603819072833,0.211603819072833,0,0,98.9196990548996,116.466415705688,87.2898806855186,0.0799798751789033,0.211603819072833,1.08305776941954,NA,NA,NA,0.696850733880392,0.588134628832134,1.49006858716623,2.986717059,1.453286297,3.62046157,5,-5,-11,0.885933333333333,0.996733333333333,1.23986666666667,NA,NA,49,"2013-07-14",-15.6010605661381,-0.108716105048258,153.355016711918,-11.1163132900809,164.571329474454,0.13162394389393,0.871453950346707,21.2187662400196,0.633744511,7.26025285714286,5.094565,3.27765833333333,297.360248571429,299.6739,280.02721,NA,NA,NA,1338.58055555556,976.338888888889,1170.12857142857
6,548,552,555,8,"2013-08-25","2013-08-29","2013-09-01",3.0182,4.0436,0.7481,24.1457,1.6166,2.6382,0.7416,12.9327,24.5517,25.5248,0.7262,196.4132,0.611,0.6404,"Event 2013b","II Strong",25,75,0,0,"L",2013,"L_2013",NA,NA,NA,NA,NA,NA,NA,NA,NA,0,22.098,237,1.72725,0.211603819072833,NA,0,0,76.6199498928995,88.9267256156872,60.8765026948874,0.68291989168606,0.117573298175942,NA,NA,NA,NA,0.860860318875455,0.22351943139525,NA,1.256630739,2.289144233,NA,5,-5,NA,1.29066666666667,1.1058,NA,NA,NA,50,"2013-08-24",-74.0353427270019,-0.637340887480205,NA,16.7179116175321,-82.7837350167579,-0.565346593510118,NA,NA,NA,-4.77822857142857,-3.82435683344444,NA,275.46462,288.2149826,NA,NA,NA,NA,881.848148148148,957.408333333333,1131.93082010582
7,574,577,578,5,"2014-05-29","2014-06-01","2014-06-02",3.7506,4.4468,0.805,18.7529,1.4143,2.0803,0.7675,7.0716,22.115,23.0169,1.0914,110.5752,0.6335,0.8359,NA,"I Moderate",100,0,0,0,"L",2014,"L_2014",0.0894913695555437,-12.1817639477028,0.0727519951074728,81.1981769411447,0.715930956444349,99.8809180303842,NA,NA,99.8809180303842,1,2.794,149,1.24362,0.111155901530599,NA,0,0,43.6571109965978,67.3413144508786,63.8910040651169,0,NA,0,NA,NA,NA,0.0610291662893393,NA,0.141556795657214,2.76886199737762,NA,1.92260538940226,2,NA,-6,NA,NA,NA,NA,NA,51,"2014-05-27",NA,NA,NA,NA,NA,NA,NA,-30.5633364456895,-0.84625660797536,8.75,11,6.5,222.75,234.2,214.5,NA,NA,NA,1158.13981481481,1127.84351851852,1357.52936507937
8,773,775,777,5,"2015-08-14","2015-08-16","2015-08-18",2.164,2.895,0.5696,10.8198,0.801,1.536,0.5691,4.0049,24.9502,25.6845,0.6081,124.7508,0.6679,0.733,"Event 2015","II Strong",80,20,0,0,"L",2015,"L_2015",0.0686604276929837,-13.2517438031986,0.0402871595825853,13.5134314396423,0.54928342154387,23.0306130255638,NA,NA,23.0306130255638,1,40.386,226,1.33574,0.13475346318371,NA,0,0,72.4310220984048,88.0838276946305,60.15923361643,0.154281079372141,0.355200782962604,0.421560574499452,NA,NA,NA,0.425050226948667,0.90855047527415,0.640883083388861,2.48053455152276,2.39041949967021,3.38057541552255,3,-3,-7,0.990333333333333,0.942466666666667,1.1488,NA,NA,52,"2015-08-14",113.751321060669,0.483500248325482,-29.4609269567023,5.0788710476055,130.229646051299,0.200919703590463,0.066359791536848,36.2841494567076,0.90004086399979,9,12,NA,237.5,231.5,NA,NA,NA,NA,1040.2462962963,716.126697530864,1066.74232804233
9,800,807,809,10,"2018-05-23","2018-05-30","2018-06-01",4.7762,6.7077,1.5482,47.7622,2.5687,4.4265,1.4711,25.6871,22.4027,24.8707,2.0176,224.027,0.6313,1.5524,"Event 2018a","II Strong",40,60,0,0,"L",2018,"L_2018",0.120791961311694,-15.9783673388743,0.0665289342255904,35.7496092572804,0.966335690493556,64.9080805002974,NA,NA,64.9080805002974,1,0,143,1.12847,0.00783664772943865,0.00783664772943865,0,0,41.4968638882551,74.4110247656465,58.2738938637161,NA,0.00783664772943865,0.0140913431544947,NA,NA,NA,NA,0.0446992618770544,0.0457085879257484,NA,2.04726902121755,2.4798454105888,NA,-Inf,Inf,NA,0.822774666666667,1.020636,NA,NA,53,"2018-05-23",NA,NA,2.25803739549486,NA,NA,NA,0.00625469542505605,NA,NA,NA,NA,8,NA,NA,233,NA,NA,NA,1010.11435185185,1038.55725308642,1213.92156084656
10,837,838,849,13,"2018-06-29","2018-06-30","2018-07-11",2.5803,3.5656,0.4294,33.5442,0.7254,1.6838,0.4223,9.4302,25.8436,26.4201,0.4014,335.9667,1.0486,0.1604,NA,"I Moderate",100,0,0,0,"L",2018,"L_2018",-0.0611948621454032,14.3960427156174,0.065122462879571,16.5564171344012,-0.489558897163226,-15.5578830922764,NA,NA,-15.5578830922764,1,0,180,1.31271,0.0489487780379459,0.0179221734049166,0,0,94.1201290514124,108.899410013604,106.170805626816,0.0489487780379459,0.0241050042791491,0.0435185711666666,NA,NA,NA,0.11280766086078,0.0774934809631512,0.0773381039522701,1.84527042860778,2.63965565421269,3.756577612387,3,-3,-15,0.992887333333333,1.00455533333333,1.00420733333333,NA,NA,54,"2018-06-29",-31.3047709953061,-0.0353141798976288,-0.200503331312453,-1.16150893961012,-50.7546352628813,-0.0248437737587968,0.0194135668875175,103.578703378521,1.91130718377922,12,11.5,6.5,249,221.25,285,NA,NA,NA,1212.58888888889,1125.19691358025,1240.43611111111
11,880,883,889,10,"2018-08-11","2018-08-14","2018-08-20",2.1565,2.9275,0.4583,21.565,0.7808,1.5398,0.4485,7.8083,24.9705,25.8598,0.6065,249.705,0.3983,0.2664,"Event 2018b","II Strong",90,10,0,0,"L",2018,"L_2018",NA,NA,NA,NA,NA,NA,NA,NA,NA,0,0,223,1.77331,0.0435185711666666,NA,0,0,83.9143846787053,96.5825295281007,78.3261673558533,0.0114279326941433,0.0108875752288074,0.0634558934049481,NA,NA,NA,0.0542239732444282,0.0608694135146287,0.151484318080936,3.56728088828911,1.7656245286022,NA,4,-4,-13,0.896632,0.90092,1.007284,NA,NA,55,"2018-08-11",12.2555391510034,0.0066454402702005,148.867714233077,-0.475957909692322,-4.72839208803555,-0.0005403574653359,0.0525683181761407,NA,NA,6,5.5,4.5,339,255,423,NA,NA,NA,939.285648148148,932.376256613757,1162.38386243386
12,957,958,962,6,"2019-07-15","2019-07-16","2019-07-20",2.3587,2.6966,0.3418,14.1524,0.5555,0.8892,0.3373,3.3332,26.1791,26.5054,0.3295,157.0748,0.4011,0.2611,NA,"I Moderate",100,0,0,0,"L",2019,"L_2019",-0.0149695473936774,6.72307313152786,0.0749001157946127,14.8688203972169,-0.119756379149419,-2.97168447956157,NA,NA,-2.97168447956157,1,0,196,1.58907,0.0301663773334432,0.0301663773334432,0,0,NA,NA,NA,0.0411405008986476,0.0301663773334432,0.0584201179743654,NA,NA,NA,0.0801907903218062,0.0693297078233292,0.11391277408756,4.28729931341097,4.02991569169172,3.99940893033471,6,-6,-11,1.15481933333333,1.059534,1.23593933333333,NA,NA,56,"2019-07-15",-13.5440521971306,-0.010861082498477,64.305862038017,8.99313597613008,-26.6747446567068,-0.0109741235652044,0.0282537406409222,-6.71495881278265,-0.28789038307626,7,4.75,6,297.75,277,273.5,NA,NA,NA,969.236265432099,1226.21543209877,1303.39907407407
13,976,978,980,5,"2019-08-03","2019-08-05","2019-08-07",1.9005,2.2897,0.2856,9.5024,0.3601,0.7492,0.2796,1.8007,25.3681,25.7603,0.3195,126.8403,0.364,0.3614,NA,"I Moderate",100,0,0,0,"L",2019,"L_2019",0.276299024346351,-54.7155361414402,0.062511660576881,9.53123591346239,2.21039219477081,42.1276792105969,NA,NA,42.1276792105969,1,0,215,1.58907,0.0301663773334432,NA,0,0,NA,NA,NA,0.0523480561364715,0.0610539989004461,0.175238494897653,NA,NA,NA,0.0858623336598759,0.11010532043103,0.21114309409978,5.42477551671105,5.5178761059875,8.27956251586026,4,-4,-8,1.37193133333333,1.210892,1.18793,NA,NA,57,"2019-08-03",28.234716828438,0.0242429867711546,91.7646606660028,13.2992317509183,16.6308806983743,0.0087059427639746,0.114184495997207,52.6249794181349,2.85478699914921,6,NA,NA,269,NA,NA,NA,NA,NA,1077.69074074074,1116.1537037037,1222.8832010582
1,50,53,54,5,"2013-07-05","2013-07-08","2013-07-09",2.679,3.2837,0.5134,13.3948,0.8291,1.436,0.519,4.1456,25.6279,26.3043,0.6158,128.1395,0.4122,0.7676,NA,"I Moderate",100,0,0,0,"T",2013,"T_2013",1.02848233178571,-187.100274233606,0.175924907775086,32.4863239377504,8.22785865428569,189.91972550788,NA,NA,189.91972550788,1,12.446,186,5.82659,NA,NA,35.875,1.75,161.940719300474,196.595880088989,191.921282732549,0,NA,0,NA,NA,NA,0.132736090178489,NA,0.182118809320506,5.966252714,NA,10.93118795,2,NA,-6,NA,NA,NA,NA,NA,58,"2013-07-05",NA,NA,NA,NA,NA,NA,NA,83.2169784620357,4.964935236,18.8164871428571,18.557224,18.876215,472.819487142857,487.805784,490.978115,NA,NA,NA,1131.54259259259,1324.83811728395,1429.03068783069
2,59,63,66,8,"2013-07-14","2013-07-18","2013-07-21",3.5568,5.1495,1.2808,28.454,1.7557,3.3453,1.277,14.0453,26.883,28.4907,1.2937,215.0641,0.7948,1.0328,"Event 2013a","II Strong",50,50,0,0,"T",2013,"T_2013",0.898890825499989,-171.626062727498,0.183480405577067,22.6060690321428,7.19112660399991,110.749635579356,NA,NA,110.749635579356,1,137.922,195,6.65567,NA,NA,53.8125,2.0625,193.869597108194,221.6206571846,166.575392500694,0,0,0.0302305697066767,NA,NA,NA,0.182118809320506,0.193592536083104,0.327968416643497,10.93118795,5.54823757,13.50649676,4,-4,-11,NA,NA,0.956538461538462,NA,NA,49,"2013-07-14",6.30013275696632,0.0114737267625982,69.4117052646644,NA,NA,0,0.0302305697066767,23.559276647512,2.57530881,19.5553428571429,22.2807028571429,23.3926733333333,488.688814285714,553.627165714286,581.53642,NA,NA,NA,1325.70196759259,853.808024691358,1170.12857142857
3,100,105,108,9,"2013-08-24","2013-08-29","2013-09-01",3.1395,4.6838,1.0457,28.2554,1.7423,3.2784,1.0342,15.6808,24.2438,25.6758,0.9417,218.1939,0.5894,0.8014,"Event 2013b","III Severe",33,56,11,0,"T",2013,"T_2013",NA,NA,NA,NA,NA,NA,NA,NA,NA,0,22.098,236,6.65567,NA,NA,68.0625,2.375,165.136095353698,189.469693437418,145.049783988073,0,0,NA,NA,NA,NA,0.318819774855686,0.265568996266638,NA,21.64699125,10.08901038,NA,3,-3,NA,NA,NA,NA,NA,NA,50,"2013-08-24",-16.702470420209,-0.0532507785890478,NA,NA,NA,0,NA,NA,NA,34.6731271428571,20.09583774,NA,578.340805714286,521.55892553,NA,NA,NA,NA,899.471604938272,957.408333333333,1124.16626984127
4,124,130,132,9,"2014-05-26","2014-06-01","2014-06-03",3.5361,4.5832,0.8634,31.8247,1.2458,2.2167,0.8171,11.2118,21.1991,22.6993,1.205,190.792,0.4133,1.0809,NA,"I Moderate",100,0,0,0,"T",2014,"T_2014",1.31050049977923,-193.238406055439,0.230130534625762,103.62612125738,10.4840039982339,590.108930650253,NA,NA,590.108930650253,1,26.67,146,4.55994,0.0107612051329452,NA,0,0,47.4758817999246,95.504126831953,101.916197036759,0,0,0.0107612051329452,NA,NA,NA,0.0684326436577218,0.085310749690347,0.104009596604015,NA,6.04375442266067,8.72868017399268,5,-5,-13,NA,NA,2.35,NA,NA,51,"2014-05-27",24.6638228928347,0.0168781060326252,21.9185120064459,NA,NA,0,0.0107612051329452,NA,NA,17,15.7777777777778,29,413,405.888888888889,462.166666666667,NA,NA,NA,1125.83477366255,1120.59043209877,1118.51481481481
5,306,308,310,5,"2015-07-25","2015-07-27","2015-07-29",2.7657,3.5783,0.6879,13.8283,1.0853,1.8968,0.6908,5.4266,26.0391,26.8533,0.6863,130.1954,0.7145,0.8067,"Event 2015a","II Strong",80,20,0,0,"T",2015,"T_2015",-0.44918117174664,100.104619333593,0.0718526957323596,7.28663292127018,-3.59344937397312,-45.5517817432387,NA,NA,-45.5517817432387,1,4.572,206,4.55994,0.0379027010290355,NA,150,3,NA,NA,NA,0,0.00427165606161411,0,NA,NA,NA,0.422588997194186,0.706243653796348,1.68286471458108,7.42107856483171,6.43122606402939,8.20542210907625,3,-3,-7,NA,0.9485,NA,NA,NA,59,"2015-07-25",67.1230577429866,0.283654656602162,138.283870663473,NA,Inf,0.00427165606161411,-0.00427165606161411,10.5691313923225,0.784343544244541,30,36,NA,517.5,517.5,NA,NA,NA,NA,1240.34814814815,1036.80956790123,1245.29060846561
6,326,328,330,5,"2015-08-14","2015-08-16","2015-08-18",2.6402,3.2884,0.619,13.201,1.2772,1.9293,0.6205,6.386,24.9372,25.5887,0.6424,124.6862,0.7067,0.7537,"Event 2015b","II Strong",40,60,0,0,"T",2015,"T_2015",1.59046890414802,-335.173424962693,0.525281039545266,23.1430878573167,12.7237512331842,70.073653552949,NA,NA,70.073653552949,1,40.386,226,4.55994,0.0379027010290355,NA,150,3,NA,NA,NA,0,NA,0,NA,NA,NA,0.943254913532018,NA,0.583439376306583,14.5573536213744,NA,33.2113578162622,2,NA,-6,NA,NA,NA,NA,NA,52,"2015-08-14",NA,NA,NA,NA,NA,NA,NA,128.141451255937,18.6540041948878,34,NA,40,541.5,NA,681.5,NA,NA,NA,1040.2462962963,716.126697530864,1066.74232804233
