"lakeid","year4","daynum","sampledate","taxon_name","number_per_net","mean_length","mean_individ_biomass","net_efficiency_mean","abundance_raw","abundance","biomass"
"R",2018,148,2018-05-28,"Cyclopoid",281.261663286004,0.372606666666667,0.182980583340314,0.247252532666667,3979.0385790414,16093.0144420633,0.00294470917031285
"R",2018,148,2018-05-28,"Calanoid",11.0608519269777,0.882774615384615,0.962032701813488,0.168478539375,156.479045243201,928.777313856632,0.000893514148632569
"R",2018,148,2018-05-28,"Mesocyclops edax",45.8235294117647,1.18578727272727,3.91917655565916,0.231808059111111,648.270330293263,2796.58236551013,0.0109603000428771
"R",2018,148,2018-05-28,"Holopedium gibberum",44.2434077079107,0.134959333333333,0.0124565905227117,0.157585475384615,625.916180972805,3971.91542840574,4.94765240824912e-05
"R",2018,148,2018-05-28,"Daphnia",37.9229208924949,0.95858,2.15728591847639,0.17723005627381,536.499583690976,3027.13656459103,0.00653039908409722
"R",2018,148,2018-05-28,"Nauplii",1074.48275862069,0.168233333333333,0.301148683018358,0.143749885772727,15200.821537911,105744.929508632,0.0318449462573938
"L",2018,149,2018-05-29,"Cyclopoid",165.147058823529,0.420916666666667,0.234131458954369,0.221882997777778,2336.35295545357,10529.6619337796,0.0024653251108521
"L",2018,149,2018-05-29,"Calanoid",82.5735294117647,0.770947333333333,0.707824002298185,0.119340016222222,1168.17647772679,9788.64017876062,0.00692863446838717
"L",2018,149,2018-05-29,"Mesocyclops edax",17.6156862745098,1.16787,3.88537441884268,0.169252581333333,249.210981915048,1472.42056783903,0.00572090520805958
"L",2018,149,2018-05-29,"Holopedium gibberum",962.256862745098,0.184576666666667,0.0343931067838456,0.181128487363636,13613.1498871095,75157.4204878085,0.00258489718843558
"L",2018,149,2018-05-29,"Daphnia",62.7558823529412,0.822774666666667,1.26929373834475,0.1437983365,887.814123072358,6174.02220833311,0.00783664772943865
"L",2018,149,2018-05-29,"Nauplii",798.210784313725,0.183126666666667,0.313889048941513,0.184969965304348,11292.3726180256,61049.7634004809,0.0191628521718813
"R",2018,155,2018-06-04,"Cyclopoid",329.180092059839,0.455999333333333,0.287321071801213,0.247252532666667,4656.94567277942,18834.7744007042,0.0054116275679444
"R",2018,155,2018-06-04,"Calanoid",30.6214039125432,0.84009,0.861284610890576,0.168478539375,433.204248630644,2571.27258010242,0.00221459750364712
"R",2018,155,2018-06-04,"Mesocyclops edax",45.9321058688147,0.960386666666667,1.70345034675551,0.231808059111111,649.806372945966,2803.20872120541,0.00477512686816544
"R",2018,155,2018-06-04,"Holopedium gibberum",76.5535097813579,0.181332,0.0347074602830259,0.157585475384615,1083.01062157661,6872.52818785064,0.000238527999123802
"R",2018,155,2018-06-04,"Daphnia",91.8642117376295,1.310508,4.68006661632503,0.17723005627381,1299.61274589193,7332.9139154823,0.034318525616234
"R",2018,155,2018-06-04,"Nauplii",1013.0581127733,0.172671333333333,0.304311306000801,0.143749885772727,14331.8405588638,99699.8396334234,0.0303397884069175
"L",2018,156,2018-06-05,"Cyclopoid",126.237596471885,0.423765333333333,0.238044876149175,0.221882997777778,1785.89666511472,8048.82159967634,0.00191598074084176
"L",2018,156,2018-06-05,"Calanoid",75.7425578831312,0.793147333333333,0.740609411257445,0.119340016222222,1071.53799906883,8978.86587407134,0.00664983256875554
"L",2018,156,2018-06-05,"Mesocyclops edax",31.0738699007718,1.034045,2.57906617411314,0.169252581333333,439.605332951315,2597.3331070534,0.0066986939593056
"L",2018,156,2018-06-05,"Holopedium gibberum",868.126240352811,0.194765333333333,0.0408460485113657,0.181128487363636,12281.4739893274,67805.3141617138,0.00276957915157775
"L",2018,156,2018-06-05,"Daphnia",64.0898566703418,1.020636,2.23485496238816,0.1437983365,906.685999212087,6305.26069550246,0.0140913431544947
"L",2018,156,2018-06-05,"Nauplii",623.419514884234,0.148964666666667,0.284874762891179,0.184969965304348,8819.58199233575,47681.1571966513,0.0135831583507731
"R",2018,162,2018-06-11,"Cyclopoid",569.544431946007,0.450705333333333,0.286933018062514,0.247252532666667,8057.40548041534,32587.7571142129,0.00935050350066926
"R",2018,162,2018-06-11,"Calanoid",41.7182227221597,0.794078,0.741792872516246,0.168478539375,590.19212117692,3503.07002521709,0.00259855237663134
"R",2018,162,2018-06-11,"Mesocyclops edax",101.574803149606,1.08059777777778,2.41223911444767,0.231808059111111,1436.98951243076,6199.04898018226,0.0149535884223726
"R",2018,162,2018-06-11,"Holopedium gibberum",181.383577052868,0.235400666666667,0.0749490178733794,0.157585475384615,2566.05270076922,16283.560997651,0.00122043690425521
"R",2018,162,2018-06-11,"Daphnia",77.9949381327334,1.49753533333333,5.93058860646451,0.17723005627381,1103.40266133076,6225.821311178,0.0369227849339562
"R",2018,162,2018-06-11,"Nauplii",892.407199100112,0.166279333333333,0.299090638489375,0.143749885772727,12624.9792877845,87826.0126602467,0.0262679382025291
"L",2018,163,2018-06-12,"Cyclopoid",176.964477933262,0.456315333333333,0.288869874204995,0.221882997777778,2503.53523686713,11283.1323803119,0.00325935703133902
"L",2018,163,2018-06-12,"Calanoid",63.7072120559742,0.806328666666667,0.77287890868112,0.119340016222222,901.272685272167,7552.14146773631,0.00583689085578947
"L",2018,163,2018-06-12,"Mesocyclops edax",35.3928955866523,1.00577133333333,2.07769814397509,0.169252581333333,500.707047373426,2958.34216192728,0.00614654201907958
"L",2018,163,2018-06-12,"Holopedium gibberum",948.529601722282,0.212988,0.0523998581438363,0.181128487363636,13418.9488696078,74085.2477979776,0.00388205647516499
"L",2018,163,2018-06-12,"Daphnia",47.1905274488698,0.714108461538462,0.834172141107938,0.1437983365,667.609396497901,4642.67816128667,0.00387279278227557
"L",2018,163,2018-06-12,"Nauplii",1295.37997847147,0.154408,0.28992933577371,0.184969965304348,18325.8779338674,99074.8844209067,0.0287247154320106
"R",2018,169,2018-06-18,"Cyclopoid",333.931147540983,0.405988666666667,0.214965727529668,0.247252532666667,4724.15935853302,19106.6166545679,0.00410726774977965
"R",2018,169,2018-06-18,"Calanoid",18.6459016393443,0.828096,0.831051449518401,0.168478539375,263.785547938392,1565.69227699237,0.00130117083629427
"R",2018,169,2018-06-18,"Mesocyclops edax",44.072131147541,0.959411333333333,1.55821327427899,0.231808059111111,623.493113308927,2689.69558564861,0.00419111936532728
"R",2018,169,2018-06-18,"Holopedium gibberum",101.704918032787,0.235023333333333,0.0769382419049544,0.157585475384615,1438.83026148214,9130.47511498393,0.0007024827031038
"R",2018,169,2018-06-18,"Daphnia",61.0229508196721,1.319658,5.50341806707373,0.17723005627381,863.298156889284,4871.0595428325,0.0268074770938163
"R",2018,169,2018-06-18,"Nauplii",820.419672131147,0.160021333333333,0.293154498327795,0.143749885772727,11606.5641092893,80741.3797019609,0.0236696986608224
"L",2018,170,2018-06-19,"Cyclopoid",332.508250825083,0.41669,0.233484704655296,0.221882997777778,4704.02948779126,21200.4954633905,0.00494999142181566
"L",2018,170,2018-06-19,"Calanoid",102.970297029703,0.815378,0.790011249839197,0.119340016222222,1456.73171234826,12206.5653957654,0.00964332398455254
"L",2018,170,2018-06-19,"Mesocyclops edax",51.4851485148515,1.04086866666667,2.32336036798493,0.169252581333333,728.36585617413,4303.42539201607,0.00999840800239015
"L",2018,170,2018-06-19,"Holopedium gibberum",662.871287128713,0.218186666666667,0.0588733861682057,0.181128487363636,9377.71039824193,51773.8017621442,0.00304809902453884
"L",2018,170,2018-06-19,"Daphnia",111.551155115512,0.818908,1.25152329136306,0.1437983365,1578.12602171062,10974.5777324108,0.0137349396449865
"L",2018,170,2018-06-19,"Nauplii",1452.3102310231,0.176080666666667,0.306600956273927,0.184969965304348,20545.9868595786,111077.421816955,0.0340564437495208
"R",2018,176,2018-06-25,"Cyclopoid",435.799102132436,0.385210666666667,0.194137520871003,0.247252532666667,6165.29611550105,24935.2192635082,0.00484086165019236
"R",2018,176,2018-06-25,"Calanoid",21.6913580246914,0.83877,0.84021192032124,0.168478539375,306.869942400505,1821.41858268057,0.00153037760506283
"R",2018,176,2018-06-25,"Mesocyclops edax",67.0460157126824,1.12596916666667,2.95280184371167,0.231808059111111,948.50709469247,4091.77790595205,0.0120822093447539
"R",2018,176,2018-06-25,"Holopedium gibberum",82.8215488215488,0.206474,0.0499729696545206,0.157585475384615,1171.68523462011,7435.23622186884,0.000371560834089644
"R",2018,176,2018-06-25,"Daphnia",134.092031425365,0.865102,1.51692413431324,0.17723005627381,1897.01418938494,10703.6821477626,0.0162366737759589
"R",2018,176,2018-06-25,"Nauplii",832.159371492705,0.169702,0.30222331662562,0.143749885772727,11772.646881183,81896.7390332117,0.0247511040914401
"L",2018,177,2018-06-26,"Cyclopoid",276.18441273326,0.38605,0.188381183705062,0.221882997777778,3907.21017701605,17609.3266097352,0.00331726579099097
"L",2018,177,2018-06-26,"Calanoid",121.425905598244,0.821312,0.812043876453115,0.119340016222222,1717.82516403292,14394.3768269159,0.0116888655576557
"L",2018,177,2018-06-26,"Mesocyclops edax",57.1416026344676,1.24805733333333,4.14550631476911,0.169252581333333,808.388312486079,4776.2244222084,0.0197998685030194
"L",2018,177,2018-06-26,"Holopedium gibberum",502.369923161361,0.253496,0.0869672352903431,0.181128487363636,7107.08058060678,39237.7846469756,0.00341240164966533
"L",2018,177,2018-06-26,"Daphnia",235.709110867179,0.992887333333333,2.11082261119534,0.1437983365,3334.60178900508,23189.4322992052,0.0489487780379459
"L",2018,177,2018-06-26,"Nauplii",1119.02305159166,0.166065333333333,0.299585470202763,0.184969965304348,15830.9377861857,85586.5316303522,0.0256404813215027
"R",2018,183,2018-07-02,"Cyclopoid",439.911830357143,0.413566666666667,0.236667418424107,0.247252532666667,6223.47931786157,25170.5381972841,0.00595704629549659
"R",2018,183,2018-07-02,"Calanoid",35.0178571428572,0.758540666666667,0.682628420858825,0.168478539375,495.401338735249,2940.4417949789,0.00200722913913374
"R",2018,183,2018-07-02,"Mesocyclops edax",83.1674107142857,1.20533866666667,3.67225567005775,0.231808059111111,1176.57817949622,5075.65692067787,0.0186391099062272
"R",2018,183,2018-07-02,"Holopedium gibberum",70.0357142857143,0.226782666666667,0.0707674313028951,0.157585475384615,990.802677470498,6287.39847408062,0.000444943039588428
"R",2018,183,2018-07-02,"Daphnia",177.277901785714,1.094892,2.76625576992163,0.17723005627381,2507.9692773472,14150.9252441501,0.0391450786063599
"R",2018,183,2018-07-02,"Nauplii",987.065848214286,0.158577333333333,0.29295046596133,0.143749885772727,13964.1252355998,97141.8179606594,0.0284577408359059
"L",2018,184,2018-07-03,"Cyclopoid",269.376795580111,0.417854,0.236668877323476,0.221882997777778,3810.90209518486,17175.2776614348,0.00406485368185075
"L",2018,184,2018-07-03,"Calanoid",91.982320441989,0.780868,0.780163569795672,0.119340016222222,1301.28364225824,10904.0008829489,0.00850690425389657
"L",2018,184,2018-07-03,"Mesocyclops edax",50.3712707182321,1.27947733333333,4.43095802778405,0.169252581333333,712.607708855705,4210.32106714087,0.0186557559319961
"L",2018,184,2018-07-03,"Holopedium gibberum",273.756906077348,0.254016,0.0906275413205605,0.181128487363636,3872.86798291144,21381.8822167725,0.00193778741411191
"L",2018,184,2018-07-03,"Daphnia",111.692817679558,1.00455533333333,2.19365445632653,0.1437983365,1580.13013702787,10988.5147178171,0.0241050042791491
"L",2018,184,2018-07-03,"Nauplii",882.592265193371,0.166881333333333,0.299586912671119,0.184969965304348,12486.1263769065,67503.5341892502,0.0202231754021468
"R",2018,190,2018-07-09,"Cyclopoid",267.33,0.412743333333333,0.224444350562541,0.247252532666667,3781.94586104501,15295.8832019069,0.00343307457153247
"R",2018,190,2018-07-09,"Calanoid",38.19,0.761712,0.674228039344429,0.168478539375,540.277980149287,3206.80593595802,0.00216211847875905
"R",2018,190,2018-07-09,"Mesocyclops edax",53.0416666666667,1.19784666666667,3.49515964135315,0.231808059111111,750.386083540677,3237.10092918296,0.0113141845226671
"R",2018,190,2018-07-09,"Holopedium gibberum",61.5283333333333,0.175802666666667,0.0312667048091757,0.157585475384615,870.447856907185,5523.6553672393,0.00017270650183509
"R",2018,190,2018-07-09,"Daphnia",29.7033333333333,0.95418,1.94823630382146,0.17723005627381,420.216206782779,2371.02112146018,0.00461930942595618
"R",2018,190,2018-07-09,"Nauplii",791.381666666667,0.150394666666667,0.285104649929418,0.143749885772727,11195.7603664269,77883.6122633707,0.0222049800095869
"L",2018,191,2018-07-10,"Cyclopoid",158.471760797342,0.417660666666667,0.236381066988368,0.221882997777778,2241.91680634431,10104.0495612451,0.00238840601619047
"L",2018,191,2018-07-10,"Calanoid",44.3720930232558,0.821097333333333,0.803183978789568,0.119340016222222,627.736705776406,5260.06888257416,0.00422480305381311
"L",2018,191,2018-07-10,"Mesocyclops edax",25.3554817275747,1.21542818181818,3.61877607230923,0.169252581333333,358.706689015089,2119.35727177264,0.0076694793837654
"L",2018,191,2018-07-10,"Holopedium gibberum",128.890365448505,0.272850666666667,0.116551251474985,0.181128487363636,1823.42566916004,10067.0286364138,0.00117332478620853
"L",2018,191,2018-07-10,"Daphnia",54.9368770764119,0.925421333333333,2.17203120056468,0.1437983365,777.197826199359,5404.77619641559,0.011739342530684
"L",2018,191,2018-07-10,"Nauplii",769.116279069767,0.176152,0.308096475942595,0.184969965304348,10880.769566791,58824.5207749696,0.0181236275497801
"R",2018,197,2018-07-16,"Cyclopoid",341.279379157428,0.392466666666667,0.210828267903452,0.247252532666667,4828.11557051003,19527.0621434606,0.00411685668894887
"R",2018,197,2018-07-16,"Calanoid",18.3237250554324,0.784485333333333,0.7268835662711,0.168478539375,259.227681638122,1538.6391798016,0.00111841153421863
"R",2018,197,2018-07-16,"Mesocyclops edax",52.6807095343681,1.10647833333333,2.88242118900516,0.231808059111111,745.279584709602,3215.07193307879,0.00926719146408209
"R",2018,197,2018-07-16,"Holopedium gibberum",73.2949002217295,0.19229,0.0445927960860366,0.157585475384615,1036.91072655249,6579.98920282295,0.000293420116769807
"R",2018,197,2018-07-16,"Daphnia",36.6474501108647,0.898103333333333,1.72346645611409,0.17723005627381,518.455363276245,2925.32414747565,0.00504169804143482
"R",2018,197,2018-07-16,"Nauplii",1177.29933481153,0.168051333333333,0.30065304996629,0.143749885772727,16655.3785452494,115863.594991526,0.0348347432142612
"L",2018,198,2018-07-17,"Cyclopoid",207.089147286822,0.420840666666667,0.251138973406818,0.221882997777778,2929.71212901184,13203.8604055009,0.00331600394724442
"L",2018,198,2018-07-17,"Calanoid",84.0658914728683,0.830371333333333,0.824752041452705,0.119340016222222,1189.28908207412,9965.55153687553,0.00821910897424023
"L",2018,198,2018-07-17,"Mesocyclops edax",20.5038759689923,1.19882416666667,3.83319395592132,0.169252581333333,290.070507822955,1713.83210547128,0.00656945086815641
"L",2018,198,2018-07-17,"Holopedium gibberum",65.6124031007752,0.284878666666667,0.130947433256204,0.181128487363636,928.225625033456,5124.68048811084,0.000671063756176267
"L",2018,198,2018-07-17,"Daphnia",211.18992248062,1.00420733333333,2.0945353280967,0.1437983365,2987.72623057644,20777.1960600979,0.0435185711666666
"L",2018,198,2018-07-17,"Nauplii",647.922480620155,0.173028666666667,0.303578594806349,0.184969965304348,9166.22804720538,49555.2239095863,0.0150439052397862
"R",2018,204,2018-07-23,"Cyclopoid",393.578021978022,0.381328666666667,0.179651426446127,0.247252532666667,5567.9900169007,22519.4458347861,0.00404565056699562
"R",2018,204,2018-07-23,"Calanoid",19.2510989010989,0.770092,0.701760409725876,0.168478539375,272.347337783186,1616.51055851686,0.001134403111871
"R",2018,204,2018-07-23,"Mesocyclops edax",47.0582417582418,1.07278666666667,2.60835333301839,0.231808059111111,665.737936803344,2871.93611540589,0.00749102413883484
"R",2018,204,2018-07-23,"Holopedium gibberum",38.5021978021978,0.234025333333333,0.0778873108721335,0.157585475384615,544.694675566372,3456.50304532794,0.000269217727221933
"R",2018,204,2018-07-23,"Daphnia",42.7802197802198,0.764596666666667,1.15021075284842,0.17723005627381,605.216306184858,3414.8626870029,0.00392781178209159
"R",2018,204,2018-07-23,"Nauplii",748.653846153846,0.175635333333333,0.307244423233802,0.143749885772727,10591.285358235,73678.5653866896,0.0226373283269274
"L",2018,205,2018-07-24,"Cyclopoid",545.291479820628,0.388128666666667,0.190090436227675,0.221882997777778,7714.29639460866,34767.4065695414,0.00660895148130908
"L",2018,205,2018-07-24,"Calanoid",16.1434977578475,0.830098666666667,0.825627831515117,0.119340016222222,228.383774840388,1913.72334335129,0.00158002325409099
"L",2018,205,2018-07-24,"Mesocyclops edax",34.0807174887893,1.09563444444444,2.93190007829087,0.169252581333333,482.143524663041,2848.66275518415,0.00835199455494867
"L",2018,205,2018-07-24,"Holopedium gibberum",60.9865470852018,0.300409333333333,0.160505767001747,0.181128487363636,862.783149397021,4763.37633000206,0.000764549371364945
"L",2018,205,2018-07-24,"Daphnia",82.5112107623319,0.911327333333333,1.61603747772937,0.1437983365,1167.29484918421,8117.58242546989,0.0131183174281166
"L",2018,205,2018-07-24,"Nauplii",828.699551569507,0.162952666666667,0.295820283011422,0.184969965304348,11723.7004418066,63381.6437307349,0.0187495757861551
"R",2018,211,2018-07-30,"Cyclopoid",407.816870144284,0.396006,0.207789487986791,0.247252532666667,5769.42851197586,23334.1533441597,0.00484859177598822
"R",2018,211,2018-07-30,"Calanoid",19.7330743618202,0.777506,0.718583652919327,0.168478539375,279.165895740767,1656.98193239555,0.00119068012980212
"R",2018,211,2018-07-30,"Mesocyclops edax",39.4661487236404,0.99731,1.96839748946177,0.231808059111111,558.331791481535,2408.59525601702,0.00474107285507342
"R",2018,211,2018-07-30,"Holopedium gibberum",32.8884572697003,0.184134,0.0432895468022842,0.157585475384615,465.276492901279,2952.53412007477,0.000127813863976318
"R",2018,211,2018-07-30,"Daphnia",19.7330743618202,0.86587,1.96330775280485,0.17723005627381,279.165895740767,1575.16113017237,0.00309252605878427
"R",2018,211,2018-07-30,"Nauplii",1414.20366259711,0.161656666666667,0.295788856936566,0.143749885772727,20006.889194755,139178.47021031,0.0411674406136876
"L",2018,212,2018-07-31,"Cyclopoid",614.379802414929,0.34552,0.147445619516923,0.221882997777778,8691.69622134737,39172.4301023386,0.00577580322442269
"L",2018,212,2018-07-31,"Calanoid",23.3040614709111,0.796723333333333,0.75144578842601,0.119340016222222,329.68502908559,2762.56899841279,0.00207592083909355
"L",2018,212,2018-07-31,"Mesocyclops edax",36.0153677277717,1.19098733333333,3.75644830353738,0.169252581333333,509.513226768639,3010.37197042911,0.0113083066813349
"L",2018,212,2018-07-31,"Holopedium gibberum",52.9637760702525,0.248634666666667,0.122982271037601,0.181128487363636,749.284157012704,4136.75489658582,0.000508747511908039
"L",2018,212,2018-07-31,"Daphnia",72.0307354555434,1.03676133333333,2.80378215608393,0.1437983365,1019.02645353728,7086.49681449742,0.0198689933176335
"L",2018,212,2018-07-31,"Nauplii",915.214050493963,0.155259333333333,0.289821182167477,0.184969965304348,12947.6302331795,69998.55469441,0.0202870638715487
"R",2018,218,2018-08-06,"Cyclopoid",496.132675438597,0.389541333333333,0.193975260527713,0.247252532666667,7018.84157559641,28387.3394537028,0.00550644156622062
"R",2018,218,2018-08-06,"Calanoid",0,0.77062,0.713169743041142,0.168478539375,0,0,0
"R",2018,218,2018-08-06,"Mesocyclops edax",40.2269736842105,1.02123923076923,2.34831566975918,0.231808059111111,569.095262886196,2455.02794453499,0.00576518059184819
"R",2018,218,2018-08-06,"Holopedium gibberum",49.8048245614035,0.197223333333333,0.0498299224100392,0.157585475384615,704.594135001956,4471.18703854064,0.000222798903211253
"R",2018,218,2018-08-06,"Daphnia",30.6491228070176,0.803585333333333,1.11415387500424,0.17723005627381,433.596390770435,2446.51725495451,0.0027257966798723
"R",2018,218,2018-08-06,"Nauplii",1283.43201754386,0.179582666666667,0.309969584514853,0.143749885772727,18156.848863512,126308.614201047,0.0391518286645454
"L",2018,219,2018-08-07,"Cyclopoid",745.155801104972,0.352867333333333,0.153581762405727,0.221882997777778,10541.7981439518,47510.6170798615,0.00729676430410876
"L",2018,219,2018-08-07,"Calanoid",7.3414364640884,0.794228571428571,0.762520000844197,0.119340016222222,103.860080235978,870.287130199322,0.000663611343254281
"L",2018,219,2018-08-07,"Mesocyclops edax",12.8475138121547,1.25070866666667,4.54913176765433,0.169252581333333,181.755140412962,1073.86923721421,0.00488517266131787
"L",2018,219,2018-08-07,"Holopedium gibberum",58.7314917127072,0.234595333333333,0.090912052157027,0.181128487363636,830.880641887825,4587.24441407021,0.000417035803428981
"L",2018,219,2018-08-07,"Daphnia",73.414364640884,0.896632,1.58224190402899,0.1437983365,1038.60080235978,7222.62042551362,0.0114279326941433
"L",2018,219,2018-08-07,"Nauplii",1266.39779005525,0.172776666666667,0.304914262647766,0.184969965304348,17915.8638407062,96858.2321525963,0.029533456438175
"R",2018,225,2018-08-13,"Cyclopoid",518.7352297593,0.383232666666667,0.182962071673611,0.247252532666667,7338.60230863135,29680.59509637,0.00543042316733747
"R",2018,225,2018-08-13,"Calanoid",8.79212253829322,0.84633,0.860496912827798,0.168478539375,124.383089976802,738.272603966195,0.000635281296538251
"R",2018,225,2018-08-13,"Mesocyclops edax",85.7231947483589,1.005202,2.11305692930012,0.231808059111111,1212.73512727382,5231.63487897775,0.0110547423325921
"R",2018,225,2018-08-13,"Holopedium gibberum",48.3566739606127,0.205694,0.0484626205844864,0.157585475384615,684.106994872413,4341.18051300559,0.000210384984090556
"R",2018,225,2018-08-13,"Daphnia",46.1586433260394,0.909061333333333,1.73474270848627,0.17723005627381,653.011222378213,3684.53994828817,0.00639172880941927
"R",2018,225,2018-08-13,"Nauplii",1529.82932166302,0.172205333333333,0.304742725873886,0.143749885772727,21642.6576559636,150557.738113137,0.0458813755140042
"L",2018,226,2018-08-14,"Cyclopoid",728.735421166307,0.392199333333333,0.194133194420673,0.221882997777778,10309.4972875353,46463.6650432339,0.00902013971933516
"L",2018,226,2018-08-14,"Calanoid",5.49298056155508,0.874714285714286,0.922457726357892,0.119340016222222,77.7097785492609,651.162795256859,0.000600670151601492
"L",2018,226,2018-08-14,"Mesocyclops edax",18.3099352051836,1.2474675,4.44595482766613,0.169252581333333,259.032595164203,1530.44989401995,0.00680431109481913
"L",2018,226,2018-08-14,"Holopedium gibberum",76.9017278617711,0.220127333333333,0.0648761816976953,0.181128487363636,1087.93689968965,6006.43728396791,0.000389674716590513
"L",2018,226,2018-08-14,"Daphnia",65.9157667386609,0.90092,1.67891269675567,0.1437983365,932.517342591131,6484.89659399593,0.0108875752288074
"L",2018,226,2018-08-14,"Nauplii",1440.99190064795,0.168599333333333,0.300939236454322,0.184969965304348,20385.8652394228,110211.759005739,0.033167042603475
"R",2018,232,2018-08-20,"Cyclopoid",803.128424657534,0.453904666666667,0.293264222450978,0.247252532666667,11361.9429974981,45952.7871158985,0.0134763083829993
"R",2018,232,2018-08-20,"Calanoid",12.2802511415525,0.728932,0.626614706575525,0.168478539375,173.730015252264,1031.16999884226,0.000646146286254027
"R",2018,232,2018-08-20,"Mesocyclops edax",142.450913242009,0.896569333333333,1.32121035550404,0.231808059111111,2015.26817692626,8693.69332823886,0.0114861976528455
"R",2018,232,2018-08-20,"Holopedium gibberum",41.7528538812785,0.183349333333333,0.0328637625849226,0.157585475384615,590.682051857698,3748.32801320068,0.000123184161916242
"R",2018,232,2018-08-20,"Daphnia",19.648401826484,0.727355714285714,0.90027612129666,0.17723005627381,277.968024403623,1568.40228033432,0.00141199512157221
"R",2018,232,2018-08-20,"Nauplii",1736.42751141553,0.175925333333333,0.307582050216442,0.143749885772727,24565.4241566702,170890.042970252,0.0525627097783661
"L",2018,233,2018-08-21,"Cyclopoid",2132.08524590164,0.377772666666667,0.181169108847073,0.221882997777778,30162.8360869818,135940.276583025,0.0246281787649712
"L",2018,233,2018-08-21,"Calanoid",17.572131147541,0.833866,0.835708979285193,0.119340016222222,248.594802914685,2083.08001610942,0.00174084867403219
"L",2018,233,2018-08-21,"Mesocyclops edax",44.9065573770492,1.316836,5.11872292642367,0.169252581333333,635.297829670862,3753.54883610124,0.0192133764828023
"L",2018,233,2018-08-21,"Holopedium gibberum",388.539344262295,0.213086666666667,0.0606832908983088,0.181128487363636,5496.70730889137,30347.0060888661,0.00184155619838341
"L",2018,233,2018-08-21,"Daphnia",228.437704918033,1.007284,2.82351713457687,0.1437983365,3231.73243789091,22474.0599686347,0.0634558934049481
"L",2018,233,2018-08-21,"Nauplii",1856.78852459016,0.151354666666667,0.285920273367635,0.184969965304348,26268.1841746517,142013.240535728,0.0406044645557992
"R",2019,134,2019-05-14,"Cyclopoid",243.815418023887,0.445333333333333,0.285172856286022,0.247252532666667,3449.28257604608,13950.4438593405,0.00397828792182592
"R",2019,134,2019-05-14,"Calanoid",2.06623235613464,0.7135,0.75174333956398,0.168478539375,29.231208271577,173.501078416368,0.000130428280106672
"R",2019,134,2019-05-14,"Mesocyclops edax",4.13246471226927,NA,NA,0.231808059111111,58.4624165431539,252.201829251896,NA
"R",2019,134,2019-05-14,"Holopedium gibberum",8.26492942453855,0.166833333333333,0.0349488874587795,0.157585475384615,116.924833086308,741.977220939508,2.59312783915928e-05
"R",2019,134,2019-05-14,"Daphnia",4.13246471226927,1.18825,3.49600085726337,0.17723005627381,58.4624165431539,329.867392542227,0.00115321668711086
"R",2019,134,2019-05-14,"Nauplii",669.459283387622,0.16,0.290927442971157,0.143749885772727,9470.91147999094,65884.6539534977,0.0191676539057306
"L",2019,135,2019-05-15,"Cyclopoid",288.692434210526,0.425644,0.235736158577239,0.221882997777778,4084.16248336329,18406.8293842582,0.00433915525063166
"L",2019,135,2019-05-15,"Calanoid",3.29934210526316,0.39195,0.149219081418651,0.119340016222222,46.6761426670091,391.118956948136,5.83624114812217e-05
"L",2019,135,2019-05-15,"Mesocyclops edax",3.29934210526316,NA,NA,0.169252581333333,46.6761426670091,275.778025358935,NA
"L",2019,135,2019-05-15,"Holopedium gibberum",56.0888157894737,0.186952666666667,0.0345957987094931,0.181128487363636,793.494425339154,4380.83725475013,0.000151558563844384
"L",2019,135,2019-05-15,"Daphnia",4.94901315789474,1.2276425,4.11850153666769,0.1437983365,70.0142140005136,486.891682509231,0.00200526414260499
"L",2019,135,2019-05-15,"Nauplii",544.391447368421,0.178142,0.308439538288297,0.184969965304348,7701.5635400565,41636.8329170869,0.0128424455207332
"R",2019,140,2019-05-20,"Cyclopoid",269.582677165354,0.444650666666667,0.292856245032499,0.247252532666667,3813.81472380558,15424.7751587126,0.00451724173345113
"R",2019,140,2019-05-20,"Calanoid",2.01181102362205,0.57225,0.366611038085105,0.168478539375,28.4613039089969,168.931331044173,6.19320906392027e-05
"R",2019,140,2019-05-20,"Mesocyclops edax",2.01181102362205,NA,NA,0.231808059111111,28.4613039089969,122.779613522214,NA
"R",2019,140,2019-05-20,"Holopedium gibberum",26.1535433070866,0.226281666666667,0.0646505621920331,0.157585475384615,369.996950816959,2347.91277504425,0.000151793880884467
"R",2019,140,2019-05-20,"Daphnia",4.02362204724409,1.6799325,9.08746562576125,0.17723005627381,56.9226078179937,321.179200722318,0.00291870494627354
"R",2019,140,2019-05-20,"Nauplii",734.311023622047,0.174875333333333,0.304705517306214,0.143749885772727,10388.3759267839,72267.0203940767,0.0220201598333558
"L",2019,141,2019-05-21,"Cyclopoid",198.966267682263,0.467036,0.30408515453738,0.221882997777778,2814.79688979355,12685.9512354915,0.00385760944189808
"L",2019,141,2019-05-21,"Calanoid",1.87704026115343,NA,NA,0.119340016222222,26.5546876395618,222.51285428112,NA
"L",2019,141,2019-05-21,"Mesocyclops edax",0,NA,NA,0.169252581333333,0,0,NA
"L",2019,141,2019-05-21,"Holopedium gibberum",106.991294885745,0.255254,0.104062517863054,0.181128487363636,1513.61719545502,8356.59380523763,0.000869608192131823
"L",2019,141,2019-05-21,"Daphnia",5.63112078346028,1.85956333333333,10.6161154990948,0.1437983365,79.6640629186854,553.998501357388,0.00588131207673547
"L",2019,141,2019-05-21,"Nauplii",587.513601741023,0.167784666666667,0.299417434919325,0.184969965304348,8311.61723118284,44934.9558859838,0.0134543092295943
"R",2019,147,2019-05-27,"Cyclopoid",279.074074074074,0.425158,0.241704633254298,0.247252532666667,3948.09052246068,15967.8466379282,0.00385950251548132
"R",2019,147,2019-05-27,"Calanoid",18.057734204793,0.67771875,0.562348061595412,0.168478539375,255.464680865103,1516.30398632842,0.000852690607501185
"R",2019,147,2019-05-27,"Mesocyclops edax",19.6993464052288,1.37532,5.87958297334348,0.231808059111111,278.68874276193,1202.23923115783,0.00706866531340112
"R",2019,147,2019-05-27,"Holopedium gibberum",154.311546840959,0.190388666666667,0.0508194477167004,0.157585475384615,2183.06181830179,13853.1918184315,0.000704011557326202
"R",2019,147,2019-05-27,"Daphnia",45.9651416122004,0.8613,2.32258293744502,0.17723005627381,650.273733111171,3669.0939831703,0.00852177508119353
"R",2019,147,2019-05-27,"Nauplii",622.171023965142,0.183644666666667,0.312588566830865,0.143749885772727,8801.91945889763,61230.7927173851,0.0191400457414452
"L",2019,148,2019-05-28,"Cyclopoid",101.606986899563,0.475642666666667,0.324420140537714,0.221882997777778,1437.44481935457,6478.39101576505,0.00210172052379276
"L",2019,148,2019-05-28,"Calanoid",9.07205240174673,0.727811111111111,0.636757439641402,0.119340016222222,128.343287442373,1075.44218197009,0.000684795810273639
"L",2019,148,2019-05-28,"Mesocyclops edax",1.81441048034935,NA,NA,0.169252581333333,25.6686574884745,151.658883346196,NA
"L",2019,148,2019-05-28,"Holopedium gibberum",136.080786026201,0.132810666666667,0.0108413265311063,0.181128487363636,1925.14931163559,10628.639037716,0.000115228546389142
"L",2019,148,2019-05-28,"Daphnia",3.62882096069869,0.57974,0.441524374366729,0.1437983365,51.3373149769491,357.009101958207,0.000157628220385325
"L",2019,148,2019-05-28,"Nauplii",384.655021834061,0.221776,0.338478894367331,0.184969965304348,5441.7553875566,29419.6702616167,0.00995793746280346
"R",2019,154,2019-06-03,"Cyclopoid",252.36404494382,0.501937333333333,0.398783562008908,0.247252532666667,3570.2209076866,14439.5726473701,0.00575826421420466
"R",2019,154,2019-06-03,"Calanoid",7.42247191011236,0.795356666666667,0.765818812696066,0.168478539375,105.0064972849,623.263340686828,0.000477306791561771
"R",2019,154,2019-06-03,"Mesocyclops edax",7.42247191011236,0.977585,1.5210078327646,0.231808059111111,105.0064972849,452.98898445359,0.000688999793509992
"R",2019,154,2019-06-03,"Holopedium gibberum",107.625842696629,0.208972,0.0505785909023855,0.157585475384615,1522.59421063105,9662.02124221722,0.000488691419700263
"R",2019,154,2019-06-03,"Daphnia",83.502808988764,1.03459,2.68899361059308,0.17723005627381,1181.32309445512,6665.47830143466,0.0179234285641046
"R",2019,154,2019-06-03,"Nauplii",617.920786516854,0.163668,0.295655057571926,0.143749885772727,8741.79089896791,60812.5067507111,0.0179795251844746
"L",2019,155,2019-06-04,"Cyclopoid",114.023913043478,0.431866666666667,0.282878225448475,0.221882997777778,1613.10839036,7270.08561501217,0.00205654891763313
"L",2019,155,2019-06-04,"Calanoid",28.9891304347826,0.865315333333333,0.972701399655323,0.119340016222222,410.112302633899,3436.5028229109,0.0033426911057649
"L",2019,155,2019-06-04,"Mesocyclops edax",1.93260869565218,0.88888,1.04032723360154,0.169252581333333,27.3408201755932,161.538571289185,0.000168052974989224
"L",2019,155,2019-06-04,"Holopedium gibberum",270.565217391304,0.193888666666667,0.0375162767180226,0.181128487363636,3827.71482458305,21132.5942169355,0.000792816252412238
"L",2019,155,2019-06-04,"Daphnia",17.3934782608696,0.868248,1.98471410251931,0.1437983365,246.067381580339,1711.19769233449,0.00339623819217478
"L",2019,155,2019-06-04,"Nauplii",432.904347826087,0.18148,0.31202291333342,0.184969965304348,6124.34371933289,33109.9360334309,0.0103310587014343
"R",2019,161,2019-06-10,"Cyclopoid",291.734204793028,0.473615333333333,0.339135905804002,0.247252532666667,4127.19473438167,16692.2243014826,0.00566093260836689
"R",2019,161,2019-06-10,"Calanoid",16.0098039215686,0.66238,0.549265005043639,0.168478539375,226.49239395997,1344.33972896597,0.000738398768010857
"R",2019,161,2019-06-10,"Mesocyclops edax",39.1350762527233,0.839776666666667,0.848384823317115,0.231808059111111,553.64807412437,2388.39010277461,0.00202627391535479
"R",2019,161,2019-06-10,"Holopedium gibberum",156.540305010893,0.221200666666667,0.0585984942458259,0.157585475384615,2214.59229649748,14053.2767445247,0.000823500856449029
"R",2019,161,2019-06-10,"Daphnia",103.174291938998,0.768406,1.04658368374023,0.17723005627381,1459.61764996425,8235.72299559181,0.00861937331099061
"R",2019,161,2019-06-10,"Nauplii",811.16339869281,0.161044,0.293917296042546,0.143749885772727,11475.6146273051,79830.4260599443,0.0234635429694633
"L",2019,162,2019-06-11,"Cyclopoid",57.5407608695652,0.435105333333333,0.27077545746326,0.221882997777778,814.035246369779,3668.75900597421,0.00099340989816512
"L",2019,162,2019-06-11,"Calanoid",16.4402173913043,0.708887,0.583699561515946,0.119340016222222,232.581498962794,1948.8978326407,0.00113757081035175
"L",2019,162,2019-06-11,"Mesocyclops edax",3.28804347826087,1.07501,2.57439792996368,0.169252581333333,46.5162997925588,274.833621006628,0.000707531105003886
"L",2019,162,2019-06-11,"Holopedium gibberum",335.380434782609,0.234981333333333,0.0674920551042847,0.181128487363636,4744.662578841,26195.0102267213,0.00176795507367917
"L",2019,162,2019-06-11,"Daphnia",39.4565217391304,1.08944866666667,3.18868363910339,0.1437983365,558.195597510705,3881.79454016636,0.0123778147405893
"L",2019,162,2019-06-11,"Nauplii",371.548913043478,0.160672,0.293484258104543,0.184969965304348,5256.34187655914,28417.2723280258,0.00834002208654543
"R",2019,168,2019-06-17,"Cyclopoid",242.64705882353,0.347678666666667,0.149150694186137,0.247252532666667,3432.75367453108,13883.5935774172,0.00207074761986998
"R",2019,168,2019-06-17,"Calanoid",6.47058823529412,0.6889225,0.559447033280296,0.168478539375,91.5400979874954,543.333876985633,0.000303966525560294
"R",2019,168,2019-06-17,"Mesocyclops edax",32.3529411764706,1.02440666666667,2.30107480914476,0.231808059111111,457.700489937477,1974.48048912782,0.00454342731467986
"R",2019,168,2019-06-17,"Holopedium gibberum",53.3823529411765,0.223937333333333,0.0656126179984123,0.157585475384615,755.205808396837,4792.35669755493,0.000314439069308804
"R",2019,168,2019-06-17,"Daphnia",97.0588235294118,1.44228,6.20106882323492,0.17723005627381,1373.10146981243,7747.56550148057,0.0480431868872016
"R",2019,168,2019-06-17,"Nauplii",836.323529411765,0.14737,0.282941042460562,0.143749885772727,11831.5576648838,82306.5535063439,0.0232879020504209
"L",2019,169,2019-06-18,"Cyclopoid",42.4101861993428,0.393949333333333,0.205051626286237,0.221882997777778,599.981401873164,2704.04405872532,0.000554468631791263
"L",2019,169,2019-06-18,"Calanoid",9.21960569550931,0.7912,0.740040488086429,0.119340016222222,130.430739537644,1092.93381772942,0.000808815275918646
"L",2019,169,2019-06-18,"Mesocyclops edax",0,0.92294,1.20772688172841,0.169252581333333,0,0,0
"L",2019,169,2019-06-18,"Holopedium gibberum",252.617196056955,0.245932666666667,0.0795962372391913,0.181128487363636,3573.80226333145,19730.7575155566,0.0015704940561172
"L",2019,169,2019-06-18,"Daphnia",11.0635268346112,1.17449307692308,3.89140543425712,0.1437983365,156.516887445173,1088.44713544494,0.00423558909777205
"L",2019,169,2019-06-18,"Nauplii",602.962212486309,0.175169333333333,0.306206156502827,0.184969965304348,8530.17036576194,46116.5160069445,0.0141211611177876
"R",2019,175,2019-06-24,"Cyclopoid",206.808695652174,0.381132666666667,0.204753540719577,0.247252532666667,2925.74454999385,11833.0215607465,0.00242285306197395
"R",2019,175,2019-06-24,"Calanoid",3.04130434782609,0.635873333333333,0.455326043605938,0.168478539375,43.0256551469684,255.377660006903,0.000116280099556286
"R",2019,175,2019-06-24,"Mesocyclops edax",31.9336956521739,1.083949,2.93568853312678,0.231808059111111,451.769379043168,1948.89418761159,0.00572134631884878
"R",2019,175,2019-06-24,"Holopedium gibberum",24.3304347826087,0.258085333333333,0.0946313579861767,0.157585475384615,344.205241175747,2184.2447112315,0.000206698043197961
"R",2019,175,2019-06-24,"Daphnia",1.52065217391304,1.45372,5.93894188122922,0.17723005627381,21.5128275734842,121.383629987953,0.000720890323831084
"R",2019,175,2019-06-24,"Nauplii",787.697826086957,0.156644,0.289800698339415,0.143749885772727,11143.6446830648,77521.0680910263,0.0224656596687968
"L",2019,176,2019-06-25,"Cyclopoid",41.2559652928417,0.465872,0.323725106547733,0.221882997777778,583.652516300749,2630.45173423019,0.000851543267932337
"L",2019,176,2019-06-25,"Calanoid",9.3763557483731,1.07645933333333,1.84893809292498,0.119340016222222,132.648299159261,1111.51567896771,0.00205512367972678
"L",2019,176,2019-06-25,"Mesocyclops edax",13.1268980477223,0.97264,1.85798801120808,0.169252581333333,185.707618822965,1097.22178155277,0.00203862491576143
"L",2019,176,2019-06-25,"Holopedium gibberum",189.402386117137,0.288742,0.140803947451618,0.181128487363636,2679.49564301707,14793.3419089272,0.00208296093677841
"L",2019,176,2019-06-25,"Daphnia",20.6279826464208,1.32272533333333,6.23412980101392,0.1437983365,291.826258150374,2029.41331070526,0.012651625998842
"L",2019,176,2019-06-25,"Nauplii",294.417570498915,0.158113333333333,0.292241988934911,0.184969965304348,4165.1565936008,22518.0157586529,0.00658070971217639
"R",2019,182,2019-07-01,"Cyclopoid",526.159459459459,0.436016666666667,0.270042303491788,0.247252532666667,7443.63367355846,30105.3889854127,0.00812972858913713
"R",2019,182,2019-07-01,"Calanoid",9.04054054054054,0.656873333333333,0.498062270385795,0.168478539375,127.897485799974,759.132209208551,0.000378095111641395
"R",2019,182,2019-07-01,"Mesocyclops edax",47.0108108108108,0.96271,1.76900933435636,0.231808059111111,665.066926159862,2869.04143328805,0.0050753610761417
"R",2019,182,2019-07-01,"Holopedium gibberum",47.0108108108108,0.130049333333333,0.0248553373112318,0.157585475384615,665.066926159862,4220.35675900111,0.00010489839081871
"R",2019,182,2019-07-01,"Daphnia",3.61621621621622,0.828375,1.24202419202326,0.17723005627381,51.1589943199894,288.658681239438,0.000358521065336913
"R",2019,182,2019-07-01,"Nauplii",1144.53243243243,0.156980666666667,0.291694746897732,0.143749885772727,16191.8217022767,112638.849173602,0.0328561606005456
"L",2019,183,2019-07-02,"Cyclopoid",46.0316248636859,0.431426,0.264092925702456,0.221882997777778,651.214278720659,2934.94447633553,0.000775098073529712
"L",2019,183,2019-07-02,"Calanoid",1.77044711014177,0.758308571428571,0.701061520301631,0.119340016222222,25.0467030277176,209.876819365253,0.000147136562060275
"L",2019,183,2019-07-02,"Mesocyclops edax",1.77044711014177,1.01638666666667,2.40433445229577,0.169252581333333,25.0467030277176,147.984171528762,0.000355803442001049
"L",2019,183,2019-07-02,"Holopedium gibberum",99.1450381679389,0.267056,0.109033319316212,0.181128487363636,1402.61536955219,7743.75908487702,0.00084432775700921
"L",2019,183,2019-07-02,"Daphnia",30.09760087241,1.37921307692308,5.97441624003575,0.1437983365,425.7939514712,2961.04921541425,0.017690540520116
"L",2019,183,2019-07-02,"Nauplii",408.973282442748,0.185171333333333,0.313978733789704,0.184969965304348,5785.78839940277,31279.6101241782,0.00982113238022507
"R",2019,189,2019-07-08,"Cyclopoid",667.917391304348,0.475683333333333,0.361638449526279,0.247252532666667,9449.09816916717,38216.3857625918,0.0138205144936819
"R",2019,189,2019-07-08,"Calanoid",37.545652173913,0.814761428571429,0.815273862547483,0.168478539375,531.162323118865,3152.70019012096,0.0025703140614541
"R",2019,189,2019-07-08,"Mesocyclops edax",90.9,1.19730181818182,3.62456364680676,0.231808059111111,1285.97194018251,5547.57218154403,0.020107528457261
"R",2019,189,2019-07-08,"Holopedium gibberum",73.1152173913044,0.248154666666667,0.095519761345857,0.157585475384615,1034.36873449463,6563.85832495078,0.000626978180707315
"R",2019,189,2019-07-08,"Daphnia",152.158695652174,1.139952,3.54682793729311,0.17723005627381,2152.60520421856,12145.8247516037,0.0430791505504541
"R",2019,189,2019-07-08,"Nauplii",1156.01086956522,0.153767333333333,0.288757028617627,0.143749885772727,16354.2083697124,113768.496453409,0.0328514529861814
"L",2019,190,2019-07-09,"Cyclopoid",207.3,0.398790666666667,0.227770046091301,0.221882997777778,2932.69508470666,13217.3042282574,0.00301050599327294
"L",2019,190,2019-07-09,"Calanoid",37.3513513513514,0.848174,0.95367621517143,0.119340016222222,528.413528775974,4427.79836557103,0.00422268598682002
"L",2019,190,2019-07-09,"Mesocyclops edax",42.9540540540541,1.124257,3.13995802382888,0.169252581333333,607.675558092371,3590.34735721749,0.0112735399926279
"L",2019,190,2019-07-09,"Holopedium gibberum",343.632432432432,0.294917333333333,0.135891139704333,0.181128487363636,4861.40446473896,26839.5354894073,0.00364725506679046
"L",2019,190,2019-07-09,"Daphnia",108.318918918919,1.15481933333333,3.86057070694433,0.1437983365,1532.39923345033,10656.58526203,0.0411405008986476
"L",2019,190,2019-07-09,"Nauplii",707.808108108108,0.181296,0.31211148202262,0.184969965304348,10013.4363703047,54135.4719606975,0.0168963023836473
"R",2019,196,2019-07-15,"Cyclopoid",1027.64002145923,0.456832666666667,0.29887058462663,0.247252532666667,14538.1323674931,58798.7197166254,0.0175732077370052
"R",2019,196,2019-07-15,"Calanoid",32.1807939914163,0.806224666666667,0.795467480416365,0.168478539375,455.265105453855,2702.21422350134,0.00214952353991387
"R",2019,196,2019-07-15,"Mesocyclops edax",81.524678111588,1.02677666666667,2.1764529721284,0.231808059111111,1153.33826714977,4975.40194060701,0.0108287283411675
"R",2019,196,2019-07-15,"Holopedium gibberum",90.1062231759657,0.219595333333333,0.0752075954317293,0.157585475384615,1274.74229527079,8089.21185254899,0.000608370172368054
"R",2019,196,2019-07-15,"Daphnia",154.467811158798,1.24808066666667,4.32681954398023,0.17723005627381,2185.2725061785,12330.1462072685,0.0533503175897432
"R",2019,196,2019-07-15,"Nauplii",1119.89163090129,0.153878,0.288167396250867,0.143749885772727,15843.2256697942,110213.831368484,0.0317600328162882
"L",2019,197,2019-07-16,"Cyclopoid",226.419006479482,0.417706,0.260880650192707,0.221882997777778,3203.17369699248,14436.3188215104,0.00376615624054484
"L",2019,197,2019-07-16,"Calanoid",19.5939524838013,0.893568,1.16657977276848,0.119340016222222,277.197723778195,2322.75587479415,0.00270968002061401
"L",2019,197,2019-07-16,"Mesocyclops edax",28.3023758099352,1.255674,4.33947377457325,0.169252581333333,400.39671212406,2365.67566042318,0.0102657874875526
"L",2019,197,2019-07-16,"Holopedium gibberum",156.75161987041,0.298621333333333,0.149641918375778,0.181128487363636,2217.58179022556,12243.1419955135,0.00183208725515569
"L",2019,197,2019-07-16,"Daphnia",97.9697624190065,1.059534,3.12980555515057,0.1437983365,1385.98861889098,9638.41900139767,0.0301663773334432
"L",2019,197,2019-07-16,"Nauplii",888.259179265659,0.170436666666667,0.303069492878807,0.184969965304348,12566.2968112782,67936.9582548264,0.0205896194860189
"R",2019,203,2019-07-22,"Cyclopoid",658.408096280088,0.409853333333333,0.226806133944476,0.247252532666667,9314.56916397338,37672.2902027087,0.00854430649771073
"R",2019,203,2019-07-22,"Calanoid",15.3118161925602,0.781721333333333,0.721149051603257,0.168478539375,216.617887534265,1285.72985222834,0.00092720286355246
"R",2019,203,2019-07-22,"Mesocyclops edax",34.0262582056893,1.07772,2.67474719090608,0.231808059111111,481.373083409477,2076.60201830491,0.00555438541509095
"R",2019,203,2019-07-22,"Holopedium gibberum",17.0131291028446,0.175624166666667,0.0438575809738503,0.157585475384615,240.686541704738,1527.3396302375,6.69854215077118e-05
"R",2019,203,2019-07-22,"Daphnia",197.352297592998,1.452002,5.70766862250027,0.17723005627381,2791.96388377497,15753.3318133215,0.0899147976907302
"R",2019,203,2019-07-22,"Nauplii",1056.51531728665,0.139842666666667,0.276089311023751,0.143749885772727,14946.6342398643,103976.668638856,0.0287068468070466
"L",2019,204,2019-07-23,"Cyclopoid",265.066666666666,0.456335333333333,0.317447477954272,0.221882997777778,3749.92624434593,16900.4668311791,0.00536501057180765
"L",2019,204,2019-07-23,"Calanoid",20.5333333333333,0.809205,0.783940786063378,0.119340016222222,290.487244280318,2434.11433545815,0.0019082015055072
"L",2019,204,2019-07-23,"Mesocyclops edax",69.0666666666666,1.21121133333333,3.9499605655699,0.169252581333333,977.093458033798,5772.98999126914,0.0228030828109428
"L",2019,204,2019-07-23,"Holopedium gibberum",259.466666666667,0.317109333333333,0.178543976481678,0.181128487363636,3670.7024504513,20265.7378962258,0.00361832543032759
"L",2019,204,2019-07-23,"Daphnia",134.4,1.23593933333333,4.41824112527168,0.1437983365,1901.37105347118,13222.4829559915,0.0584201179743654
"L",2019,204,2019-07-23,"Nauplii",912.799999999999,0.181827333333333,0.312230508173943,0.184969965304348,12913.4784048251,69813.9202414691,0.021798035794609
"R",2019,210,2019-07-29,"Cyclopoid",544.590958019376,0.453559333333333,0.298912303902687,0.247252532666667,7704.38603839418,31159.9883540155,0.00931410390847965
"R",2019,210,2019-07-29,"Calanoid",18.4607104413348,0.747706,0.653366137920935,0.168478539375,261.165628420142,1550.14181265448,0.00101281016936381
"R",2019,210,2019-07-29,"Mesocyclops edax",35.0753498385361,1.11453583333333,3.08209593900215,0.231808059111111,496.214693998269,2140.62744798886,0.006597619164363
"R",2019,210,2019-07-29,"Holopedium gibberum",9.23035522066738,0.24827,0.155813617426902,0.157585475384615,130.582814210071,828.647525359558,0.000129114568498123
"R",2019,210,2019-07-29,"Daphnia",94.1496232508073,1.35025333333333,4.62107790055668,0.17723005627381,1331.94470494272,7515.34323774601,0.0347289865510461
"R",2019,210,2019-07-29,"Nauplii",1375.32292787944,0.18217,0.312218401671478,0.143749885772727,19456.8393173005,135352.033239612,0.0422593954810564
"L",2019,211,2019-07-30,"Cyclopoid",223.5625,0.40723,0.234700811187854,0.221882997777778,3162.76239688727,14254.1899494925,0.00334546994397166
"L",2019,211,2019-07-30,"Calanoid",15.4181034482759,0.776096923076923,0.726110395660704,0.119340016222222,218.121544612915,1827.73181634862,0.00132713507233055
"L",2019,211,2019-07-30,"Mesocyclops edax",34.6907327586207,1.18019733333333,3.6247141326914,0.169252581333333,490.77347537906,2899.65134660198,0.0105104072159058
"L",2019,211,2019-07-30,"Holopedium gibberum",134.908405172414,0.332751333333333,0.220481557183745,0.181128487363636,1908.56351536301,10537.0698068678,0.00232322955917205
"L",2019,211,2019-07-30,"Daphnia",88.6540948275862,1.37193133333333,6.00188973401471,0.1437983365,1254.19888152426,8721.92900176049,0.0523480561364715
"L",2019,211,2019-07-30,"Nauplii",722.723599137931,0.153966,0.289600571749528,0.184969965304348,10224.4474037304,55276.2573475493,0.0160080357320243
"R",2019,217,2019-08-05,"Cyclopoid",303.197198275862,0.428495333333333,0.254064419354692,0.247252532666667,4289.36291886373,17348.1050835035,0.00440753624494451
"R",2019,217,2019-08-05,"Calanoid",13.8717672413793,0.88341,0.948513555059085,0.168478539375,196.245362300955,1164.80925718469,0.00110483736949798
"R",2019,217,2019-08-05,"Mesocyclops edax",33.6885775862069,1.08803066666667,2.72309733668591,0.231808059111111,476.595879873748,2055.9935737407,0.00559867062489664
"R",2019,217,2019-08-05,"Holopedium gibberum",0,NA,NA,0.157585475384615,0,0,NA
"R",2019,217,2019-08-05,"Daphnia",144.662715517241,1.07751733333333,2.90043741120171,0.17723005627381,2046.55877828139,11547.470114886,0.0334927143259491
"R",2019,217,2019-08-05,"Nauplii",834.287715517242,0.163557333333333,0.296387991894468,0.143749885772727,11802.7567898146,82106.1994336128,0.0243352915722152
"L",2019,218,2019-08-06,"Cyclopoid",381.813778256189,0.426248666666667,0.24454622589601,0.221882997777778,5401.56001333914,24344.1816968281,0.00595327775648604
"L",2019,218,2019-08-06,"Calanoid",13.8213132400431,0.769916923076923,0.693057025945733,0.119340016222222,195.531584193272,1638.44107268407,0.00113553309702176
"L",2019,218,2019-08-06,"Mesocyclops edax",62.1959095801937,1.27100333333333,4.35068572290736,0.169252581333333,879.892128869725,5198.69252178098,0.0226178773322978
"L",2019,218,2019-08-06,"Holopedium gibberum",38.0086114101184,0.288642,0.144190006861449,0.181128487363636,537.711856531498,2968.67634880636,0.000428053463103812
"L",2019,218,2019-08-06,"Daphnia",148.579117330463,1.210892,4.17678954755366,0.1437983365,2101.96453007768,14617.4467746897,0.0610539989004461
"L",2019,218,2019-08-06,"Nauplii",834.461786867599,0.16268,0.296394247926818,0.184969965304348,11805.2193956688,63822.3582744615,0.0189165798816749
"R",2019,224,2019-08-12,"Cyclopoid",433.26400862069,0.400600666666667,0.224865693683652,0.247252532666667,6129.4318787371,24790.1682244868,0.00557445837433366
"R",2019,224,2019-08-12,"Calanoid",3.88577586206897,NA,NA,0.168478539375,54.9724832173731,326.287748109064,NA
"R",2019,224,2019-08-12,"Mesocyclops edax",11.6573275862069,0.921301666666667,1.28569116339811,0.231808059111111,164.917449652119,711.439672479508,0.000914691700197751
"R",2019,224,2019-08-12,"Holopedium gibberum",0,0.42254,0.416048854213015,0.157585475384615,0,0,0
"R",2019,224,2019-08-12,"Daphnia",122.401939655172,1.16125533333333,3.37050064026276,0.17723005627381,1731.63322134725,9770.53925137834,0.0329316088024831
"R",2019,224,2019-08-12,"Nauplii",748.011853448276,0.155094666666667,0.28914021126145,0.143749885772727,10582.2030193443,73615.3838485486,0.0212851676380621
"L",2019,225,2019-08-13,"Cyclopoid",402.06552094522,0.452091333333333,0.294686180882429,0.221882997777778,5688.06356491109,25635.4187651992,0.0075544036512383
"L",2019,225,2019-08-13,"Calanoid",14.1697099892589,0.777161428571429,0.713585391423804,0.119340016222222,200.460389952814,1679.74160133796,0.0011986390680816
"L",2019,225,2019-08-13,"Mesocyclops edax",31.8818474758324,1.196606,3.48149688406446,0.169252581333333,451.035877393831,2664.86852868461,0.0092777314790569
"L",2019,225,2019-08-13,"Holopedium gibberum",17.7121374865736,0.335676153846154,0.214644279452706,0.181128487363636,250.575487441017,1383.41290808639,0.000296941666841776
"L",2019,225,2019-08-13,"Daphnia",533.135338345865,1.18793,3.34101401166333,0.1437983365,7542.32217197462,52450.6914026409,0.175238494897653
"L",2019,225,2019-08-13,"Nauplii",798.817400644469,0.153641333333333,0.287692115361377,0.184969965304348,11300.9544835899,61096.1593953666,0.0175768833369089
"R",2019,231,2019-08-19,"Cyclopoid",923.778825995807,0.398971333333333,0.225597920103761,0.247252532666667,13068.7970205209,52856.0693780217,0.0119242193165418
"R",2019,231,2019-08-19,"Calanoid",0,NA,NA,0.168478539375,0,0,NA
"R",2019,231,2019-08-19,"Mesocyclops edax",42.9664570230608,1.216684,4.14325907984679,0.231808059111111,607.851024210276,2622.21696062309,0.0108645242314299
"R",2019,231,2019-08-19,"Holopedium gibberum",0,NA,NA,0.157585475384615,0,0,NA
"R",2019,231,2019-08-19,"Daphnia",721.836477987421,1.54721266666667,6.65135627499028,0.17723005627381,10211.8972067326,57619.4434591606,0.383247446813536
"R",2019,231,2019-08-19,"Nauplii",1579.01729559748,0.139749333333333,0.276552812818992,0.143749885772727,22338.5251397276,155398.559238131,0.0429759086653238
"L",2019,232,2019-08-20,"Cyclopoid",566.887486855941,0.411504,0.231443374149907,0.221882997777778,8019.81739645021,36144.3530003244,0.00836537101486039
"L",2019,232,2019-08-20,"Calanoid",6.01472134595163,0.838888,0.841635198568808,0.119340016222222,85.0909007580924,713.012310972419,0.000600096257927276
"L",2019,232,2019-08-20,"Mesocyclops edax",18.0441640378549,1.00986133333333,1.90434764144276,0.169252581333333,255.272702274277,1508.23520836904,0.0028722041617985
"L",2019,232,2019-08-20,"Holopedium gibberum",21.0515247108307,0.341804,0.239363137338071,0.181128487363636,297.818152653324,1644.23695569996,0.000393569716243541
"L",2019,232,2019-08-20,"Daphnia",69.1692954784438,1.43167866666667,5.65587019418568,0.1437983365,978.545358718063,6804.98385819688,0.0384881053754904
"L",2019,232,2019-08-20,"Nauplii",718.75920084122,0.176464,0.307160431709328,0.184969965304348,10168.362640592,54973.0472396484,0.0168855449225077
"R",2019,238,2019-08-26,"Cyclopoid",646.964285714286,0.416082,0.241913351315382,0.247252532666667,9152.67236225296,37017.507014143,0.00895502917913199
"R",2019,238,2019-08-26,"Calanoid",0,0.86116,0.886287961863644,0.168478539375,0,0,0
"R",2019,238,2019-08-26,"Mesocyclops edax",26.2536231884058,1.23281066666667,4.45766897374997,0.231808059111111,371.412791511714,1602.24279059119,0.00714226797603292
"R",2019,238,2019-08-26,"Holopedium gibberum",1.87525879917184,NA,NA,0.157585475384615,26.5294851079796,168.34981170206,NA
"R",2019,238,2019-08-26,"Daphnia",116.266045548654,1.355394,4.66067861189435,0.17723005627381,1644.82807669474,9280.75130864695,0.0432545991265214
"R",2019,238,2019-08-26,"Nauplii",1252.67287784679,0.147209333333333,0.283056951430556,0.143749885772727,17721.6960521304,123281.461803378,0.0348956747459667
"L",2019,239,2019-08-27,"Cyclopoid",824.449178644764,0.435994,0.258595183157409,0.221882997777778,11663.5699652771,52566.3078383251,0.0135933940033604
"L",2019,239,2019-08-27,"Calanoid",5.90297741273101,0.839366,0.838299456087783,0.119340016222222,83.5100474840842,699.765679003938,0.000586613188097899
"L",2019,239,2019-08-27,"Mesocyclops edax",104.285934291581,1.06003933333333,2.20792695271572,0.169252581333333,1475.34417221882,8716.81932763682,0.0192461003354426
"L",2019,239,2019-08-27,"Holopedium gibberum",5.90297741273101,0.38183,0.309073408415951,0.181128487363636,83.5100474840842,461.05418700057,0.000142499589040711
"L",2019,239,2019-08-27,"Daphnia",196.7659137577,1.420456,5.68436017801003,0.1437983365,2783.66824946947,19358.139441825,0.110038636963475
"L",2019,239,2019-08-27,"Nauplii",932.670431211499,0.179752666666667,0.309549609166802,0.184969965304348,13194.5875024853,71333.6756093079,0.0220813114052927
"L",2019,245,2019-09-02,"Cyclopoid",510.628323108385,0.501698666666667,0.411017048222472,0.221882997777778,7223.91304048221,32557.3077380051,0.0133816085245455
"L",2019,245,2019-09-02,"Calanoid",4.8021472392638,0.93085,1.05947992127182,0.119340016222222,67.9364862741274,569.268284224325,0.000603128316952529
"L",2019,245,2019-09-02,"Mesocyclops edax",86.4386503067485,0.971203333333333,1.65415486658914,0.169252581333333,1222.85675293429,7225.0404886053,0.0119513358855301
"L",2019,245,2019-09-02,"Holopedium gibberum",4.8021472392638,0.2803775,0.171200965538795,0.181128487363636,67.9364862741274,375.073447931673,6.42129364338675e-05
"L",2019,245,2019-09-02,"Daphnia",84.8379345603272,1.15345,3.38951438798791,0.1437983365,1200.21125750958,8346.48916477267,0.0282905451131822
"L",2019,245,2019-09-02,"Nauplii",713.919222903886,0.157564666666667,0.290414244344514,0.184969965304348,10099.8909594203,54602.8699459504,0.015857451214395
"R",2019,245,2019-09-02,"Cyclopoid",717.20412371134,0.344894666666667,0.152936430298429,0.247252532666667,10146.3627995156,41036.4362705819,0.00627596607539177
"R",2019,245,2019-09-02,"Calanoid",0,NA,NA,0.168478539375,0,0,NA
"R",2019,245,2019-09-02,"Mesocyclops edax",19.5278350515464,1.17456714285714,3.92703003522976,0.231808059111111,276.262353452159,1191.7719966748,0.00468012442608768
"R",2019,245,2019-09-02,"Holopedium gibberum",0,NA,NA,0.157585475384615,0,0,NA
"R",2019,245,2019-09-02,"Daphnia",239.659793814433,1.552824,6.92706037794861,0.17723005627381,3390.49251964013,19130.4600975921,0.132517852153957
"R",2019,245,2019-09-02,"Nauplii",862.775257731959,0.146227333333333,0.282380203475246,0.143749885772727,12205.7730707045,84909.7931806511,0.0239768446753933
