"slopeLength","daysAfter","numSlopes","orientation","all.all.other.days","all.during.heatwave","all.after.heatwave","R.all.other.days","R.during.heatwave","R.after.heatwave","L.all.other.days","L.during.heatwave","L.after.heatwave","T.all.other.days","T.during.heatwave","T.after.heatwave"
5,-9,5,"start",10.9353640019422,12.8700178479633,12.8700178479633,12.4258937297805,19.8045208542102,19.8045208542102,6.6461067017935,19.1119063069948,19.1119063069948,17.0209375811575,-9.24454893799304,-9.24454893799304
5,-9,6,"start",10.709159761246,15.4466632234026,15.4466632234026,12.3386304619542,19.6689626035685,19.6689626035685,6.62156068157586,17.4103306568982,17.4103306568982,16.0436128545796,4.63480032359561,4.63480032359561
5,-9,7,"start",10.6750622884202,15.1395785513889,15.1395785513889,12.4575387132917,17.3607452960452,17.3607452960452,6.78824318743193,13.7040369030404,13.7040369030404,15.2191222286925,13.0176015257639,13.0176015257639
5,-9,8,"start",10.8408854270341,13.0290480316874,13.0290480316874,12.5626151132219,15.7859318414865,15.7859318414865,7.119547892133,9.11557038286285,9.11557038286285,15.1933314211082,13.4744018837025,13.4744018837025
5,-8,5,"start",10.827414023674,14.5518231504172,14.5518231504172,12.4990514148697,18.6890813262626,18.6890813262626,6.89785781107406,14.4332087683654,14.4332087683654,15.6597395776651,6.90833403678423,6.90833403678423
5,-8,6,"start",10.7952977838175,14.3426977118988,14.3426977118988,12.6185114378465,16.1594746803697,16.1594746803697,7.065732777271,10.6053863702868,10.6053863702868,14.8428023920461,16.3093464871158,16.3093464871158
5,-8,7,"start",10.9605202744296,12.0445029521671,12.0445029521671,12.7243407993605,14.5312979631134,14.5312979631134,7.39644560676632,5.80408899476295,5.80408899476295,14.8108977060479,16.3611547588525,16.3611547588525
5,-8,8,"start",11.2882033920875,8.84117695501752,8.84117695501752,12.993967519262,11.8371543008985,11.8371543008985,7.73510213710783,2.19650391771307,2.19650391771307,15.291949010902,12.7799696889043,12.7799696889043
5,-7,5,"start",10.7432802166825,15.8625847178029,15.8625847178029,12.7452741120936,14.9349093780011,14.9349093780011,7.17105016548647,9.35603393559324,9.35603393559324,13.9655083316489,27.0132114895093,27.0132114895093
5,-7,6,"start",10.9056776448564,12.9280429971319,12.9280429971319,12.8513817115407,13.2394640915968,13.2394640915968,7.49931099436535,3.9627457365977,3.9627457365977,13.9191112563754,25.2896769728032,25.2896769728032
5,-7,7,"start",11.2283207273312,9.14087899396596,9.14087899396596,13.119087703446,10.3449904592822,10.3449904592822,7.83537422110648,0.102840399707166,0.102840399707166,14.3762177166738,19.921390862298,19.921390862298
5,-7,8,"start",11.3877358793085,7.90933594484959,7.90933594484959,13.3707262710867,8.3881495507393,8.3881495507393,7.80516353748252,1.4089868308091,1.4089868308091,14.7786708493887,16.3943034095609,16.3943034095609
5,-6,5,"start",10.8540194163807,14.1373247758386,14.1373247758386,12.9248071669125,12.19755833041,12.19755833041,7.60679399369646,1.2579024820906,1.2579024820906,13.1740707008627,36.4049380415062,36.4049380415062
5,-6,6,"start",11.1717949593,9.51741980902717,9.51741980902717,13.1899308530155,8.99432338624076,8.99432338624076,7.94037057361221,-2.79451320186384,-2.79451320186384,13.6105689266043,28.2893940677996,28.2893940677996
5,-6,7,"start",11.3283649437501,8.05615049359972,8.05615049359972,13.4391339831703,6.95088621548337,6.95088621548337,7.91164693860897,-0.887866766094339,-0.887866766094339,13.992648188573,23.0630079495998,23.0630079495998
5,-6,8,"start",11.5342610627114,6.58512868971775,6.58512868971775,13.6608002358025,5.84759313986145,5.84759313986145,7.98494665890306,-0.529970398833963,-0.529970398833963,14.4973991918948,18.3749246644136,18.3749246644136
5,-5,5,"start",11.1776566063734,9.09522332354282,9.09522332354282,13.246181483653,7.29754521869528,7.29754521869528,8.01951440877727,-6.41234769356516,-6.41234769356516,13.3016782051404,34.8906623240775,34.8906623240775
5,-5,6,"start",11.3322667291503,7.46077520312485,7.46077520312485,13.4928199597876,5.19633154740258,5.19633154740258,7.9919642274244,-3.58495443655052,-3.58495443655052,13.671912267393,27.693000476798,27.693000476798
5,-5,7,"start",11.5355026946951,5.87249221028834,5.87249221028834,13.7123050277064,4.21353893796216,4.21353893796216,8.06540920231595,-2.76605937189046,-2.76605937189046,14.1622652429619,21.6737635041283,21.6737635041283
5,-5,8,"start",11.7481821398279,4.71510857792012,4.71510857792012,13.7419399416554,5.23996484863646,5.23996484863646,8.45197734014821,-5.33132218103199,-5.33132218103199,14.4421173657824,18.7642008566221,18.7642008566221
5,-4,5,"start",11.4329588740142,5.11774491793766,5.11774491793766,13.5289175054101,2.98665246343487,2.98665246343487,8.05263653386474,-7.02790964903691,-7.02790964903691,13.9930094369572,26.6868650398506,26.6868650398506
5,-4,6,"start",11.6349608166712,3.68331945783211,3.68331945783211,13.7460177708325,2.24690243317618,2.24690243317618,8.12599325717889,-5.46411573861241,-5.46411573861241,14.4804608844232,19.8321111445605,19.8321111445605
5,-4,7,"start",11.846312910519,2.70809112598245,2.70809112598245,13.7757613879471,3.7189814663903,3.7189814663903,8.50911823634051,-7.9260050177675,-7.9260050177675,14.7609817895455,16.7699898844917,16.7699898844917
5,-4,8,"start",11.9145737079681,3.33448915532853,3.33448915532853,13.5522852075548,7.01451531157081,7.01451531157081,8.83547606842126,-8.97344491697557,-8.97344491697557,14.969380234922,15.0513914864306,15.0513914864306
5,-3,5,"start",11.8494920331698,-1.17130809301595,-1.17130809301595,13.8149262799917,-1.02496620581378,-1.02496620581378,8.13435611462717,-8.29389431263299,-8.29389431263299,15.4841308689251,8.99222404716483,8.99222404716483
5,-3,6,"start",12.0612442078821,-1.42104176662108,-1.42104176662108,13.8453001874459,1.26966799443288,1.26966799443288,8.5134115564169,-10.5939311947721,-10.5939311947721,15.7770486154082,7.22639709331711,7.22639709331711
5,-3,7,"start",12.1318106741414,-0.0739746099356477,-0.0739746099356477,13.6259007047106,5.38569009029547,5.38569009029547,8.83621708322459,-11.344737419058,-11.344737419058,15.9995342999792,6.62565503712947,6.62565503712947
5,-3,8,"start",12.0951215778946,1.93777596620769,1.93777596620769,13.56494572754,7.04185949768308,7.04185949768308,8.71764981856647,-7.30688889471343,-7.30688889471343,16.2409459259174,6.23640174814025,6.23640174814025
5,-2,5,"start",12.0771508831777,-4.24865939790774,-4.24865939790774,13.7093283619651,0.841464075780848,0.841464075780848,8.32934778291623,-10.9820858682598,-10.9820858682598,16.5782400781616,-3.99120523577419,-3.99120523577419
5,-2,6,"start",12.1470300760039,-2.18519226192132,-2.18519226192132,13.4908293713919,5.68071070945874,5.68071070945874,8.64614195263259,-11.7746568706624,-11.7746568706624,16.8106464332157,-2.82247057981122,-2.82247057981122
5,-2,7,"start",12.111065798546,0.425787954020419,0.425787954020419,13.4285454300916,7.51074314452075,7.51074314452075,8.52629497155048,-7.14897921718762,-7.14897921718762,17.0635889653654,-1.79019298491757,-1.79019298491757
5,-2,8,"start",11.6186546910644,6.21505204222085,6.21505204222085,13.0279955364013,11.6474597974366,11.6474597974366,8.02329346267395,-0.0355251036741452,-0.0355251036741452,16.407803835062,5.23290580300172,5.23290580300172
5,-1,5,"start",11.9679305283653,-2.26779100986473,-2.26779100986473,13.3758014186005,5.85229358690946,5.85229358690946,8.30355420596884,-9.74719160621338,-9.74719160621338,16.8083097695538,-6.72136557362804,-6.72136557362804
5,-1,6,"start",11.929671530407,0.759046571538125,0.759046571538125,13.3125397355256,7.93168542599886,7.93168542599886,8.18039634455546,-4.80680525655693,-4.80680525655693,17.0568632760813,-4.81127982796691,-4.81127982796691
5,-1,7,"start",11.440963081247,7.24981533651857,7.24981533651857,12.9155812292765,12.54096190693,12.54096190693,7.67825423823109,2.83549616566409,2.83549616566409,16.412429914805,3.64903061413341,3.64903061413341
5,-1,8,"start",10.9119263191175,12.2212659969971,12.2212659969971,12.4805315913121,16.1343621794014,16.1343621794014,7.1235701910156,8.81078646233518,8.81078646233518,15.750398801066,9.79966627188204,9.79966627188204
5,0,5,"start",11.599996485456,3.36046476812485,3.36046476812485,13.043942495283,10.636048457172,10.636048457172,7.84143069884554,-1.64350895327654,-1.64350895327654,16.5613535168106,-3.34837952894744,-3.34837952894744
5,0,6,"start",11.1125984593948,10.3626310227269,10.3626310227269,12.6480702951123,15.4582235306678,15.4582235306678,7.34022293858788,6.53436584956411,6.53436584956411,15.918535456985,6.21039146652267,6.21039146652267
5,0,7,"start",10.5854508500738,15.4992186675477,15.4992186675477,12.2146610943268,19.0720907595366,19.0720907595366,6.78708468195517,12.682523986556,12.682523986556,15.2584913519117,12.811665190875,12.811665190875
5,0,8,"start",10.0247636877029,19.4333424863135,19.4333424863135,11.8385962602737,21.1778242535556,21.1778242535556,6.40786529035175,15.4611847302171,15.4611847302171,13.8694169489544,22.3270952737421,22.3270952737421
5,1,5,"start",10.9594471839129,12.3080803941052,12.3080803941052,12.410311166786,19.0979691572182,19.0979691572182,7.37516290162483,5.86475818307101,5.86475818307101,15.5089027540729,8.98807874386516,8.98807874386516
5,1,6,"start",10.4368573479785,17.858236124988,17.858236124988,11.9789690339173,22.6147494660849,22.6147494660849,6.82859787378331,12.9771692822414,12.9771692822414,14.8523913499891,16.1443452883183,16.1443452883183
5,1,7,"start",9.8813197225162,21.935404612192,21.935404612192,11.6042540881044,24.4646019036613,24.4646019036613,6.45418851069244,16.0413597071446,16.0413597071446,13.4798026298587,26.4405525319522,26.4405525319522
5,1,8,"start",9.56257748613834,23.0136286190094,23.0136286190094,11.4366165252295,24.2146621987008,24.2146621987008,6.30251523369645,16.2838665395015,16.2838665395015,12.4447560576854,31.5053042229915,31.5053042229915
5,2,5,"start",10.2495073126919,21.7301806592407,21.7301806592407,11.7858372973732,27.2052376925875,27.2052376925875,6.76954390362744,14.933811608671,14.933811608671,14.3558820333471,21.8792209671074,21.8792209671074
5,2,6,"start",9.69893911601931,25.7820977783821,25.7820977783821,11.4137010920508,28.5748988740952,28.5748988740952,6.39878523515066,18.1187560828009,18.1187560828009,12.9974741295598,32.7843438728932,32.7843438728932
5,2,7,"start",9.38203521602883,26.4680145351171,26.4680145351171,11.2457135346177,27.7202548126932,27.7202548126932,6.24822415845141,18.1111201225286,18.1111201225286,11.9712184265579,37.5865198552553,37.5865198552553
5,2,8,"start",8.70447935703983,29.6127646378755,29.6127646378755,10.5766556261271,30.7094475674053,30.7094475674053,5.69839333854954,21.4539877584531,21.4539877584531,10.9998915364774,40.9250703222957,40.9250703222957
5,3,5,"start",9.5196624350842,31.2487004422152,31.2487004422152,11.4190806135537,31.7987999982581,31.7987999982581,6.04364198527644,25.7588239660803,25.7588239660803,12.749546004561,39.1003384430836,39.1003384430836
5,3,6,"start",9.2048036541881,31.1612709492726,31.1612709492726,11.25370111194,30.2874410340956,30.2874410340956,5.89060368317743,24.5435754414548,24.5435754414548,11.7362845709381,43.5645421905195,43.5645421905195
5,3,7,"start",8.53461998956732,34.0482967669402,34.0482967669402,10.5950134445001,33.2973802038443,33.2973802038443,5.34311372894202,27.3876407716029,27.3876407716029,10.7779274211906,46.5537507926479,46.5537507926479
5,3,8,"start",8.14424062973776,33.8299219475272,33.8299219475272,10.092712861221,34.1508758928284,34.1508758928284,5.30643024831851,24.8078651290297,24.8078651290297,9.87207027456347,48.2778790687997,48.2778790687997
5,4,5,"start",9.17742395644981,35.7593435487782,35.7593435487782,11.5070600298418,30.6595109913761,30.6595109913761,5.60808143189835,32.5914123548681,32.5914123548681,11.5880128566878,50.8623432988124,50.8623432988124
5,4,6,"start",8.51677417805269,38.3224410893572,38.3224410893572,10.8625163774355,34.0809116204775,34.0809116204775,5.06395338165277,34.484350786624,34.484350786624,10.6436764164008,53.1943089762716,53.1943089762716
5,4,7,"start",8.13200730145615,37.4503604463175,37.4503604463175,10.372442626958,34.9327211984078,34.9327211984078,5.02368473705173,30.4716505375328,30.4716505375328,9.75140920182171,54.2677332940816,54.2677332940816
5,4,8,"start",8.01430727607204,34.6295752834221,34.6295752834221,10.0844732946548,33.9158617297483,33.9158617297483,5.00643540992855,27.2955010167145,27.2955010167145,9.83595103374059,48.5133577557229,48.5133577557229
5,5,5,"start",8.60756204324315,43.1186591281689,43.1186591281689,10.9644742527894,37.4185102858019,37.4185102858019,5.22973349813551,37.8962342805694,37.8962342805694,10.5142505600066,63.2780238637744,63.2780238637744
5,5,6,"start",8.23022374493114,41.2844844365641,41.2844844365641,10.4838787486548,37.8318621743668,37.8318621743668,5.19240920752581,32.6236863677408,32.6236863677408,9.63687363225715,62.9718069607321,62.9718069607321
5,5,7,"start",8.11597058346834,37.5040709608675,37.5040709608675,10.2024465795491,36.2430368615641,36.2430368615641,5.17787282710844,28.6808438517766,28.6808438517766,9.71775093596262,55.189365476352,55.189365476352
5,5,8,"start",8.08555861645896,34.006310809003,34.006310809003,9.91154164170042,35.0618701031432,35.0618701031432,5.30021544651639,24.5643111893091,24.5643111893091,9.98777447198641,48.0174395620957,48.0174395620957
5,6,5,"start",8.7642085865955,40.923351881334,40.923351881334,10.9157313678336,37.7743207482814,37.7743207482814,5.72496954014801,30.2050260970961,30.2050260970961,10.4004115684799,65.6366129847003,65.6366129847003
5,6,6,"start",8.66022367039167,36.5764193089362,36.5764193089362,10.6459731847365,35.9349369411488,35.9349369411488,5.71833623014873,26.0380177071067,26.0380177071067,10.4929039457274,56.0680720431356,56.0680720431356
5,6,7,"start",8.63908597136709,32.7166303319328,32.7166303319328,10.3672913143078,34.6338174775551,34.6338174775551,5.84692271479084,21.7394287129862,21.7394287129862,10.7712630406745,47.6896670645822,47.6896670645822
5,6,8,"start",8.56996109238118,30.1996244524478,30.1996244524478,10.1707750938981,32.9848125434719,32.9848125434719,5.87910680527637,19.414469249249,19.414469249249,10.7962985958344,43.0912196510385,43.0912196510385
5,7,5,"start",9.21160379869526,34.969933829307,34.969933829307,11.0998459099805,35.2023492895919,35.2023492895919,6.28165226253226,21.8210117200646,21.8210117200646,11.231360601771,57.4062154465159,57.4062154465159
5,7,6,"start",9.19956498298216,30.7430747969094,30.7430747969094,10.8331711656557,33.8147416260862,33.8147416260862,6.41664333729042,17.5518336135582,17.5518336135582,11.5171050102075,47.3166079605347,47.3166079605347
5,7,7,"start",9.14059218720783,28.1552222703161,28.1552222703161,10.6477412842003,32.0561567906085,32.0561567906085,6.45675336134097,15.5198893676699,15.5198893676699,11.5547129820487,42.062361436237,42.062361436237
5,7,8,"start",8.71942593962726,28.9919669488697,28.9919669488697,10.1997908312274,32.6327084583689,32.6327084583689,6.0612761410436,17.7512481573797,17.7512481573797,11.1554003202204,41.0770108705018,41.0770108705018
5,8,5,"start",9.75888846765872,27.7795906327986,27.7795906327986,11.2158482782977,33.5290140460092,33.5290140460092,6.78809658254972,14.3727213552656,14.3727213552656,12.8981899785087,39.0965371213759,39.0965371213759
5,8,6,"start",9.70973319131072,25.2642920111872,25.2642920111872,11.039761926671,31.5351758433707,31.5351758433707,6.83304287666386,12.556115113945,12.556115113945,12.9588011659918,34.2320755481592,34.2320755481592
5,8,7,"start",9.30443322325597,26.6358955160981,26.6358955160981,10.6057204078012,32.2667042921463,32.2667042921463,6.44857305886239,15.5232508519341,15.5232508519341,12.5917796114912,34.1938979095388,34.1938979095388
5,8,8,"start",8.80609322060925,28.2730903681251,28.2730903681251,9.9625987026454,34.2336453174053,34.2336453174053,6.32290273992002,15.4401834697933,15.4401834697933,11.6187410404335,38.2752465708092,38.2752465708092
5,9,5,"start",10.0179165592091,24.2450020159326,24.2450020159326,11.2091046896718,33.185952022688,33.185952022688,6.97482579459469,11.5844442557967,11.5844442557967,13.9415790571334,27.29717221376,27.29717221376
5,9,6,"start",9.62356807095296,26.0004962442231,26.0004962442231,10.7844679412255,33.7526609536943,33.7526609536943,6.59733920213211,15.1498686276913,15.1498686276913,13.5983960103762,28.4077418644616,28.4077418644616
5,9,7,"start",9.13794373564721,27.9474185712267,27.9474185712267,10.1542903289383,35.7615529285276,35.7615529285276,6.47549390851013,15.1096708848783,15.1096708848783,12.6617720387382,33.9635173672939,33.9635173672939
5,9,8,"start",8.93349572791496,27.1497128287236,27.1497128287236,10.0931652707311,33.0019825774204,33.0019825774204,6.47939330665498,13.9977986474596,13.9977986474596,11.662559431143,38.3369213130405,38.3369213130405
5,10,5,"start",10.2684090553149,21.0493573209324,21.0493573209324,11.4333268593644,30.4611187986135,30.4611187986135,7.12227298415659,9.52365294756691,9.52365294756691,14.4840917043201,20.8593554671449,20.8593554671449
5,10,6,"start",9.80078942011905,24.1459565229851,24.1459565229851,10.8245514519689,33.3534164617657,33.3534164617657,7.00981730990778,10.4144581943059,10.4144581943059,13.5787074983778,28.5991579533353,28.5991579533353
5,10,7,"start",9.6103781904631,23.7773588241588,23.7773588241588,10.7758729981425,30.5436412700378,30.5436412700378,7.02153057985098,9.81449173590911,9.81449173590911,12.6129160780018,34.3636709504685,34.3636709504685
5,10,8,"start",9.57577623350977,22.2694059019034,22.2694059019034,10.7110244703499,28.5408920468394,28.5408920468394,7.23966237998959,7.64172558583125,7.64172558583125,12.0986664507985,35.2660010496337,35.2660010496337
5,11,5,"start",10.1542609549407,22.505595639748,22.505595639748,11.3014234849053,32.0640588539456,32.0640588539456,7.02129200768293,10.9350105952223,10.9350105952223,14.3830769120709,22.0580643351686,22.0580643351686
5,11,6,"start",9.97251203973089,22.3489584716569,22.3489584716569,11.261539102969,29.0008807315665,29.0008807315665,7.03300181415315,10.1482909936066,10.1482909936066,13.4476311059932,29.8735117681851,29.8735117681851
5,11,7,"start",9.94433108239615,20.8296408965796,20.8296408965796,11.2060591386164,26.9324188391213,26.9324188391213,7.24808922120751,7.61744407098943,7.61744407098943,12.9569099320782,31.5461974789858,31.5461974789858
5,11,8,"start",10.1839108359401,17.6485533509897,17.6485533509897,11.448197926066,23.2183241790794,23.2183241790794,7.6405201474161,4.29043675080228,4.29043675080228,12.8629147265301,29.8844194413568,29.8844194413568
5,12,5,"start",10.0560974800248,23.7579109495265,23.7579109495265,11.5220121359481,29.3833815327014,29.3833815327014,7.02084490387627,10.941259528426,10.941259528426,13.3058595764786,34.8410433841972,34.8410433841972
5,12,6,"start",10.0296966042518,21.7505483656247,21.7505483656247,11.4718190344991,26.9064258579929,26.9064258579929,7.23263329009833,7.85644336290266,7.85644336290266,12.8211203964675,35.9645881107961,35.9645881107961
5,12,7,"start",10.2667804663049,17.9834615322298,17.9834615322298,11.714359801914,22.6654595295347,22.6654595295347,7.61905548444001,4.02000652670117,4.02000652670117,12.7263962200463,33.4342145489615,33.4342145489615
5,12,8,"start",10.4066629989353,15.9707905794562,15.9707905794562,11.9935487615563,19.3243973046351,19.3243973046351,7.83196315054249,2.68991693790004,2.68991693790004,12.3809320557413,33.2783807481613,33.2783807481613
5,13,5,"start",10.0287374109799,24.1069555750437,24.1069555750437,11.7286100946446,26.8727244346369,26.8727244346369,7.08562470488393,10.0358665449307,10.0358665449307,12.5144684043992,44.2322186262066,44.2322186262066
5,13,6,"start",10.2620300078348,19.3192864011799,19.3192864011799,11.971389313173,21.9305472886617,21.9305472886617,7.4643028144669,5.1967863723576,5.1967863723576,12.4161111797096,39.9021777181644,39.9021777181644
5,13,7,"start",10.3995741583229,16.8308731351378,16.8308731351378,12.2499933514167,18.2095942287934,18.2095942287934,7.67179434043654,3.50857257863396,3.50857257863396,12.0712606047762,38.8000872073638,38.8000872073638
5,13,8,"start",10.4459530012069,15.6853200208624,15.6853200208624,12.3583524362691,16.6984598574484,16.6984598574484,7.85516533708274,2.49593983425103,2.49593983425103,11.6730935544783,38.2627435278884,38.2627435278884
5,14,5,"start",10.302576049844,20.6134737056204,20.6134737056204,12.1324192365761,21.965481909832,21.965481909832,7.41024767226279,5.49878318909437,5.49878318909437,12.364759956766,46.0087588714537,46.0087588714537
5,14,6,"start",10.4385621186449,17.4969891246024,17.4969891246024,12.4089292570371,17.6138191965186,17.6138191965186,7.61394219280207,3.47886762696067,3.47886762696067,12.0249407992952,43.7052230833048,43.7052230833048
5,14,7,"start",10.4848080092094,16.0930802553229,16.0930802553229,12.5180190678851,15.966006748258,15.966006748258,7.79375964226215,2.32581662647636,2.32581662647636,11.6329106195464,42.3903823244842,42.3903823244842
5,14,8,"start",10.3836755578552,16.2238545840907,16.2238545840907,12.3593748790866,16.7438007228966,16.7438007228966,7.87784126226317,2.26509221678319,2.26509221678319,11.2640168067631,41.5641609618702,41.5641609618702
5,15,5,"start",10.8200066159942,14.0260234054978,14.0260234054978,12.8065195494298,13.782856555592,13.782856555592,7.97688143607156,-2.42075694508005,-2.42075694508005,12.3946427541043,45.6541496763718,45.6541496763718
5,15,6,"start",10.8714583616286,12.9566884870137,12.9566884870137,12.9201128764433,12.4738762960819,12.4738762960819,8.15935735734613,-2.78271235030495,-2.78271235030495,12.0156708395194,43.7953476922366,43.7953476922366
5,15,7,"start",10.7776727110881,13.5240301207021,13.5240301207021,12.7703308123034,13.8298811242783,13.8298811242783,8.2472659694695,-2.15950329674628,-2.15950329674628,11.6591215645984,42.6679051166299,42.6679051166299
5,15,8,"start",10.3976942289303,16.1778687538522,16.1778687538522,12.3204344384944,17.0909442338194,17.0909442338194,8.07863266721765,0.516479087763529,0.516479087763529,10.9823519957909,44.0451257181553,44.0451257181553
5,16,5,"start",11.321992436984,7.57644638326681,7.57644638326681,13.4935014757569,5.26842388724361,5.26842388724361,8.25536338445146,-6.31295170596609,-6.31295170596609,12.9473983599368,39.0947831538265,39.0947831538265
5,16,6,"start",11.236249022093,9.07862666639176,9.07862666639176,13.3548709658139,7.98000000363712,7.98000000363712,8.34330753414103,-5.02560024051558,-5.02560024051558,12.6111204987756,38.48540724099,38.48540724099
5,16,7,"start",10.8691661370645,12.7226934007751,12.7226934007751,12.9215504684297,12.5150352166714,12.5150352166714,8.17848342840563,-1.5688550215017,-1.5688550215017,11.960812160842,40.6143486362669,40.6143486362669
5,16,8,"start",10.3212072504009,16.8483516639562,16.8483516639562,12.2012197262935,18.060332878744,18.060332878744,7.80576694637473,2.79846982597009,2.79846982597009,11.4429851200576,41.1196167376678,41.1196167376678
5,17,5,"start",11.3978627403447,6.51576264741334,6.51576264741334,13.3602869831819,6.79381393990741,6.79381393990741,8.31287317978744,-7.30042148864355,-7.30042148864355,13.5588899490755,32.2538600766606,32.2538600766606
5,17,6,"start",11.0389535417333,11.1946613278705,11.1946613278705,12.9342643722172,12.3102931086466,12.3102931086466,8.15002269734944,-2.89205818269684,-2.89205818269684,12.93407483817,35.7099716617861,35.7099716617861
5,17,7,"start",10.5023225940944,16.144482503764,16.144482503764,12.2263076314956,18.7213558855105,18.7213558855105,7.7823890230088,2.29781643189687,2.29781643189687,12.4402295792462,36.9449469083279,36.9449469083279
5,17,8,"start",10.0189088449066,19.3489563942642,19.3489563942642,11.7095562405807,21.9402231909702,21.9402231909702,7.36063349189156,6.60824235964353,6.60824235964353,11.908205151914,38.0600460808877,38.0600460808877
5,18,5,"start",11.0494970089893,11.0862325120593,11.0862325120593,12.9602667476906,11.8412179380215,11.8412179380215,7.92548469503425,-1.93440941409096,-1.93440941409096,13.4151086668091,34.4808772260177,34.4808772260177
5,18,6,"start",10.5215254285109,16.92151650268,16.92151650268,12.2644724271504,19.4687616179026,19.4687616179026,7.56011436347619,3.991884272729,3.991884272729,12.9369696161418,36.1265884079522,36.1265884079522
5,18,7,"start",10.0461699161786,20.5028322288719,20.5028322288719,11.7570272342473,23.0773771313856,23.0773771313856,7.1414792550502,8.70380720324418,8.70380720324418,12.4217954583119,37.52275131875,37.52275131875
5,18,8,"start",9.713850051678,21.9353531623507,21.9353531623507,11.508059367733,23.6536526982722,23.6536526982722,6.81720738984546,11.3398470726542,11.3398470726542,11.8819350275478,38.6511228660294,38.6511228660294
5,19,5,"start",10.2852679616641,21.5025439715872,21.5025439715872,12.0184124363126,24.2855770946186,24.2855770946186,7.18102251585425,8.75820718705858,8.75820718705858,13.0260478881275,39.9568631000947,39.9568631000947
5,19,6,"start",9.8140157292258,24.9752902203853,24.9752902203853,11.5156954720459,27.7585152953908,27.7585152953908,6.76328215405064,13.509329333793,13.509329333793,12.5209856274552,40.9914913840933,40.9914913840933
5,19,7,"start",9.48362218174245,26.0006866920999,26.0006866920999,11.2672436743238,27.7656068755257,27.7656068755257,6.43854563663924,15.8640036215467,15.8640036215467,11.9919740742919,41.8165081624549,41.8165081624549
5,19,8,"start",9.49697633859735,23.9440016706889,23.9440016706889,11.3252635897509,25.3589467855511,25.3589467855511,6.39124519935936,15.1874906794892,15.1874906794892,12.0463324377624,37.778900387217,37.778900387217
5,20,5,"start",9.6883251486779,29.9127935549965,29.9127935549965,11.2550245690043,34.631624742009,34.631624742009,6.5724030686967,17.7341524424043,17.7341524424043,12.8499801007562,42.9240651688201,42.9240651688201
5,20,6,"start",9.36122682603327,30.3054528401617,30.3054528401617,11.0065856376303,33.5043924275087,33.5043924275087,6.24976387733151,19.8046235667975,19.8046235667975,12.3349177169606,43.5850933905988,43.5850933905988
5,20,7,"start",9.37265928353662,27.3510760205539,27.3510760205539,11.0599162558066,29.9591508207282,29.9591508207282,6.20071699822918,18.4976640247959,18.4976640247959,12.3935947085348,38.6617461100576,38.6617461100576
5,20,8,"start",9.56322527511403,23.5964089596896,23.5964089596896,11.2523290274573,26.1389261101392,26.1389261101392,6.33729844244646,15.812809375414,15.812809375414,12.7136426581002,32.8979021517684,32.8979021517684
6,-9,5,"start",12.0251105510127,13.1901601877295,13.1901601877295,14.4210594817896,18.8894253565813,18.8894253565813,6.07600922305352,21.7822855764227,21.7822855764227,19.6720225920263,-9.98596624821393,-9.98596624821393
6,-9,6,"start",11.9049098775124,14.519554468798,14.519554468798,14.3937541483996,18.4833373846888,18.4833373846888,6.08757657727994,18.989282944507,18.989282944507,19.0873760782877,0.576134496091265,0.576134496091265
6,-9,7,"start",11.7700612057184,15.5918289130498,15.5918289130498,14.4276287132979,17.5438552669574,17.5438552669574,6.20186373997896,15.678031560231,15.678031560231,18.0300192213855,11.7801530875179,11.7801530875179
6,-9,8,"start",11.8284215261129,14.5739008813661,14.5739008813661,14.54415577398,16.0995856852525,16.0995856852525,6.44442117229783,11.7973914311552,11.7973914311552,17.5785922843683,15.7025654576633,15.7025654576633
6,-8,5,"start",11.9047084338254,15.0455876859235,15.0455876859235,14.2555947138519,21.3850233859472,21.3850233859472,6.24904876014958,18.6010202405796,18.6010202405796,18.9968999092961,-2.0645267708466,-2.0645267708466
6,-8,6,"start",11.77163024143,16.2089023346963,16.2089023346963,14.2871573593901,19.8053465817175,19.8053465817175,6.3638548782312,14.8026040762455,14.8026040762455,17.9563097695253,11.4469384636408,11.4469384636408
6,-8,7,"start",11.829233862097,14.9574026668227,14.9574026668227,14.4001836403863,17.8316825862318,17.8316825862318,6.60551636373837,10.492647855014,10.492647855014,17.5115484351873,15.9772975472179,15.9772975472179
6,-8,8,"start",12.092595492173,12.128598272451,12.128598272451,14.5996802551747,15.5970074767913,15.5970074767913,6.96841665858263,5.97298006437413,5.97298006437413,17.7559276046987,14.4686071870305,14.4686071870305
6,-7,5,"start",11.8114502575065,16.4827200953506,16.4827200953506,14.4410144229682,18.5884578908052,18.5884578908052,6.59785768829817,12.1883022538479,12.1883022538479,17.226491659177,18.7082633638845,18.7082633638845
6,-7,6,"start",11.8688200411609,14.9770008560556,14.9770008560556,14.5545894180386,16.4886646778906,16.4886646778906,6.83943494133435,7.595736966144,7.595736966144,16.7767871437521,22.7834614780172,22.7834614780172
6,-7,7,"start",12.1292000372809,11.7412818068833,11.7412818068833,14.753471814693,14.126609968293,14.126609968293,7.20090088004154,2.84424676096563,2.84424676096563,17.0038873639527,20.0869347905459,20.0869347905459
6,-7,8,"start",12.3908197344569,9.36811233746446,9.36811233746446,15.0358479702469,11.6490482322773,11.6490482322773,7.41218453543963,1.04032943315594,1.04032943315594,17.3793876622141,17.0886976201526,17.0886976201526
6,-6,5,"start",11.8035628874953,16.6042664896264,16.6042664896264,14.6355651643483,15.6541749443428,15.6541749443428,6.97286733773785,5.2938940833799,5.2938940833799,15.860483840212,34.7360884397404,34.7360884397404
6,-6,6,"start",12.0596610734865,12.5580499933302,12.5580499933302,14.832863044753,13.0375260720702,13.0375260720702,7.33182529332326,0.134129324465816,0.134129324465816,16.0677562536425,29.5980361440701,29.5980361440701
6,-6,7,"start",12.3168683388969,9.72917514450205,9.72917514450205,15.1124741812898,10.3616103589412,10.3616103589412,7.54221530445488,-1.54033084495958,-1.54033084495958,16.4201101152821,24.8127506131171,24.8127506131171
6,-6,8,"start",12.4928946149482,8.42326536676284,8.42326536676284,15.2821214784136,9.4199108164455,9.4199108164455,7.57842710233083,-0.807520637288556,-0.807520637288556,16.9790945663649,19.8740704121032,19.8740704121032
6,-5,5,"start",12.0416798856543,12.9348224923548,12.9348224923548,14.9159111006316,11.4258985876934,11.4258985876934,7.41046008952952,-2.75108035340532,-2.75108035340532,15.5446026863516,38.4424273117021,38.4424273117021
6,-5,6,"start",12.2952686919695,9.57167308555115,9.57167308555115,15.1928806779817,8.57260150310572,8.57260150310572,7.61940101623302,-4.22374893808975,-4.22374893808975,15.881774338241,31.3855289976516,31.3855289976516
6,-5,7,"start",12.468661756201,8.10170506227075,8.10170506227075,15.3613123552278,7.75194614822999,7.75194614822999,7.65606846926785,-3.00290611601856,-3.00290611601856,16.4213943147098,24.8023547129879,24.8023547129879
6,-5,8,"start",12.686193393425,6.69165238847337,6.69165238847337,15.4871912072614,7.67856099448892,7.67856099448892,7.84367725951764,-3.64540619739472,-3.64540619739472,16.978967488152,19.8749546646679,19.8749546646679
6,-4,5,"start",12.4174142279699,7.14465993513269,7.14465993513269,15.2940952813057,5.72199129799751,5.72199129799751,7.82416122171948,-10.3568165528977,-10.3568165528977,15.8284601220849,35.1118333990986,35.1118333990986
6,-4,6,"start",12.5901334373124,5.83419943304197,5.83419943304197,15.4616236460959,5.23966175149387,5.23966175149387,7.86267741061038,-7.91032199134669,-7.91032199134669,16.3577980027279,26.8104126667498,26.8104126667498
6,-4,7,"start",12.8065084660395,4.56995539022108,4.56995539022108,15.5873146763332,5.55045722522708,5.55045722522708,8.0506745663615,-7.89682945101954,-7.89682945101954,16.9044093617214,20.8922329038466,20.8922329038466
6,-4,8,"start",12.956600334413,4.35165462278386,4.35165462278386,15.5192080949528,7.50950770326158,7.50950770326158,8.37082071122502,-8.94912847513696,-8.94912847513696,17.2250602220983,18.1625593909584,18.1625593909584
6,-3,5,"start",12.7014410263428,2.76773414482235,2.76773414482235,15.4747684635259,2.99701459674746,2.99701459674746,7.83179933602137,-10.4972403466017,-10.4972403466017,16.9889714154817,21.4951675565763,21.4951675565763
6,-3,6,"start",12.9165458197067,1.83887417134833,1.83887417134833,15.5989654351861,3.76832756080419,3.76832756080419,8.01736105056248,-10.0230862873148,-10.0230862873148,17.537049168471,15.4764986848849,15.4764986848849
6,-3,7,"start",13.0662910147999,2.01791804341413,2.01791804341413,15.5319675164276,6.27342943518521,6.27342943518521,8.33347722449381,-10.8612777107248,-10.8612777107248,17.8632057161369,13.1305481300071,13.1305481300071
6,-3,8,"start",13.0508450553356,3.65033510249349,3.65033510249349,15.3234255440951,9.31128957357208,9.31128957357208,8.50275379299687,-9.84670742465748,-9.84670742465748,17.9247886914573,13.2936154583351,13.2936154583351
6,-2,5,"start",13.0348830151082,-2.13727459067831,-2.13727459067831,15.5499310220076,2.17801957234432,2.17801957234432,7.88445578142694,-11.1721305910203,-11.1721305910203,18.5847857957598,2.77094549464625,2.77094549464625
6,-2,6,"start",13.1844141378515,-1.20644040233259,-1.20644040233259,15.4830975051274,5.36993827356699,5.36993827356699,8.1952782418037,-11.9190022540041,-11.9190022540041,18.9234552927833,2.15159537899532,2.15159537899532
6,-2,7,"start",13.1709585043424,1.14463412848435,1.14463412848435,15.2766623631611,8.95827804734044,8.95827804734044,8.36075809850506,-10.5971563923108,-10.5971563923108,19.0026617963624,3.90637986151471,3.90637986151471
6,-2,8,"start",12.8672861966309,5.43422177850302,5.43422177850302,14.9201628614429,12.8342096157273,12.8342096157273,8.0775662654823,-5.08957330023061,-5.08957330023061,18.8280937100229,7.1700355124497,7.1700355124497
6,-1,5,"start",13.109771371868,-2.86919388713364,-2.86919388713364,15.3568159862222,5.2515570850753,5.2515570850753,7.93809034903768,-11.2693626331515,-11.2693626331515,19.3365688738497,-6.0499759549417,-6.0499759549417
6,-1,6,"start",13.0953812608796,0.1493019393639,0.1493019393639,15.1512625349266,9.42555443973291,9.42555443973291,8.09823723176341,-9.86763721535969,-9.86763721535969,19.4215656735702,-2.63579883634625,-2.63579883634625
6,-1,7,"start",12.7945870635229,5.16612235064628,5.16612235064628,14.7976302607826,13.7432462332349,13.7432462332349,7.81459773692997,-3.76672468401393,-3.76672468401393,19.258314191453,2.10902381204225,2.10902381204225
6,-1,8,"start",12.2059263932326,11.1692714789437,11.1692714789437,14.325596052629,17.773633937898,17.773633937898,7.20832792957556,3.73983555992788,3.73983555992788,18.4752204396368,9.70708713569552,9.70708713569552
6,0,5,"start",12.8246699854076,1.61598964452285,1.61598964452285,14.9487949220647,11.194913081419,11.194913081419,7.7287775414231,-7.01539076658631,-7.01539076658631,19.1571260541182,-3.94451353675914,-3.94451353675914
6,0,6,"start",12.5236307965455,7.13748864479224,7.13748864479224,14.5967250654392,15.8550696285769,15.8550696285769,7.44324040016252,-0.53179732925054,-0.53179732925054,18.9916059757549,1.81468276325891,1.81468276325891
6,0,7,"start",11.938588670345,13.618770994666,13.618770994666,14.1279323440427,20.0860689597471,20.0860689597471,6.8386486119321,7.41540181368194,7.41540181368194,18.2171357704139,10.5100688623078,10.5100688623078
6,0,8,"start",11.4344148313925,17.5540997503067,17.5540997503067,13.7567048175335,22.2863996877016,22.2863996877016,6.35497640339549,11.9333873678797,11.9333873678797,17.3915537566319,17.0195423549012,17.0195423549012
6,1,5,"start",12.265359277264,9.74623720822069,9.74623720822069,14.3257585668142,19.7522208022255,19.7522208022255,7.23446882260829,1.3844537230081,1.3844537230081,18.6006854502611,2.93256989418796,2.93256989418796
6,1,6,"start",11.6840381966691,16.736207595364,16.736207595364,13.8590010778928,23.9304478979301,23.9304478979301,6.63374302925051,10.1300437672811,10.1300437672811,17.8321359926825,12.8258060572038,12.8258060572038
6,1,7,"start",11.1826135654352,20.704356343962,20.704356343962,13.4885296281294,25.8361371602993,25.8361371602993,6.15268075079897,14.7910156854694,14.7910156854694,17.0136155969413,19.872065754106,19.872065754106
6,1,8,"start",10.5760182196852,24.4343661952055,24.4343661952055,13.1285090439331,27.159408049862,27.159408049862,5.89152867606874,16.1649176282803,16.1649176282803,15.067417092922,32.2230677926057,32.2230677926057
6,2,5,"start",11.5216192881099,19.8025054162571,19.8025054162571,13.7113421960018,27.6288125983654,27.6288125983654,6.60831942623279,11.0980259257598,11.0980259257598,17.2755591050606,18.0960714501779,18.0960714501779
6,2,6,"start",11.0243161748926,23.8218037970723,23.8218037970723,13.3435466158449,29.1791977876711,29.1791977876711,6.13227175496099,16.2388374226799,16.2388374226799,16.4605288540587,25.330290503964,25.330290503964
6,2,7,"start",10.4235006536926,27.5784248542826,27.5784248542826,12.9862601280726,30.2008323037228,30.2008323037228,5.87380329624634,17.5773577067604,17.5773577067604,14.5380159609235,38.5257219581043,38.5257219581043
6,2,8,"start",9.98351290409783,29.134496329841,29.134496329841,12.7229947357387,30.2623817955368,30.2623817955368,5.57706601685199,18.9882562833798,18.9882562833798,13.3781580731484,43.26993269823,43.26993269823
6,3,5,"start",10.833692012493,28.7085769789654,28.7085769789654,13.2518464108796,33.436799138341,33.436799138341,5.96671667128455,20.4494238987583,20.4494238987583,15.9277738621565,32.820378537252,32.820378537252
6,3,6,"start",10.2386262485438,32.2531982746925,32.2531982746925,12.898596834606,33.9329347667196,33.9329347667196,5.70922266078179,21.3203703600594,21.3203703600594,14.0285135245925,46.7719824526748,46.7719824526748
6,3,7,"start",9.80241130437373,33.4031259937771,33.4031259937771,12.6381107467947,33.5055331178709,33.5055331178709,5.4140928470825,22.4317313488483,22.4317313488483,12.8802232238985,51.0457685989198,51.0457685989198
6,3,8,"start",9.23244918232805,34.8293795145923,34.8293795145923,11.9944197946617,35.6933143565919,35.6933143565919,5.15642665567298,22.4546964800259,22.4546964800259,11.8027975398547,53.5719614488482,53.5719614488482
6,4,5,"start",10.1312699057913,37.9519546131733,37.9519546131733,13.0047059081652,36.6370164643066,36.6370164643066,5.42865946993208,28.6763639243878,28.6763639243878,13.7713321915492,55.5363546744586,55.5363546744586
6,4,6,"start",9.70009820999847,38.4162936047747,38.4162936047747,12.7497027931697,35.7200104888657,35.7200104888657,5.13421019808994,28.8715729338222,28.8715729338222,12.6386146689307,59.1133257400166,59.1133257400166
6,4,7,"start",9.13715951759048,39.2920257153957,39.2920257153957,12.1178602646663,37.8717612074758,37.8717612074758,4.87599153192363,27.902630202766,27.902630202766,11.5760552974594,60.8951562224746,60.8951562224746
6,4,8,"start",8.81894258493339,37.8685884869099,37.8685884869099,11.6406211806074,38.1005595165152,38.1005595165152,4.81859261909336,25.3323948549894,25.3323948549894,11.0744498065168,58.3349722839662,58.3349722839662
6,5,5,"start",9.7647672112988,43.2189527101517,43.2189527101517,12.9924799158856,37.0407208019481,37.0407208019481,5.01306860486293,35.6651873306959,35.6651873306959,12.6694701055515,67.3195329002303,67.3195329002303
6,5,6,"start",9.21131955831985,43.4013782834194,43.4013782834194,12.3743310043707,39.3038981907181,39.3038981907181,4.75662703267071,33.3026857864083,33.3026857864083,11.6260189540275,68.1044773464848,68.1044773464848
6,5,7,"start",8.89916820559726,41.1710930778027,41.1710930778027,11.9088618129265,39.3476050697118,39.3476050697118,4.69826135405975,29.5349305243403,29.5349305243403,11.1342239815188,64.2319718324142,64.2319718324142
6,5,8,"start",8.62080735537561,39.1728812707559,39.1728812707559,11.3149843163635,40.2263333819556,40.2263333819556,4.63492914280959,26.796404643406,26.796404643406,11.1563054332675,57.7996795669249,57.7996795669249
6,6,5,"start",9.56517559663764,45.7213208339587,45.7213208339587,12.7633688438313,39.7620851851207,39.7620851851207,5.07998061786313,34.2582370987463,34.2582370987463,11.932781757062,76.5156046867233,76.5156046867233
6,6,6,"start",9.2636047137089,42.7101115717601,42.7101115717601,12.3119054043563,39.7322812296389,39.7322812296389,5.02713499230456,29.6849191366485,29.6849191366485,11.4558682088797,70.6356395024272,70.6356395024272
6,6,7,"start",8.99563009353286,40.195385260499,40.195385260499,11.7346061191636,40.6788407339285,40.6788407339285,4.9695555399657,26.5324091440697,26.5324091440697,11.4832237898765,62.3555300901953,62.3555300901953
6,6,8,"start",8.86346818866842,37.2044003493847,37.2044003493847,11.4031103490761,39.386635589925,39.386635589925,4.98110834770899,23.589504207423,23.589504207423,11.5304170534746,55.9374900638655,55.9374900638655
6,7,5,"start",9.88430500473141,41.3410269036641,41.3410269036641,12.8049055596147,38.9573652663859,38.9573652663859,5.65166148995071,25.3426248656284,25.3426248656284,12.3471006080849,73.252862288672,73.252862288672
6,7,6,"start",9.6305037951449,38.6375857728533,38.6375857728533,12.2451676128056,40.1972949816263,40.1972949816263,5.60399459920756,22.4336444847795,22.4336444847795,12.3894417515244,63.0735368193236,63.0735368193236
6,7,7,"start",9.5108092667468,35.4448180090998,35.4448180090998,11.9278249477493,38.7935179079652,38.7935179079652,5.62478944625618,19.6906733554035,19.6906733554035,12.4517610564982,55.5686897033715,55.5686897033715
6,7,8,"start",9.31357455315413,33.6417162807693,33.6417162807693,11.6843115892459,37.1222465797674,37.1222465797674,5.54334844188741,18.5591988052589,18.5591988052589,12.1264350285865,52.518491461562,52.518491461562
6,8,5,"start",10.150034407327,37.7050270575655,37.7050270575655,12.6311723222452,40.8970407867908,40.8970407867908,6.08801221101715,18.6603146877024,18.6603146877024,13.2801756852101,63.8871056807508,63.8871056807508
6,8,6,"start",10.040563277316,34.1348341747126,34.1348341747126,12.3254291372846,39.1397909579092,39.1397909579092,6.11559603643893,16.1261999344118,16.1261999344118,13.3567679870052,54.8846114573012,54.8846114573012
6,8,7,"start",9.85512413154344,32.2649404486102,32.2649404486102,12.092707578904,37.1819199070863,37.1819199070863,6.04257280528396,15.3674662207106,15.3674662207106,13.0538355202991,51.4540182435626,51.4540182435626
6,8,8,"start",9.34748572368896,33.3136550059661,33.3136550059661,11.4234531789858,38.8930170764708,38.8930170764708,5.74695229663866,16.7051178710793,16.7051178710793,12.4785605696137,50.6599885289511,50.6599885289511
6,9,5,"start",10.6391631940844,30.9981859946538,30.9981859946538,12.6884045511506,39.633016213316,39.633016213316,6.36835268479071,14.326342943085,14.326342943085,15.2579595260146,41.8057070596561,41.8057070596561
6,9,6,"start",10.4661363323413,29.3643326327336,29.3643326327336,12.4653648201819,37.2885006069713,37.2885006069713,6.29997390797622,13.7617159278387,13.7617159278387,14.9938325477828,39.9196362059438,39.9196362059438
6,9,7,"start",9.97624337578436,30.977976007024,30.977976007024,11.8129065246506,39.2098245230275,39.2098245230275,6.01205455875002,15.5076652483311,15.5076652483311,14.4640727397527,40.6473388912126,40.6473388912126
6,9,8,"start",9.55987864632619,31.4948158737764,31.4948158737764,11.4210674944664,38.577432015849,38.577432015849,5.92523798686829,15.0295967880892,15.0295967880892,13.2706391807464,45.6787391370322,45.6787391370322
6,10,5,"start",10.8880240423823,27.3384985393054,27.3384985393054,12.7258379076962,38.4132568709628,38.4132568709628,6.58203679998232,11.0916040474966,11.0916040474966,16.0778231177496,32.1859742499661,32.1859742499661
6,10,6,"start",10.4118097470971,29.5243886537981,29.5243886537981,12.0872508322757,40.421596254838,40.421596254838,6.30173916064667,13.5222121175253,13.5222121175253,15.5760474203205,34.3239043754426,34.3239043754426
6,10,7,"start",10.0085214973879,30.3132924723391,30.3132924723391,11.7059153537336,39.5386576830524,39.5386576830524,6.22030389484609,13.2715364705633,13.2715364705633,14.4232975361303,40.9774238729179,40.9774238729179
6,10,8,"start",9.86506600318793,28.8526384292491,28.8526384292491,11.6740370609859,36.2870772312,36.2870772312,6.31521130914158,11.6057505333918,11.6057505333918,13.4999569768573,44.0830694724273,44.0830694724273
6,11,5,"start",10.9484676304178,26.5758805030284,26.5758805030284,12.7140953657447,38.554391041846,38.554391041846,6.5375719042448,11.7062658415151,11.7062658415151,16.544263608203,26.7130724953126,26.7130724953126
6,11,6,"start",10.5603190202742,27.9876863164545,27.9876863164545,12.3498201452625,37.8354969102615,37.8354969102615,6.46079428625059,11.7164686327279,11.7164686327279,15.428293482488,35.7439838890554,35.7439838890554
6,11,7,"start",10.4282452369077,26.6505968609066,26.6505968609066,12.3295741842933,34.3627136471145,34.3627136471145,6.55787077207181,10.0348658242226,10.0348658242226,14.5389823909614,40.0409274290465,40.0409274290465
6,11,8,"start",10.4957502739865,24.1157969911234,24.1157969911234,12.3980045267772,31.1201903771302,31.1201903771302,6.87061130652356,7.01553290797018,7.01553290797018,14.0762958834325,40.0727112475081,40.0727112475081
6,12,5,"start",10.8424537167961,27.9134603068083,27.9134603068083,12.8031568292044,37.4839570715022,37.4839570715022,6.49321243213411,12.3194703089276,12.3194703089276,15.8347855001646,35.0376156296302,35.0376156296302
6,12,6,"start",10.7170515573346,26.3658936102767,26.3658936102767,12.7909247566664,33.4909665709574,33.4909665709574,6.58933970225676,10.2571000863049,10.2571000863049,14.967944982786,40.168444469524,40.168444469524
6,12,7,"start",10.788179429773,23.5096513663288,23.5096513663288,12.8661184801566,29.9097609875692,29.9097609875692,6.89788951166685,6.77468614457604,6.77468614457604,14.5209934593633,40.186552113412,40.186552113412
6,12,8,"start",10.9986481978278,20.363619422765,20.363619422765,13.165734780249,25.715674698592,25.715674698592,7.25717201447789,3.82072235105354,3.82072235105354,14.2020720125579,39.1975190156768,39.1975190156768
6,13,5,"start",10.9544852348041,26.4999562604525,26.4999562604525,13.3442423608922,30.9806243001683,30.9806243001683,6.62299394158938,10.5254317958695,10.5254317958695,14.8818124628419,46.2191659342168,46.2191659342168
6,13,6,"start",11.0282917819636,23.145329867484,23.145329867484,13.427526818867,27.2209414980136,27.2209414980136,6.92750815109333,6.41789357892506,6.41789357892506,14.4411179163581,45.231837941304,45.231837941304
6,13,7,"start",11.2391620598033,19.5995884348939,19.5995884348939,13.731185890845,22.7919276591912,22.7919276591912,7.28187892237278,3.09290532427807,3.09290532427807,14.1264149266786,43.3807592827649,43.3807592827649
6,13,8,"start",11.3036763438011,18.0838211091403,18.0838211091403,13.9312036564967,20.2531555392241,20.2531555392241,7.47693119617182,2.00447734940666,2.00447734940666,13.5903055721203,43.4543938303885,43.4543938303885
6,14,5,"start",11.1224381229196,24.380891097633,24.380891097633,13.7161421627907,26.510742871636,26.510742871636,6.8880601341173,6.86128148739526,6.86128148739526,14.3461874383085,52.5038328887419,52.5038328887419
6,14,6,"start",11.331396728483,20.0398270176458,20.0398270176458,14.0193144927131,21.4512864881118,21.4512864881118,7.23664945513739,2.9082305388954,2.9082305388954,14.0352955326457,49.13224196254,49.13224196254
6,14,7,"start",11.3963323920183,18.2442675233387,18.2442675233387,14.2206106535846,18.7297461536777,18.7297461536777,7.42812172052487,1.6906949655256,1.6906949655256,13.5070389420967,48.3947553484276,48.3947553484276
6,14,8,"start",11.2681826633856,18.4285986622137,18.4285986622137,13.9427344917025,20.2456696185706,20.2456696185706,7.58593298304077,1.05559243033751,1.05559243033751,13.110901868411,47.2646015419425,47.2646015419425
6,15,5,"start",11.4910041349631,19.7658981970074,19.7658981970074,14.2168697710601,20.5528162511033,20.5528162511033,7.2916509145295,1.28223246405021,1.28223246405021,14.3157612099991,52.8608339675716,52.8608339675716
6,15,6,"start",11.5574089644272,17.7139438081179,17.7139438081179,14.4179437969265,17.5152844466455,17.5152844466455,7.48111972248873,0.132773974259641,0.132773974259641,13.8015287050207,51.3790009169352,51.3790009169352
6,15,7,"start",11.4337602194091,17.9956974958524,17.9956974958524,14.1478982960926,19.4151880877367,19.4151880877367,7.63732430949556,-0.382582859555085,-0.382582859555085,13.4169790124829,49.6997285813142,49.6997285813142
6,15,8,"start",11.1604707957928,19.3408858118129,19.3408858118129,13.8338702843429,21.1332451748796,21.1332451748796,7.58647825818717,1.00227660669906,1.00227660669906,12.7566322543239,50.2981917642192,50.2981917642192
6,16,5,"start",12.0151549106039,13.1269262774194,13.1269262774194,15.0167984938593,10.79772926918,10.79772926918,7.74435398348283,-4.97572172442226,-4.97572172442226,14.3335518805515,52.6520900997572,52.6520900997572
6,16,6,"start",11.9002252376451,14.1713037953842,14.1713037953842,14.7604471253621,14.0708421302283,14.0708421302283,7.90190134028844,-4.7685551423552,-4.7685551423552,13.9638428277004,50.4954939059632,50.4954939059632
6,16,7,"start",11.6383563619962,16.2301998855461,16.2301998855461,14.4612910679378,16.7649401537021,16.7649401537021,7.85551514494237,-2.58268569788634,-2.58268569788634,13.3236484745124,51.0778922699986,51.0778922699986
6,16,8,"start",11.0154101200994,20.568520777785,20.568520777785,13.6850919161365,22.3468341761682,22.3468341761682,7.5125373611281,1.57932314304554,1.57932314304554,12.4547586747501,53.047261961539,53.047261961539
6,17,5,"start",12.2663932069683,9.88683067466169,9.88683067466169,15.0835846938191,9.87704147117558,9.87704147117558,7.95778134132973,-8.11513420699202,-8.11513420699202,15.1026184085522,44.2766888476392,44.2766888476392
6,17,6,"start",12.0141052943783,12.9788166928703,12.9788166928703,14.7943900566085,13.7066250864407,13.7066250864407,7.91284570230912,-5.02221430662156,-5.02221430662156,14.4909690723038,45.916626168269,45.916626168269
6,17,7,"start",11.4069079874769,18.4082822175545,18.4082822175545,14.0366184805178,20.5498699056675,20.5498699056675,7.57576644230841,0.0862308104793295,0.0862308104793295,13.6555267832242,48.8695701271045,48.8695701271045
6,17,8,"start",10.8747075285552,21.7922336487336,21.7922336487336,13.3792058207156,24.7970859096112,24.7970859096112,7.19656710530898,4.23448400930222,4.23448400930222,13.0945173546933,48.89306151912,48.89306151912
6,18,5,"start",12.118594664853,11.7987525087228,11.7987525087228,14.7733838296717,13.7449365145454,13.7449365145454,7.79776571556741,-6.03964654465555,-6.03964654465555,15.362638084323,41.7502619239314,41.7502619239314
6,18,6,"start",11.5226631547984,18.3697390766104,18.3697390766104,14.0280334583737,21.7998781479229,21.7998781479229,7.4640362123558,0.110439812841902,0.110439812841902,14.5549588847029,45.8778609726536,45.8778609726536
6,18,7,"start",11.000843759831,22.270420643886,22.270420643886,13.3817123029903,26.52476845464,26.52476845464,7.08890561339108,4.8685448407273,4.8685448407273,14.0177715216752,46.3105912759191,46.3105912759191
6,18,8,"start",10.5294104747018,24.6916277723135,24.6916277723135,12.889989692958,28.741165979433,28.741165979433,6.71203042473891,8.3877651487496,8.3877651487496,13.3973168839902,47.1405537928541,47.1405537928541
6,19,5,"start",11.4414037164461,20.9212523579522,20.9212523579522,13.9353439895597,24.6960056105449,24.6960056105449,7.1525547410412,3.06061096426705,3.06061096426705,14.991234123551,47.0741459003494,47.0741459003494
6,19,6,"start",10.9267475897738,25.100786056153,25.100786056153,13.298464596251,29.8018982849452,29.8018982849452,6.77862338187112,8.16244096206316,8.16244096206316,14.4699643287413,47.3933620697713,47.3933620697713
6,19,7,"start",10.4618719365453,27.4962310422632,27.4962310422632,12.8138397689969,31.9018430782185,31.9018430782185,6.4030067992423,11.7441560709188,11.7441560709188,13.8673769419217,48.2027641781132,48.2027641781132
6,19,8,"start",10.2820276927549,26.963205352481,26.963205352481,12.7177224260926,30.4188521940341,30.4188521940341,6.20032526575682,12.9000907631431,12.9000907631431,13.5551480845948,46.4393843716774,46.4393843716774
6,20,5,"start",10.725222303015,30.8482822697692,30.8482822697692,13.0087820766343,37.0753894954317,37.0753894954317,6.43782099938335,13.4134398239933,13.4134398239933,14.771165281796,50.7121833537755,50.7121833537755
6,20,6,"start",10.2646742077034,32.7190074557859,32.7190074557859,12.5275027195658,38.3388348353679,38.3388348353679,6.06300634606227,16.7567340571754,16.7567340571754,14.1835261661707,51.1284027825876,51.1284027825876
6,20,7,"start",10.0848947424954,31.3957399955254,31.3957399955254,12.4287664787428,35.7616659864287,35.7616659864287,5.85888367953807,17.4167957134529,17.4167957134529,13.8816446993669,48.6759786411743,48.6759786411743
6,20,8,"start",10.1295283073688,28.4766066129675,28.4766066129675,12.4237172429351,33.0209221427455,33.0209221427455,5.85465795869118,16.0893867466089,16.0893867466089,14.1722337392644,42.1225339672915,42.1225339672915
7,-9,5,"start",13.23531236227,14.7747618009312,14.7747618009312,16.6588026491884,19.1601442634758,19.1601442634758,5.92347469423645,22.3547753951859,22.3547753951859,21.4759377258774,-4.45764693113216,-4.45764693113216
7,-9,6,"start",13.0895673656254,16.3449820874726,16.3449820874726,16.565980389162,19.8816917129878,19.8816917129878,5.78811915535987,21.6448230340882,21.6448230340882,21.2501916645655,2.0092047608324,2.0092047608324
7,-9,7,"start",13.0175857800251,16.6429803826205,16.6429803826205,16.6246409519574,18.7997234189157,18.7997234189157,5.90255055925559,17.9259235469791,17.9259235469791,20.5054322741621,10.7159922988783,10.7159922988783
7,-9,8,"start",12.9716456258615,16.6101879167094,16.6101879167094,16.6641494904819,18.1742947915432,18.1742947915432,6.10486810630044,14.1994542670497,14.1994542670497,19.7493213867004,17.1379346470877,17.1379346470877
7,-8,5,"start",13.1954601041863,15.3821510882372,15.3821510882372,16.4941803534186,21.615921569783,21.615921569783,5.96261234889708,21.6430721981264,21.6430721981264,21.5603044925489,-5.43630142452255,-5.43630142452255
7,-8,6,"start",13.1258437073491,15.8902875991158,15.8902875991158,16.5510680703506,20.0645869172331,20.0645869172331,6.07771167688634,17.3046479358262,17.3046479358262,20.8340516322927,5.96253506742351,5.96253506742351
7,-8,7,"start",13.0819815508282,15.960338035718,15.960338035718,16.58901876111,19.1691165576191,19.1691165576191,6.27972383155888,13.1345795603572,13.1345795603572,20.0973109277881,13.9809630698706,13.9809630698706
7,-8,8,"start",13.2561855587083,14.0064651337683,14.0064651337683,16.8087628335898,16.8802180374082,16.8802180374082,6.58310977203543,8.94339442151992,8.94339442151992,19.9306079438322,15.891589566807,15.891589566807
7,-7,5,"start",13.0810802367847,17.1254175801218,17.1254175801218,16.4514857108194,22.2528251793814,22.2528251793814,6.24217260424573,16.5593764777863,16.5593764777863,20.3797673643426,8.25792926267141,8.25792926267141
7,-7,6,"start",13.0372060955221,17.0012880926568,17.0012880926568,16.4875674472582,20.843403382807,20.843403382807,6.44376716614234,11.8185086160791,11.8185086160791,19.6479820359178,17.230196232985,17.230196232985
7,-7,7,"start",13.2084591016523,14.6195833394372,14.6195833394372,16.7028866238162,17.9883355275392,17.9883355275392,6.74558610499553,7.21659287801911,7.21659287801911,19.4762321607492,18.9495932061817,18.9495932061817
7,-7,8,"start",13.4247977147555,12.4635558212216,12.4635558212216,16.9545561347328,15.5755823940919,15.5755823940919,6.96837540878422,4.70917689455965,4.70917689455965,19.6550496311446,17.7860529665338,17.7860529665338
7,-6,5,"start",13.0427537738369,17.7095521846388,17.7095521846388,16.5955381865338,20.1039011887232,20.1039011887232,6.68948875165246,8.42510438186708,8.42510438186708,18.7987473005082,26.5977620031496,26.5977620031496
7,-6,6,"start",13.2118034019293,14.8128526238856,14.8128526238856,16.8093985913621,16.8962390565914,16.8962390565914,6.99068385338549,3.62177005983239,3.62177005983239,18.6151117260371,27.0424641768517,27.0424641768517
7,-6,7,"start",13.4252716701119,12.321211276718,12.321211276718,17.0590683630265,14.2948206856441,14.2948206856441,7.21372403068614,1.26969790990539,1.26969790990539,18.7753588766985,24.556579478587,24.556579478587
7,-6,8,"start",13.6914986517353,10.0230712857171,10.0230712857171,17.2931466034952,12.545695625829,12.545695625829,7.40409740308074,-0.079575408141572,-0.079575408141572,19.3547189950087,19.8508260899682,19.8508260899682
7,-5,5,"start",13.1785607735571,15.6397142196732,15.6397142196732,16.9222756285022,15.2297473485366,15.2297473485366,7.10308025326992,0.904101998607988,0.904101998607988,17.84175529254,37.698869295581,37.698869295581
7,-5,6,"start",13.3887485354439,12.5949890486798,12.5949890486798,17.1700865060923,12.4725078671073,12.4725078671073,7.32489000361898,-1.38703749943611,-1.38703749943611,17.985623432953,33.0226029611506,33.0226029611506
7,-5,7,"start",13.6508956087965,9.92943223439842,9.92943223439842,17.4024694291737,10.7338382013952,10.7338382013952,7.51437263536219,-2.54953051872671,-2.54953051872671,18.5405354162265,26.435167162363,26.435167162363
7,-5,8,"start",13.8561601959779,8.51631260362518,8.51631260362518,17.5417720233608,10.3208637436492,10.3208637436492,7.64419840030649,-2.71837771418997,-2.71837771418997,19.1387515869424,21.3356020204239,21.3356020204239
7,-4,5,"start",13.4605648756651,11.3416824685704,11.3416824685704,17.2844086212632,9.82757517417186,9.82757517417186,7.4983197302948,-6.28317587590603,-6.28317587590603,17.6727102634225,39.6597916333445,39.6597916333445
7,-4,6,"start",13.7201811278135,8.44075061526037,8.44075061526037,17.5151872008319,8.23994934633032,8.23994934633032,7.68762384384651,-6.82339466900008,-6.82339466900008,18.2123972440152,30.86825175606,30.86825175606
7,-4,7,"start",13.9236132396464,7.03842555425353,7.03842555425353,17.6541235535417,8.12424837391558,8.12424837391558,7.81793795720432,-6.40581087091903,-6.40581087091903,18.7940713728931,24.40687950903,24.40687950903
7,-4,8,"start",14.103494333813,6.32781286289952,6.32781286289952,17.667038650063,9.32262363579608,9.32262363579608,8.03254218051964,-6.84338743694149,-6.84338743694149,19.3627287071812,19.7957593187826,19.7957593187826
7,-3,5,"start",13.8576509102167,5.28968403427655,5.28968403427655,17.5952835020268,5.19005342348683,5.19005342348683,7.80208804520166,-11.8070858485199,-11.8070858485199,18.4905190711986,30.1732094631409,30.1732094631409
7,-3,6,"start",14.0602059232266,4.17881589326587,4.17881589326587,17.733420269704,5.56338494281021,5.56338494281021,7.93222589777587,-10.4892895541721,-10.4892895541721,19.0668677210995,22.7507822237592,22.7507822237592
7,-3,7,"start",14.2396447932624,3.80294853089257,3.80294853089257,17.7473800748018,7.33224602818634,7.33224602818634,8.14579997067118,-10.3672986614201,-10.3672986614201,19.6302418234932,17.7175159042293,17.7175159042293
7,-3,8,"start",14.3161216923025,4.55758885582086,4.55758885582086,17.6686376968639,9.42797496621742,9.42797496621742,8.32243333208552,-9.48744514787816,-9.48744514787816,19.8923017503918,16.1549446467094,16.1549446467094
7,-2,5,"start",14.1175611738932,1.32838504121736,1.32838504121736,17.6606808277018,4.21447920047553,4.21447920047553,7.79673005128275,-11.7096527898715,-11.7096527898715,19.8235892694797,14.7095951630802,14.7095951630802
7,-2,6,"start",14.2954337656343,1.39580573223426,1.39580573223426,17.6733441027078,6.51891574311851,6.51891574311851,8.00630292143959,-11.3513205438844,-11.3513205438844,20.3903554323294,10.1776489670753,10.1776489670753
7,-2,7,"start",14.3717277525891,2.63210177180017,2.63210177180017,17.5945463889611,9.02993465970908,9.02993465970908,8.17900556541808,-10.1853360219691,-10.1853360219691,20.6613091749769,9.46897709236022,9.46897709236022
7,-2,8,"start",14.0442740878682,7.08492287423552,7.08492287423552,17.0359053679628,14.9400888800243,14.9400888800243,8.12899473325599,-7.0264011504886,-7.0264011504886,20.3006212932115,13.347747789824,13.347747789824
7,-1,5,"start",14.3228244927135,-1.55575266170919,-1.55575266170919,17.621282613808,5.09689922397045,5.09689922397045,7.78733786049069,-11.246038241893,-11.246038241893,21.1093412194367,-0.2051274564203,-0.2051274564203
7,-1,6,"start",14.398513257959,0.416428150074002,0.416428150074002,17.5427658887097,8.26551847495586,8.26551847495586,7.95510610502978,-9.91574540347717,-9.91574540347717,21.3881551733905,0.698551426994732,0.698551426994732
7,-1,7,"start",14.0759014034291,5.81732499499513,5.81732499499513,16.9910573333891,15.0956449293164,15.0956449293164,7.90254327065001,-6.38178294594182,-6.38178294594182,21.0468875394855,6.38435017629127,6.38435017629127
7,-1,8,"start",13.629798410316,10.7709289114518,10.7709289114518,16.4818470508947,19.5993295454175,19.5993295454175,7.50562342844594,-0.43213908030429,-0.43213908030429,20.7014896990605,10.7302667078237,10.7302667078237
7,0,6,"start",13.8923002675562,6.68384660155441,6.68384660155441,16.770765612958,17.3367669762381,17.3367669762381,7.58596256266991,-4.23860010056312,-4.23860010056312,21.1910820571324,2.57074603144616,2.57074603144616
7,0,7,"start",13.4493122238102,12.1607630055199,12.1607630055199,16.2650253226218,22.0884218855836,22.0884218855836,7.18912532659234,2.13732539603708,2.13732539603708,20.8547309875629,8.12368272285743,8.12368272285743
7,0,8,"start",12.8582674090541,17.26621433346,17.26621433346,15.8064887601254,25.0348315244272,25.0348315244272,6.6410401684508,8.1216418711552,8.1216418711552,19.9026082890558,16.1872904662506,16.1872904662506
7,1,6,"start",13.2340564695453,14.4315763624509,14.4315763624509,16.0244148937448,25.6725290408592,25.6725290408592,6.96443664314865,4.35028886210546,4.35028886210546,20.6576193912991,7.87535004839796,7.87535004839796
7,1,7,"start",12.6475979760585,19.8525449816271,19.8525449816271,15.5683193402377,28.4541052503503,28.4541052503503,6.41943992605763,10.7421889787567,10.7421889787567,19.7186400958276,17.0936623523316,17.0936623523316
7,1,8,"start",12.0970778963819,23.4487674138427,23.4487674138427,15.1993608914953,29.7809524606504,29.7809524606504,5.95049045636541,14.6424727268435,14.6424727268435,18.6037937281241,24.7570515569327,24.7570515569327
7,2,6,"start",12.3964800275153,23.7251185129825,23.7251185129825,15.3588516362321,32.6522530199544,32.6522530199544,6.24013969138041,13.6374286377891,13.6374286377891,19.1408068482039,21.9445193138361,21.9445193138361
7,2,7,"start",11.8496011404912,27.2225194352859,27.2225194352859,14.9917722098278,33.5489618464397,33.5489618464397,5.77417605831032,17.6063453466273,17.6063453466273,18.0344540630016,29.9179378097457,29.9179378097457
7,2,8,"start",11.1179949777058,31.3657891899996,31.3657891899996,14.5335551864949,34.9843754132417,34.9843754132417,5.39560546316175,19.7813344357606,19.7813344357606,15.881469798695,42.6154965339877,42.6154965339877
7,3,6,"start",11.6718073065929,31.4154657722628,31.4154657722628,14.8878519152467,37.3767345035019,37.3767345035019,5.66519140161217,20.6126517399368,20.6126517399368,17.4627633329519,36.9094049333608,36.9094049333608
7,3,7,"start",10.9476287987582,35.5251092097705,35.5251092097705,14.4344906130739,38.4800743599196,38.4800743599196,5.28959943150146,22.6585433398402,22.6585433398402,15.3381855393206,50.3850670576883,50.3850670576883
7,3,8,"start",10.4142575537098,36.9501001377588,36.9501001377588,13.8960850786589,39.8866831716908,39.8866831716908,5.08631294730343,22.5406538067017,22.5406538067017,14.1085477353148,54.2458652697621,54.2458652697621
7,4,6,"start",10.8139177256894,40.8846703845186,40.8846703845186,14.4712282411802,42.0573344259593,42.0573344259593,5.10789987893106,27.5278605267541,27.5278605267541,14.8472396413393,60.31145901621,60.31145901621
7,4,7,"start",10.286460300388,41.7871371648298,41.7871371648298,13.9417497415683,43.1807468936323,43.1807468936323,4.90487849740213,26.7574392732349,26.7574392732349,13.630871751813,63.3451308083137,63.3451308083137
7,4,8,"start",9.7621951161291,41.7722658217017,41.7722658217017,13.2737208048888,44.3946933539262,44.3946933539262,4.64910379113179,26.0779349341417,26.0779349341417,12.8753704355377,62.3355083562998,62.3355083562998
7,5,6,"start",10.2713864229764,47.2444631034412,47.2444631034412,14.0771988785901,46.5817948332737,46.5817948332737,4.77569973003308,32.2406439709486,32.2406439709486,13.4823907063823,72.5232652763522,72.5232652763522
7,5,7,"start",9.75494461026018,46.3973954554186,46.3973954554186,13.4219260845005,47.437541115887,47.437541115887,4.52158995462757,30.5973752866089,30.5973752866089,12.7377939458706,70.1244032443311,70.1244032443311
7,5,8,"start",9.29965289087595,45.1547826280777,45.1547826280777,12.6770298036689,48.5741624780432,48.5741624780432,4.43398825212123,27.8373813631564,27.8373813631564,12.1788308584973,66.904807981685,66.904807981685
7,6,6,"start",10.1456275094329,48.2030787149949,48.2030787149949,14.0329156254979,46.493598214013,46.493598214013,4.6214435954144,33.8786971366405,33.8786971366405,13.2277000998624,74.802075966267,74.802075966267
7,6,7,"start",9.70378410245289,46.5132156389261,46.5132156389261,13.3102099776405,47.9325451733978,47.9325451733978,4.53656521376349,30.2018006973552,30.2018006973552,12.6875789749088,70.5055805239051,70.5055805239051
7,6,8,"start",9.37094674390177,44.2975165319548,44.2975165319548,12.7107486297292,47.8647430951898,47.8647430951898,4.4074361477998,27.8878695840555,27.8878695840555,12.5681665094842,64.3507661112108,64.3507661112108
7,7,6,"start",10.2090648267964,47.368157253051,47.368157253051,13.8674453889416,47.9642010327736,47.9642010327736,4.97293075113558,29.2026387361732,29.2026387361732,13.1850733365833,76.2905876073742,76.2905876073742
7,7,7,"start",9.88991307179732,44.6984504311131,44.6984504311131,13.2874829468703,47.8817553704275,47.8817553704275,4.85214317962286,26.7065517640307,26.7065517640307,13.0769588271534,68.3878776888619,68.3878776888619
7,7,8,"start",9.619744003329,42.2605707625096,42.2605707625096,12.8899279311337,46.2981136590741,46.2981136590741,4.73657109889578,24.8003768386716,24.8003768386716,12.7932816162427,63.5507776243162,63.5507776243162
7,8,6,"start",10.522743105288,43.8219920843176,43.8219920843176,13.7831002791157,48.5580099733769,48.5580099733769,5.4217250903353,23.4399836182762,23.4399836182762,14.1456584599037,68.4957863552065,68.4957863552065
7,8,7,"start",10.2673552456257,41.158160433369,41.158160433369,13.4006680510989,46.6443381836853,46.6443381836853,5.31630445835271,21.7593299512242,21.7593299512242,13.8867428171915,62.8877147493708,62.8877147493708
7,8,8,"start",9.93631716152296,39.7094762787106,39.7094762787106,12.9280772229069,45.8048618414904,45.8048618414904,5.25067771184269,20.1492119509577,20.1492119509577,13.3251041877602,60.6471768801847,60.6471768801847
7,9,6,"start",10.8399644499979,40.0483328896448,40.0483328896448,13.7940519832407,47.8658993852548,47.8658993852548,5.79025930963716,18.6460314987729,18.6460314987729,15.0696344072431,60.7244987053951,60.7244987053951
7,9,7,"start",10.5234801582832,38.5631181095923,38.5631181095923,13.3356858153709,46.7313674704736,46.7313674704736,5.7326057850579,17.2905533541496,17.2905533541496,14.5402624655197,58.4373507680173,58.4373507680173
7,9,8,"start",10.0908358919074,38.2742139748116,38.2742139748116,12.892654867024,45.659395524326,45.659395524326,5.49264639791167,17.8409343292864,17.8409343292864,13.7256061250983,58.5509770706024,58.5509770706024
7,10,6,"start",11.2561788595935,35.0536732201562,35.0536732201562,13.8077072927257,46.8983256220632,46.8983256220632,6.10475826289586,14.6095454895972,14.6095454895972,16.6664144780269,45.5550880329487,45.5550880329487
7,10,7,"start",10.8418803224311,35.2387593029529,35.2387593029529,13.3794712228689,45.6680091188737,45.6680091188737,5.87336299913008,15.6192580798142,15.6192580798142,15.9042725724792,47.5252699123415,47.5252699123415
7,10,8,"start",10.4663668339673,34.9783752898414,34.9783752898414,13.0195541546043,44.1499617327055,44.1499617327055,5.86383968828101,14.4533088460866,14.4533088460866,14.6967278508922,51.8745152057696,51.8745152057696
7,11,6,"start",11.3645524982789,33.4386274266428,33.4386274266428,13.9219450581225,44.9979955178574,44.9979955178574,6.06613845001233,14.7929310197103,14.7929310197103,17.0736429745697,41.6864173157922,41.6864173157922
7,11,7,"start",11.0031199278179,33.4029560386043,33.4029560386043,13.5768459482071,43.3897810069975,43.3897810069975,6.05963864006477,13.607858010769,13.607858010769,15.9085431659055,47.4911051649313,47.4911051649313
7,11,8,"start",10.9633203380437,30.898403798851,30.898403798851,13.6710425281893,38.9987418194168,38.9987418194168,6.26956082802876,10.9494515392251,10.9494515392251,15.0160799750216,49.6789693523797,49.6789693523797
7,12,6,"start",11.5028077011334,32.0242080641066,32.0242080641066,14.2358758379701,41.9409076855325,41.9409076855325,6.29335398741527,12.2423252321969,12.2423252321969,16.5931583800977,46.2510209632759,46.2510209632759
7,12,7,"start",11.4719425391483,29.3588266436025,29.3588266436025,14.339907823844,37.1295590885066,37.1295590885066,6.50363476022818,9.39922251879981,9.39922251879981,15.7288573035902,48.9285920634533,48.9285920634533
7,12,8,"start",11.5380070070269,26.6728302086106,26.6728302086106,14.5043211157194,33.232629810318,33.232629810318,6.81419989488665,6.50023092687863,6.50023092687863,15.0331608831448,49.561538109033,49.561538109033
7,13,6,"start",11.887584175381,28.0877537087727,28.0877537087727,15.0508803027595,34.0043165879403,34.0043165879403,6.56004903840889,9.24854255192536,9.24854255192536,16.2124640653216,49.8676169536489,49.8676169536489
7,13,7,"start",11.9592895327546,25.1951338669441,25.1951338669441,15.224213868412,29.9749854958432,29.9749854958432,6.86678388533676,5.95693501356894,5.95693501356894,15.5378266302722,50.4568374499977,50.4568374499977
7,13,8,"start",12.1134283123944,22.4161005757498,22.4161005757498,15.5141873232229,26.1242992102456,26.1242992102456,7.19941789427676,3.35333977009623,3.35333977009623,14.9877002895161,49.8740796902302,49.8740796902302
7,14,6,"start",12.2463992166033,24.4602090844514,24.4602090844514,15.7748345761057,27.043817296869,27.043817296869,6.9586091827416,4.77450955917094,4.77450955917094,15.602346521287,55.6637336219775,55.6637336219775
7,14,7,"start",12.4026374761072,21.3851267880844,21.3851267880844,16.0688833385348,23.0397444732157,23.0397444732157,7.28761398237655,1.96789006011613,1.96789006011613,15.0631960060983,54.253882443389,54.253882443389
7,14,8,"start",12.3743741285427,20.5548714981459,20.5548714981459,16.0934032383161,22.0543754341983,22.0543754341983,7.46261283447534,1.15690383213325,1.15690383213325,14.4710534581443,53.9746882502462,53.9746882502462
7,15,6,"start",12.6244132046101,20.6062356076376,20.6062356076376,16.4075906457476,20.8632670801815,20.8632670801815,7.36450282671499,0.218154438097065,0.218154438097065,15.3009674103253,58.5268351761136,58.5268351761136
7,15,7,"start",12.5999700868843,19.7588605719781,19.7588605719781,16.4370035380427,20.0223758079353,20.0223758079353,7.53795627670903,-0.472416501101096,-0.472416501101096,14.7231445735899,57.6557640539372,57.6557640539372
7,15,8,"start",12.3191473809013,21.0669264424682,21.0669264424682,16.0241512701971,22.6370978935904,22.6370978935904,7.57822402361541,0.149583216347844,0.149583216347844,14.0575539493278,57.4748724027302,57.4748724027302
7,16,6,"start",12.8833529877675,18.0096137833778,18.0096137833778,16.8432080975937,16.5408594543324,16.5408594543324,7.56908040274102,-2.17384804224394,-2.17384804224394,15.2482843929118,59.8533434537803,59.8533434537803
7,16,7,"start",12.6114432494527,19.7461959793314,19.7461959793314,16.4438771038869,20.0141487351449,20.0141487351449,7.60918304727492,-1.2287978986846,-1.2287978986846,14.6028349429045,59.3575557360223,59.3575557360223
7,16,8,"start",12.1053898868227,22.8199123185369,22.8199123185369,15.8186560837149,24.2519832105906,24.2519832105906,7.40949316515707,1.50700829541048,1.50700829541048,13.7144308005638,60.5805629322646,60.5805629322646
7,17,6,"start",12.9964406979385,16.8813642327796,16.8813642327796,16.8188794091768,16.7857975837617,16.7857975837617,7.81505298797645,-5.09258287934425,-5.09258287934425,15.3847606442873,59.3594932538284,59.3594932538284
7,17,7,"start",12.5045315843718,20.8047708356181,20.8047708356181,16.2103426437199,22.1051658423774,22.1051658423774,7.62127702897728,-1.42290371119599,-1.42290371119599,14.5244650678088,60.7656931937995,60.7656931937995
7,17,8,"start",11.8195515884271,25.1824203350734,25.1824203350734,15.3966751652412,27.5502987285007,27.5502987285007,7.1872802021374,3.33931866584368,3.33931866584368,13.6037598477861,62.0819002494379,62.0819002494379
7,18,6,"start",12.8398770890017,18.6329224284781,18.6329224284781,16.5084261880603,20.0344718585751,20.0344718585751,7.60463454620589,-2.78295929060404,-2.78295929060404,15.706931937436,56.962127476276,56.962127476276
7,18,7,"start",12.1712184923947,23.9724336899315,23.9724336899315,15.7134680881923,26.6014366885001,26.6014366885001,7.17692011011861,2.87246890974174,2.87246890974174,14.8211599495731,58.9948496037946,58.9948496037946
7,18,8,"start",11.5933713071089,27.130715833194,27.130715833194,15.0206172191342,30.5916359632228,30.5916359632228,6.78173078670967,6.76485443745476,6.76485443745476,14.1281262352514,58.892272587781,58.892272587781
7,19,6,"start",12.1905708942289,25.8606044920514,25.8606044920514,15.5869587816291,29.9216035231995,29.9216035231995,6.95740980914479,4.69942467925716,4.69942467925716,15.6945752850364,57.9149991728644,57.9149991728644
7,19,7,"start",11.6225107617358,29.2379352224219,29.2379352224219,14.9040801551207,34.0652177231806,34.0652177231806,6.5650501888977,8.91583881801294,8.91583881801294,15.0275231544329,57.9454499207011,57.9454499207011
7,19,8,"start",11.3214758030376,29.6011109284049,29.6011109284049,14.641470230059,33.8706519313439,33.8706519313439,6.30465585583756,10.8992421895207,10.8992421895207,14.5646123071176,56.2571911385015,56.2571911385015
7,20,6,"start",11.5566545564515,33.0758189685815,33.0758189685815,14.7374584985861,39.1913078288413,39.1913078288413,6.26410938290383,12.8956876178882,12.8956876178882,15.7045149217359,58.671564317303,58.671564317303
7,20,7,"start",11.2595105239954,32.9732756311296,32.9732756311296,14.4766953019536,38.2737274675413,38.2737274675413,6.00363803801296,14.647127822588,14.647127822588,15.260392568076,56.6148275664611,56.6148275664611
7,20,8,"start",11.1473664816564,31.3010610718663,31.3010610718663,14.3586663608888,36.3765367932316,36.3765367932316,5.86942481536347,14.8098558745471,14.8098558745471,15.2336457872556,51.7316183969955,51.7316183969955
8,-1,6,"start",15.7279080054014,2.71555251457169,2.71555251457169,19.9324017195622,10.1075801742777,10.1075801742777,7.80451328865156,-10.6635899707508,-10.6635899707508,23.53652962445,8.0522447318134,8.0522447318134
8,-1,7,"start",15.5641092632518,6.41612708022798,6.41612708022798,19.5512586480971,15.3932841113664,15.3932841113664,7.82265231499012,-7.77064995863695,-7.77064995863695,23.534281576702,10.2820557129603,10.2820557129603
8,-1,8,"start",15.1018170077542,11.6502506548309,11.6502506548309,18.8603925672247,21.7733419634945,21.7733419634945,7.6505496324017,-3.78178375210689,-3.78178375210689,23.0133882098699,15.4763180623293,15.4763180623293
8,0,6,"start",15.4774268353294,5.97775632160648,5.97775632160648,19.3902499068339,16.5993049684712,16.5993049684712,7.54341080453395,-6.31975617219355,-6.31975617219355,23.9892130686852,3.80205017204989,3.80205017204989
8,0,7,"start",15.0201259320564,11.9930656751915,11.9930656751915,18.7065383212587,23.6637355182087,23.6637355182087,7.369344627849,-2.03863527074721,-2.03863527074721,23.4859550908678,10.6640650771731,10.6640650771731
8,0,8,"start",14.5392966341434,16.4705610503964,16.4705610503964,18.1952701464751,27.1900131509858,27.1900131509858,6.96845392908976,3.22035824669043,3.22035824669043,22.9698528963076,15.8705961878898,15.8705961878898
8,1,6,"start",14.8917434825243,13.0156761277481,13.0156761277481,18.4621730278149,27.2293468939266,27.2293468939266,7.19127912642511,-1.07047618304959,-1.07047618304959,23.6740605927912,6.76098175127632,6.76098175127632
8,1,7,"start",14.4154360958891,17.9286057651215,17.9286057651215,17.9540462676492,30.6668314973509,30.6668314973509,6.79247362719022,4.71204575343287,4.71204575343287,23.1710891321753,13.3095380691089,13.3095380691089
8,1,8,"start",13.7845965698265,22.705693862898,22.705693862898,17.5542745047806,32.2653690618076,32.2653690618076,6.22574705490198,10.4431382183003,10.4431382183003,21.9105465887598,22.9379127890282,22.9379127890282
8,2,6,"start",14.1671073288391,21.2837257108067,21.2837257108067,17.7567767805782,34.7962394165239,34.7962394165239,6.53566981687354,7.74899580188817,7.74899580188817,22.7392680046828,15.6685840862651,15.6685840862651
8,2,7,"start",13.5410901849226,26.190616352889,26.190616352889,17.3595261092847,36.000287658915,36.000287658915,5.97205145703888,13.7611557552648,13.7611557552648,21.4928921379121,26.267188226303,26.267188226303
8,2,8,"start",12.8678061413611,30.2118503613487,30.2118503613487,16.9591355890421,36.9552295623984,36.9552295623984,5.36279934942318,18.6456612598081,18.6456612598081,20.075853809547,35.0121747279011,35.0121747279011
8,3,6,"start",13.2897820921044,30.8849881189238,30.8849881189238,17.2004371627507,40.5306946924936,40.5306946924936,5.76684450106877,17.4946570164508,17.4946570164508,20.8378563248419,32.941505197659,32.941505197659
8,3,7,"start",12.6221277048214,34.7874184071251,34.7874184071251,16.8033107466526,40.9870616780748,40.9870616780748,5.16205910143132,22.4871390008255,22.4871390008255,19.4346446550206,41.9731997880598,41.9731997880598
8,3,8,"start",11.7264680160788,39.4583878847313,39.4583878847313,15.9183047592075,45.1337033444782,45.1337033444782,4.88531417205086,23.0489713957159,23.0489713957159,17.1606404300666,54.1974303469142,54.1974303469142
8,4,6,"start",12.4959085342498,39.488851412651,39.488851412651,16.8389101743008,44.2108727918046,44.2108727918046,5.03000059822983,26.620863262929,26.620863262929,18.8589892507019,50.786645776958,50.786645776958
8,4,7,"start",11.6107558165055,44.1247515405886,44.1247515405886,15.9668999544482,48.4519410360999,48.4519410360999,4.7548047078548,26.7010926241445,26.7010926241445,16.6158018390256,63.4831388147293,63.4831388147293
8,4,8,"start",11.1319409894862,44.1343677432812,44.1343677432812,15.4248442661492,48.8504308622187,48.8504308622187,4.56629853162819,25.8854317473766,25.8854317473766,15.6831306087048,63.9210422793895,63.9210422793895
8,5,6,"start",11.5419431964509,50.1376565038521,50.1376565038521,16.0521086096865,52.9895513832606,52.9895513832606,4.63822364602086,31.5417539923231,31.5417539923231,16.2181583440047,74.6012816319946,74.6012816319946
8,5,7,"start",11.0692310539754,49.3295809358446,49.3295809358446,15.5198482971093,52.822348999054,52.822348999054,4.45060936669548,29.971916816229,29.971916816229,15.2951952782358,73.5603827247556,73.5603827247556
8,5,8,"start",10.3909185668391,49.5926330758265,49.5926330758265,14.5504305896569,55.239100999088,55.239100999088,4.15430244548462,29.116433781347,29.116433781347,14.4931287431461,71.7525410432691,71.7525410432691
8,6,6,"start",11.3029118315964,53.2640392922127,53.2640392922127,15.9659024861298,54.2637688509186,54.2637688509186,4.47943217171877,34.1892067874747,34.1892067874747,15.4442874305021,81.5799389769738,81.5799389769738
8,6,7,"start",10.6390264631818,52.9568767986745,52.9568767986745,15.0195246413731,56.7981785284826,56.7981785284826,4.18776257180648,32.5282364123164,32.5282364123164,14.6594798232072,78.4113806585128,78.4113806585128
8,6,8,"start",10.1177484358961,51.4234801723723,51.4234801723723,14.2568909402078,56.9694071275187,56.9694071275187,4.03530961403719,29.9882947927473,29.9882947927473,13.9220721801996,75.5107105859035,75.5107105859035
8,7,6,"start",11.1662646639111,54.2903492058502,54.2903492058502,15.7648876168279,55.7519046593863,55.7519046593863,4.40754364561569,34.7728812235432,34.7728812235432,15.3220344215484,82.6823991470022,82.6823991470022
8,7,7,"start",10.6618654582154,52.3330351375462,52.3330351375462,15.0272893498874,56.1099858112574,56.1099858112574,4.26057030237974,31.4965094385166,31.4965094385166,14.6100293192106,78.7887260428561,78.7887260428561
8,7,8,"start",10.1993583675561,50.4325400446202,50.4325400446202,14.3650287807727,55.6017654751927,55.6017654751927,4.0250817636223,29.8705522829232,29.8705522829232,14.1530728060187,73.9904767376081,73.9904767376081
8,8,6,"start",11.2005928075188,53.7472501977005,53.7472501977005,15.5861448892004,57.3066358035034,57.3066358035034,4.69691148507253,30.8046089369818,30.8046089369818,15.2831856999654,84.2645412896654,84.2645412896654
8,8,7,"start",10.754573866749,51.3471093836646,51.3471093836646,14.9446500538412,56.5389003456853,56.5389003456853,4.471356886569,29.0466795039495,29.0466795039495,14.8476134373946,77.9465290113898,77.9465290113898
8,8,8,"start",10.3462032532346,49.169680554542,49.169680554542,14.3446585810862,55.4924714582184,55.4924714582184,4.33959377684584,26.8734379374497,26.8734379374497,14.3116862692073,73.7498470649441,73.7498470649441
8,9,6,"start",11.4254923658707,50.8188346498208,50.8188346498208,15.3813983921405,58.7319284323796,58.7319284323796,5.05717376555899,25.8231610129079,25.8231610129079,16.2226015549315,76.7219027178488,76.7219027178488
8,9,7,"start",11.0346568130907,48.4131808818212,48.4131808818212,14.7985356063852,57.2077043370688,57.2077043370688,4.93602928002504,23.8517484541372,23.8517484541372,15.7222851593138,72.0340273932668,72.0340273932668
8,9,8,"start",10.7249219649345,45.9076873266573,45.9076873266573,14.4541582458608,54.1622498847067,54.1622498847067,4.87890129452005,21.8176811627524,21.8176811627524,14.9601900030852,70.1709558834084,70.1709558834084
8,10,6,"start",11.7276011811073,46.7388357589264,46.7388357589264,15.2275454002007,59.211055157829,59.211055157829,5.54678403809615,19.3703021390606,19.3703021390606,17.1858613500853,67.6779635300153,67.6779635300153
8,10,7,"start",11.4339357380172,44.1575345855112,44.1575345855112,14.8958625289581,55.4784478871798,55.4784478871798,5.49963163036483,17.7584263987989,17.7584263987989,16.4639891700073,66.1710337849274,66.1710337849274
8,10,8,"start",11.0467261684956,42.8788570078812,42.8788570078812,14.4938687621553,53.1384007946137,53.1384007946137,5.34525727920303,17.4663477266392,17.4663477266392,15.6216440029363,65.6785808010866,65.6785808010866
8,11,6,"start",12.3262707209763,39.7784554965623,39.7784554965623,15.7901809442362,52.5759710048203,52.5759710048203,5.76757993501991,16.4200607520772,16.4200607520772,18.7010226156044,53.4522827593086,53.4522827593086
8,11,7,"start",11.9596286849123,38.9746724591731,38.9746724591731,15.4099583695031,50.3666959043609,50.3666959043609,5.619213063371,16.2888709987454,16.2888709987454,17.9143288692442,54.7064437814361,54.7064437814361
8,11,8,"start",11.708631188005,37.4180509025826,37.4180509025826,15.1879822649536,47.4970501983552,47.4970501983552,5.74502582265593,13.8835775184892,13.8835775184892,16.7826012144094,57.7937464064987,57.7937464064987
8,12,6,"start",12.4231870280422,38.2142057929972,38.2142057929972,15.9495537214541,50.165839663971,50.165839663971,5.79419775375567,15.8113468965865,15.8113468965865,18.7871575593709,52.6435713428343,52.6435713428343
8,12,7,"start",12.1836255879977,36.5722360585651,36.5722360585651,15.7404358990127,46.973502518102,46.973502518102,5.92109872927966,13.1912954416505,13.1912954416505,17.6916568264329,56.4666132627062,56.4666132627062
8,12,8,"start",12.1311964962994,33.9663048114972,33.9663048114972,15.8937749984729,42.1568872070296,42.1568872070296,6.13764289832068,10.5342451349054,10.5342451349054,16.5712370812346,59.2292611443105,59.2292611443105
8,13,6,"start",12.8278759547798,34.1213943779061,34.1213943779061,16.6852557498833,43.0832479140928,43.0832479140928,6.19008722505929,11.4177500189816,11.4177500189816,18.4195429184544,56.0950643603276,56.0950643603276
8,13,7,"start",12.7868865224478,31.4857678524788,31.4857678524788,16.8517350638688,38.1067433601961,38.1067433601961,6.4074309937008,8.63448472879704,8.63448472879704,17.3325262907962,59.3054546396438,59.3054546396438
8,13,8,"start",12.7978763305844,29.1048041849964,29.1048041849964,17.0093576064544,34.4320963217659,34.4320963217659,6.69807880139415,6.00954938803281,6.00954938803281,16.391966617814,60.4468063750422,60.4468063750422
8,14,6,"start",13.2599910885713,29.8098963057204,29.8098963057204,17.5644570712893,34.7556286179114,34.7556286179114,6.52372151747242,7.71506355808297,7.71506355808297,17.9933943458975,60.0961259582229,60.0961259582229
8,14,7,"start",13.2785499344918,27.3224641329756,27.3224641329756,17.7312457501849,31.0110140418168,31.0110140418168,6.81171096298938,4.846483335883,4.846483335883,17.0817761378807,61.287574896024,61.287574896024
8,14,8,"start",13.2948350303525,25.568679496506,25.568679496506,17.7961121449483,29.0077603138407,29.0077603138407,7.08865204438722,2.82489365867915,2.82489365867915,16.4205380750988,60.8701137790938,60.8701137790938
8,15,6,"start",13.685973039484,25.5270299389791,25.5270299389791,18.3293290167334,27.3997556972026,27.3997556972026,7.00431068630245,2.38146611577324,2.38146611577324,17.4768295906547,64.9460950491141,64.9460950491141
8,15,7,"start",13.7082182185924,23.7570712852581,23.7570712852581,18.4025577758567,25.5821353976193,25.5821353976193,7.27979441751144,0.40287009119049,0.40287009119049,16.8338511875667,63.9959676212631,63.9959676212631
8,15,8,"start",13.535636179236,23.8816789439241,23.8816789439241,18.3191733384918,25.3459101381439,25.3459101381439,7.3444677434645,0.693094946957358,0.693094946957358,15.939021195335,64.8826046886372,64.8826046886372
8,16,6,"start",14.0567278933369,21.8594460813211,21.8594460813211,18.9256258601904,21.6001458191187,21.6001458191187,7.36662747193065,-1.72870975241765,-1.72870975241765,17.3134896094641,67.4073398774781,67.4073398774781
8,16,7,"start",13.8923509239144,22.258205601199,22.258205601199,18.8519988241502,21.8653182301576,21.8653182301576,7.43156031653144,-1.10481737489209,-1.10481737489209,16.4424407718429,67.9773991670923,67.9773991670923
8,16,8,"start",13.3789468214993,25.195842122667,25.195842122667,18.1145165521055,26.9418090428239,26.9418090428239,7.32234225837526,0.826243716030713,0.826243716030713,15.5844039589279,68.1205070626311,68.1205070626311
8,17,6,"start",14.1458492870426,21.0364513900204,21.0364513900204,19.1155284040072,19.7156278108279,19.7156278108279,7.44991715280429,-2.76416810576828,-2.76416810576828,17.1618575319274,69.8549279108276,69.8549279108276
8,17,7,"start",13.6448717268155,24.5791810784398,24.5791810784398,18.3951246234043,25.8529130481939,25.8529130481939,7.34262254399428,-0.321230719675595,-0.321230719675595,16.3307222467508,69.7691648248658,69.7691648248658
8,17,8,"start",13.069117621644,27.7303489383179,27.7303489383179,17.6956409170531,30.1845097388889,30.1845097388889,7.10874697100845,2.56022786857519,2.56022786857519,15.3092889099242,70.887680919433,70.887680919433
8,18,6,"start",13.9828537631384,22.8823751956971,22.8823751956971,18.7224482593942,23.79317912766,23.79317912766,7.46517623399509,-3.04228065536557,-3.04228065536557,17.1407343820587,71.0993568679244,71.0993568679244
8,18,7,"start",13.4218335122017,26.7443711660968,26.7443711660968,18.0403591511437,29.0743997234261,29.0743997234261,7.23660606206447,0.643713541331327,0.643713541331327,16.1505221550208,72.2081290388752,72.2081290388752
8,18,8,"start",12.6506144564836,31.1825628490878,31.1825628490878,17.122232062396,34.6929739228823,34.6929739228823,6.76073578940006,5.45570736637388,5.45570736637388,15.0931499666024,73.3108306210817,73.3108306210817
8,19,6,"start",13.6396152036892,26.7486356174751,26.7486356174751,18.2082753656381,29.3015835311097,29.3015835311097,7.09046563165029,1.19408452192354,1.19408452192354,17.264590811855,70.912716605124,70.912716605124
8,19,7,"start",12.8845305336636,31.8656925698189,31.8656925698189,17.3088119620558,35.7621841442147,35.7621841442147,6.61973066947577,6.64641132359985,6.64641132359985,16.243856593517,72.3652046306041,72.3652046306041
8,19,8,"start",12.4208222391875,33.3417375839804,33.3417375839804,16.7730402588477,37.7443053254296,37.7443053254296,6.30580153641111,9.33239180596099,9.33239180596099,15.6437864922194,70.0631427494768,70.0631427494768
8,20,6,"start",12.9236569647444,34.7803409114593,34.7803409114593,17.1363602089282,40.8069527483134,40.8069527483134,6.4001684525977,9.22471866082123,9.22471866082123,17.3393945964432,71.2259530966361,71.2259530966361
8,20,7,"start",12.4680471043149,36.0855166827207,36.0855166827207,16.6068997018295,42.4043866269007,42.4043866269007,6.08806049779411,11.9730835908772,11.9730835908772,16.7674295247787,68.7203027127299,68.7203027127299
8,20,8,"start",12.2154783598405,35.317595729699,35.317595729699,16.3080074347441,41.6807392669418,41.6807392669418,5.87518784903797,13.1335141088048,13.1335141088048,16.5638191954712,63.8798063716977,63.8798063716977
NA,NA,NA,NA,NA,NA,NA,NA,NA,NA,NA,NA,NA,NA,NA,NA
NA,NA,NA,NA,NA,NA,NA,NA,NA,NA,NA,NA,NA,NA,NA,NA
NA,NA,NA,NA,NA,NA,NA,NA,NA,NA,NA,NA,NA,NA,NA,NA
NA,NA,NA,NA,NA,NA,NA,NA,NA,NA,NA,NA,NA,NA,NA,NA
NA,NA,NA,NA,NA,NA,NA,NA,NA,NA,NA,NA,NA,NA,NA,NA
NA,NA,NA,NA,NA,NA,NA,NA,NA,NA,NA,NA,NA,NA,NA,NA
NA,NA,NA,NA,NA,NA,NA,NA,NA,NA,NA,NA,NA,NA,NA,NA
NA,NA,NA,NA,NA,NA,NA,NA,NA,NA,NA,NA,NA,NA,NA,NA
NA,NA,NA,NA,NA,NA,NA,NA,NA,NA,NA,NA,NA,NA,NA,NA
NA,NA,NA,NA,NA,NA,NA,NA,NA,NA,NA,NA,NA,NA,NA,NA
NA,NA,NA,NA,NA,NA,NA,NA,NA,NA,NA,NA,NA,NA,NA,NA
NA,NA,NA,NA,NA,NA,NA,NA,NA,NA,NA,NA,NA,NA,NA,NA
NA,NA,NA,NA,NA,NA,NA,NA,NA,NA,NA,NA,NA,NA,NA,NA
NA,NA,NA,NA,NA,NA,NA,NA,NA,NA,NA,NA,NA,NA,NA,NA
NA,NA,NA,NA,NA,NA,NA,NA,NA,NA,NA,NA,NA,NA,NA,NA
NA,NA,NA,NA,NA,NA,NA,NA,NA,NA,NA,NA,NA,NA,NA,NA
NA,NA,NA,NA,NA,NA,NA,NA,NA,NA,NA,NA,NA,NA,NA,NA
NA,NA,NA,NA,NA,NA,NA,NA,NA,NA,NA,NA,NA,NA,NA,NA
NA,NA,NA,NA,NA,NA,NA,NA,NA,NA,NA,NA,NA,NA,NA,NA
NA,NA,NA,NA,NA,NA,NA,NA,NA,NA,NA,NA,NA,NA,NA,NA
NA,NA,NA,NA,NA,NA,NA,NA,NA,NA,NA,NA,NA,NA,NA,NA
NA,NA,NA,NA,NA,NA,NA,NA,NA,NA,NA,NA,NA,NA,NA,NA
NA,NA,NA,NA,NA,NA,NA,NA,NA,NA,NA,NA,NA,NA,NA,NA
NA,NA,NA,NA,NA,NA,NA,NA,NA,NA,NA,NA,NA,NA,NA,NA
NA,NA,NA,NA,NA,NA,NA,NA,NA,NA,NA,NA,NA,NA,NA,NA
NA,NA,NA,NA,NA,NA,NA,NA,NA,NA,NA,NA,NA,NA,NA,NA
NA,NA,NA,NA,NA,NA,NA,NA,NA,NA,NA,NA,NA,NA,NA,NA
NA,NA,NA,NA,NA,NA,NA,NA,NA,NA,NA,NA,NA,NA,NA,NA
NA,NA,NA,NA,NA,NA,NA,NA,NA,NA,NA,NA,NA,NA,NA,NA
NA,NA,NA,NA,NA,NA,NA,NA,NA,NA,NA,NA,NA,NA,NA,NA
NA,NA,NA,NA,NA,NA,NA,NA,NA,NA,NA,NA,NA,NA,NA,NA
NA,NA,NA,NA,NA,NA,NA,NA,NA,NA,NA,NA,NA,NA,NA,NA
NA,NA,NA,NA,NA,NA,NA,NA,NA,NA,NA,NA,NA,NA,NA,NA
NA,NA,NA,NA,NA,NA,NA,NA,NA,NA,NA,NA,NA,NA,NA,NA
NA,NA,NA,NA,NA,NA,NA,NA,NA,NA,NA,NA,NA,NA,NA,NA
NA,NA,NA,NA,NA,NA,NA,NA,NA,NA,NA,NA,NA,NA,NA,NA
NA,NA,NA,NA,NA,NA,NA,NA,NA,NA,NA,NA,NA,NA,NA,NA
NA,NA,NA,NA,NA,NA,NA,NA,NA,NA,NA,NA,NA,NA,NA,NA
NA,NA,NA,NA,NA,NA,NA,NA,NA,NA,NA,NA,NA,NA,NA,NA
NA,NA,NA,NA,NA,NA,NA,NA,NA,NA,NA,NA,NA,NA,NA,NA
NA,NA,NA,NA,NA,NA,NA,NA,NA,NA,NA,NA,NA,NA,NA,NA
NA,NA,NA,NA,NA,NA,NA,NA,NA,NA,NA,NA,NA,NA,NA,NA
NA,NA,NA,NA,NA,NA,NA,NA,NA,NA,NA,NA,NA,NA,NA,NA
NA,NA,NA,NA,NA,NA,NA,NA,NA,NA,NA,NA,NA,NA,NA,NA
NA,NA,NA,NA,NA,NA,NA,NA,NA,NA,NA,NA,NA,NA,NA,NA
NA,NA,NA,NA,NA,NA,NA,NA,NA,NA,NA,NA,NA,NA,NA,NA
NA,NA,NA,NA,NA,NA,NA,NA,NA,NA,NA,NA,NA,NA,NA,NA
NA,NA,NA,NA,NA,NA,NA,NA,NA,NA,NA,NA,NA,NA,NA,NA
NA,NA,NA,NA,NA,NA,NA,NA,NA,NA,NA,NA,NA,NA,NA,NA
NA,NA,NA,NA,NA,NA,NA,NA,NA,NA,NA,NA,NA,NA,NA,NA
NA,NA,NA,NA,NA,NA,NA,NA,NA,NA,NA,NA,NA,NA,NA,NA
NA,NA,NA,NA,NA,NA,NA,NA,NA,NA,NA,NA,NA,NA,NA,NA
NA,NA,NA,NA,NA,NA,NA,NA,NA,NA,NA,NA,NA,NA,NA,NA
NA,NA,NA,NA,NA,NA,NA,NA,NA,NA,NA,NA,NA,NA,NA,NA
NA,NA,NA,NA,NA,NA,NA,NA,NA,NA,NA,NA,NA,NA,NA,NA
NA,NA,NA,NA,NA,NA,NA,NA,NA,NA,NA,NA,NA,NA,NA,NA
NA,NA,NA,NA,NA,NA,NA,NA,NA,NA,NA,NA,NA,NA,NA,NA
NA,NA,NA,NA,NA,NA,NA,NA,NA,NA,NA,NA,NA,NA,NA,NA
NA,NA,NA,NA,NA,NA,NA,NA,NA,NA,NA,NA,NA,NA,NA,NA
NA,NA,NA,NA,NA,NA,NA,NA,NA,NA,NA,NA,NA,NA,NA,NA
NA,NA,NA,NA,NA,NA,NA,NA,NA,NA,NA,NA,NA,NA,NA,NA
NA,NA,NA,NA,NA,NA,NA,NA,NA,NA,NA,NA,NA,NA,NA,NA
NA,NA,NA,NA,NA,NA,NA,NA,NA,NA,NA,NA,NA,NA,NA,NA
NA,NA,NA,NA,NA,NA,NA,NA,NA,NA,NA,NA,NA,NA,NA,NA
NA,NA,NA,NA,NA,NA,NA,NA,NA,NA,NA,NA,NA,NA,NA,NA
NA,NA,NA,NA,NA,NA,NA,NA,NA,NA,NA,NA,NA,NA,NA,NA
NA,NA,NA,NA,NA,NA,NA,NA,NA,NA,NA,NA,NA,NA,NA,NA
NA,NA,NA,NA,NA,NA,NA,NA,NA,NA,NA,NA,NA,NA,NA,NA
NA,NA,NA,NA,NA,NA,NA,NA,NA,NA,NA,NA,NA,NA,NA,NA
NA,NA,NA,NA,NA,NA,NA,NA,NA,NA,NA,NA,NA,NA,NA,NA
NA,NA,NA,NA,NA,NA,NA,NA,NA,NA,NA,NA,NA,NA,NA,NA
NA,NA,NA,NA,NA,NA,NA,NA,NA,NA,NA,NA,NA,NA,NA,NA
NA,NA,NA,NA,NA,NA,NA,NA,NA,NA,NA,NA,NA,NA,NA,NA
NA,NA,NA,NA,NA,NA,NA,NA,NA,NA,NA,NA,NA,NA,NA,NA
NA,NA,NA,NA,NA,NA,NA,NA,NA,NA,NA,NA,NA,NA,NA,NA
NA,NA,NA,NA,NA,NA,NA,NA,NA,NA,NA,NA,NA,NA,NA,NA
NA,NA,NA,NA,NA,NA,NA,NA,NA,NA,NA,NA,NA,NA,NA,NA
NA,NA,NA,NA,NA,NA,NA,NA,NA,NA,NA,NA,NA,NA,NA,NA
NA,NA,NA,NA,NA,NA,NA,NA,NA,NA,NA,NA,NA,NA,NA,NA
NA,NA,NA,NA,NA,NA,NA,NA,NA,NA,NA,NA,NA,NA,NA,NA
NA,NA,NA,NA,NA,NA,NA,NA,NA,NA,NA,NA,NA,NA,NA,NA
NA,NA,NA,NA,NA,NA,NA,NA,NA,NA,NA,NA,NA,NA,NA,NA
NA,NA,NA,NA,NA,NA,NA,NA,NA,NA,NA,NA,NA,NA,NA,NA
NA,NA,NA,NA,NA,NA,NA,NA,NA,NA,NA,NA,NA,NA,NA,NA
NA,NA,NA,NA,NA,NA,NA,NA,NA,NA,NA,NA,NA,NA,NA,NA
NA,NA,NA,NA,NA,NA,NA,NA,NA,NA,NA,NA,NA,NA,NA,NA
NA,NA,NA,NA,NA,NA,NA,NA,NA,NA,NA,NA,NA,NA,NA,NA
NA,NA,NA,NA,NA,NA,NA,NA,NA,NA,NA,NA,NA,NA,NA,NA
NA,NA,NA,NA,NA,NA,NA,NA,NA,NA,NA,NA,NA,NA,NA,NA
NA,NA,NA,NA,NA,NA,NA,NA,NA,NA,NA,NA,NA,NA,NA,NA
NA,NA,NA,NA,NA,NA,NA,NA,NA,NA,NA,NA,NA,NA,NA,NA
