"lake","year","DOY","Chla","ZBgrav","LMinnCPE"
"Paul",2008,136,4.47853,0.064254,0
"Paul",2008,137,3.90931,0.00899,0
"Paul",2008,138,3.49532,0.01159,0
"Paul",2008,139,4.37033,0.012574,0.1
"Paul",2008,140,2.46978,0.010006,0
"Paul",2008,141,2.79438,0.018434,0
"Paul",2008,142,2.99666,0.018856,0.1
"Paul",2008,143,1.86292,0.013854,0.4
"Paul",2008,144,1.5257,0.014652,0
"Paul",2008,145,2.72365,0.014234,0
"Paul",2008,146,1.90656,0.013532,0.2
"Paul",2008,147,3.15742,0.017802,0
"Paul",2008,148,2.07805,0.01651,0
"Paul",2008,149,1.6939,0.021946,0.2
"Paul",2008,150,4.32254,0.01454,0
"Paul",2008,151,2.93549,0.029972,0
"Paul",2008,152,5.06398,0.01949,0
"Paul",2008,153,2.74887,0.020716,0
"Paul",2008,154,4.912902,0.021952,0
"Paul",2008,155,6.86966,0.033685,0.2
"Paul",2008,156,8.81874,0.0258,0
"Paul",2008,157,3.11203,0.03327,0
"Paul",2008,158,5.38678,0.036515,0
"Paul",2008,159,3.81312,0.02158,0
"Paul",2008,160,10.23853,0.018315,0
"Paul",2008,161,2.18901,0.025095,0
"Paul",2008,162,2.69339,0.02975,0
"Paul",2008,163,7.60101,0.02581,0
"Paul",2008,164,3.95939,0.0296,0
"Paul",2008,165,3.60128,0.040765,0
"Paul",2008,166,12.09827,0.034735,0
"Paul",2008,167,4.78657,0.043435,0
"Paul",2008,168,5.11946,0.043635,0.1
"Paul",2008,169,5.23043,0.06503,0.1
"Paul",2008,170,6.84949,0.054285,0.1
"Paul",2008,171,4.61004,0.0587,0.1
"Paul",2008,172,7.59597,0.049045,0
"Paul",2008,173,6.19379,0.03414,0
"Paul",2008,174,4.56464,0.04061,0
"Paul",2008,175,4.05017,0.042645,0.1
"Paul",2008,176,6.21901,0.06548,0
"Paul",2008,177,8.20627,0.04504,0
"Paul",2008,178,6.07778,0.041565,0
"Paul",2008,179,5.28591,0.04231,0
"Paul",2008,180,5.20016,0.05327,0
"Paul",2008,181,6.37032,0.06303,0
"Paul",2008,182,4.09053,0.039175,0.1
"Paul",2008,183,5.98195,0.04929,0
"Paul",2008,184,5.44731,0.047225,0
"Paul",2008,185,3.92408,0.037865,0
"Paul",2008,186,6.1484,0.056205,0.1
"Paul",2008,187,4.24688,0.044325,0.1
"Paul",2008,188,5.10937,0.043965,0
"Paul",2008,189,6.91001,0.054555,0.1
"Paul",2008,190,4.89753,0.044625,0
"Paul",2008,191,5.28086,0.056635,0
"Paul",2008,192,4.38811,0.05932,0.1
"Paul",2008,193,3.80807,0.04448,0
"Paul",2008,194,4.07539,0.03875,0
"Paul",2008,195,4.5596,0.05498,0
"Paul",2008,196,4.39315,0.056665,0
"Paul",2008,197,4.18131,0.06067,0
"Paul",2008,198,4.57473,0.04508,0
"Paul",2008,199,4.2721,0.0429,0
"Paul",2008,200,4.41837,0.042515,0
"Paul",2008,201,8.31723,0.0588355,0
"Paul",2008,202,5.26573,0.039775,0
"Paul",2008,203,6.10805,0.048565,0
"Paul",2008,204,5.46244,0.052215,0
"Paul",2008,205,6.72844,0.050965,0
"Paul",2008,206,6.77887,0.03871,0
"Paul",2008,207,6.36528,0.03952,0
"Paul",2008,208,6.74357,0.040375,0
"Paul",2008,209,5.64906,0.037215,0
"Paul",2008,210,4.89753,0.043785,0.2
"Paul",2008,211,6.06265,0.037225,0
"Paul",2008,212,6.25432,0.041145,0
"Paul",2008,213,5.02867,0.03276,0.3
"Paul",2008,214,4.08548,0.03845,0
"Paul",2008,215,3.68702,0.034865,0
"Paul",2008,216,3.6618,0.028385,0
"Paul",2008,217,3.69206,0.025825,0
"Paul",2008,218,5.20521,0.035125,0
"Paul",2008,219,3.58614,0.039265,0
"Paul",2008,220,4.23175,0.031605,0.4
"Paul",2008,221,4.26201,0.0292,0.2
"Paul",2008,222,4.33767,0.029395,0.2
"Paul",2008,223,3.27847,0.024875,0
"Paul",2008,224,2.648,0.03287,0
"Paul",2008,225,3.0162,0.0242,0.2
"Paul",2008,226,3.18768,0.0157,0.1
"Paul",2008,227,4.18636,0.018445,0.2
"Paul",2008,228,2.50173,0.0199625,0.2
"Paul",2008,229,3.13725,0.019975,0.1
"Paul",2008,230,2.95063,0.02393,0
"Paul",2008,231,2.42103,0.02029,0
"Paul",2008,232,3.14733,0.022925,0.1
"Paul",2008,233,1.94186,0.02367,0.2
"Paul",2008,234,3.35413,0.02496,0.1
"Paul",2008,235,5.26069,0.021075,0
"Paul",2008,236,3.08681,0.02066,0
"Paul",2008,237,5.58854,0.016875,0.1
"Paul",2008,238,4.70083,0.023605,0
"Paul",2008,239,3.46005,0.019105,0.4
"Paul",2008,240,2.73879,0.02152,0.1
"Paul",2009,138,2.66817,0.031945,0
"Paul",2009,139,2.83153,0.02095,0.3
"Paul",2009,140,2.32015,0.016665,0.2
"Paul",2009,141,2.28448,0.017015,0.2
"Paul",2009,142,2.74383,0.01564,0.1
"Paul",2009,143,2.29461,0.021345,0.05
"Paul",2009,144,2.08814,0.018215,0.25
"Paul",2009,145,2.02614,0.022535,0.15
"Paul",2009,146,2.33024,0.017425,0.1
"Paul",2009,147,2.9683,0.03202,0.1
"Paul",2009,148,2.65425,0.033885,0.3
"Paul",2009,149,2.14265,0.03572,0.1
"Paul",2009,150,2.15278,0.029285,0
"Paul",2009,151,2.83153,0.02746,0.05
"Paul",2009,152,3.03921,0.040545,0
"Paul",2009,153,2.66438,0.05487,0.05
"Paul",2009,154,2.38072,0.060725,0
"Paul",2009,155,1.90457,0.0403,0
"Paul",2009,156,2.07173,0.05025,0.2
"Paul",2009,157,1.9451,0.05561,0.1
"Paul",2009,158,2.53703,0.02367,0
"Paul",2009,159,2.76062,0.04696,0.1
"Paul",2009,160,3.41466,0.017795,0
"Paul",2009,161,2.62892,0.052185,0.158
"Paul",2009,162,2.24954,0.030875,0.05
"Paul",2009,163,2.2085,0.05299,0.1
"Paul",2009,164,2.59252,0.055975,0.05
"Paul",2009,165,2.49216,0.04332,0.05
"Paul",2009,166,2.81949,0.03553,0
"Paul",2009,167,2.75555,0.02963,0.25
"Paul",2009,168,2.47651,0.03592,0.25
"Paul",2009,169,2.35033,0.03171,0.05
"Paul",2009,170,2.85984,0.0263,0.15
"Paul",2009,171,2.83153,0.03847,0.2
"Paul",2009,172,3.10194,0.03801,0.2
"Paul",2009,173,2.43137,0.0254,0.25
"Paul",2009,174,2.09822,0.02028,0.25
"Paul",2009,175,2.08186,0.024505,0.3
"Paul",2009,176,1.94691,0.026265,0.35
"Paul",2009,177,1.58823,0.024435,0.25
"Paul",2009,178,1.90151,0.02817,0.15
"Paul",2009,179,2.24395,0.033765,0.3
"Paul",2009,180,2.46642,0.028005,0.15
"Paul",2009,181,3.01389,0.035805,0
"Paul",2009,182,2.94558,0.025645,0
"Paul",2009,183,3.28235,0.021745,0.05
"Paul",2009,184,3.03637,0.027855,0.05
"Paul",2009,185,2.83153,0.02587,0.15
"Paul",2009,186,2.54712,0.037285,0.05
"Paul",2009,187,2.26421,0.03296,0.1
"Paul",2009,188,2.14362,0.018495,0.2
"Paul",2009,189,2.15278,0.02321,0.25
"Paul",2009,190,1.72916,0.02435,0.1
"Paul",2009,191,2.66944,0.02933,0.1
"Paul",2009,192,2.05283,0.033655,0.05
"Paul",2009,193,2.26928,0.02904,0.25
"Paul",2009,194,2.4866,0.02976,0.1
"Paul",2009,195,2.9683,0.02446,0
"Paul",2009,196,2.71357,0.027685,0
"Paul",2009,197,2.8366,0.0258,0.05
"Paul",2009,198,3.97956,0.0335,0.15
"Paul",2009,199,3.78889,0.023625,0
"Paul",2009,200,3.55084,0.02533,0.2
"Paul",2009,201,2.81634,0.029905,0
"Paul",2009,202,2.88001,0.02489,0.1
"Paul",2009,203,2.46176,0.02199,0.05
"Paul",2009,204,2.65304,0.02421,0
"Paul",2009,205,2.99363,0.027395,0.15
"Paul",2009,206,3.67693,0.023285,0
"Paul",2009,207,2.87206,0.023435,0.45
"Paul",2009,208,2.25962,0.025395,0
"Paul",2009,209,2.90245,0.02109,0.05
"Paul",2009,210,2.79931,0.03644,0.05
"Paul",2009,211,3.20131,0.01747,0.05
"Paul",2009,212,2.52695,0.02814,0.05
"Paul",2009,213,3.28235,0.02442,0.15
"Paul",2009,214,2.63791,0.03009,0.1
"Paul",2009,215,2.69983,0.02985,0.25
"Paul",2009,216,2.88001,0.04157,0.15
"Paul",2009,217,2.37059,0.032245,0.05
"Paul",2009,218,1.79559,0.024515,0.2
"Paul",2009,219,2.07173,0.038205,0.15
"Paul",2009,220,2.05787,0.05066,0.15
"Paul",2009,221,2.14265,0.035625,0.6
"Paul",2009,222,2.19405,0.03206,0.2
"Paul",2009,223,1.78807,0.032295,0.25
"Paul",2009,224,1.6939,0.035695,0.1
"Paul",2009,225,1.91977,0.031355,0
"Paul",2009,226,2.93045,0.020475,0.3
"Paul",2009,227,1.82859,0.031155,0.4
"Paul",2009,228,2.62278,0.03538,0.5
"Paul",2009,229,2.81127,0.024855,0.35
"Paul",2009,230,2.99602,0.043495,0.05
"Paul",2009,231,2.64918,0.03072,0.3
"Paul",2009,232,3.85347,0.02976,0.2
"Paul",2009,233,4.33088,0.04089,0.05
"Paul",2009,234,4.20653,0.0404,0.368
"Paul",2009,235,3.56601,0.038295,0
"Paul",2009,236,3.8686,0.033385,0.15
"Paul",2009,237,4.59428,0.03454,0.05
"Paul",2009,238,3.27343,0.03372,0.1
"Paul",2009,239,2.60866,0.02407,0.3
"Paul",2009,240,4.08044,0.02928,0.2
"Paul",2009,241,4.10294,0.040865,0.6
"Paul",2009,242,3.24317,0.028225,0.05
"Paul",2009,243,3.16078,0.023625,0
"Paul",2009,244,2.14866,0.03224,0.4
"Paul",2009,245,3.24183,0.046205,0.15
"Paul",2009,246,2.90019,0.034275,0.2
"Paul",2009,247,2.42631,0.04048,0.25
"Paul",2010,137,4.08044,0.0507,0.24
"Paul",2010,138,7.21307,0.05099,0.42
"Paul",2010,139,4.3175,0.04033,0.12
"Paul",2010,140,1.64419,0.05539,0.33
"Paul",2010,141,2.22936,0.05383,0.54
"Paul",2010,142,4.61508,0.03524,0.39
"Paul",2010,143,5.26069,0.02531,0
"Paul",2010,144,2.50677,0.05099,0.33
"Paul",2010,145,4.2368,0.03148,0.06
"Paul",2010,146,3.11203,0.03969,0.06
"Paul",2010,147,3.43987,0.03598,0
"Paul",2010,148,4.04513,0.03987,0
"Paul",2010,149,2.86992,0.03452,0.24
"Paul",2010,150,3.23812,0.03204,0.18
"Paul",2010,151,3.65171,0.03572,0
"Paul",2010,152,4.06026,0.04315,0.3
"Paul",2010,153,4.92275,0.03539,0.06
"Paul",2010,154,5.46748,0.03442,0.12
"Paul",2010,155,5.09424,0.04188,0.12
"Paul",2010,156,4.69578,0.02849,0.18
"Paul",2010,157,4.20653,0.04086,0.06
"Paul",2010,158,7.10168,0.03419,0.21
"Paul",2010,159,6.60234,0.0359,0
"Paul",2010,160,8.49878,0.06156,0.18
"Paul",2010,161,4.5142,0.04411,0.12
"Paul",2010,162,6.10805,0.0384,0
"Paul",2010,163,6.46111,0.03829,0.06
"Paul",2010,164,8.99871,0.04564,0
"Paul",2010,165,4.02496,0.03847,0.12
"Paul",2010,166,5.43218,0.05622,0.06
"Paul",2010,167,6.50146,0.04613,0.12
"Paul",2010,168,3.27343,0.03624,0.06
"Paul",2010,169,3.74755,0.04994,0
"Paul",2010,170,3.87364,0.03654,0
"Paul",2010,171,4.30741,0.03116,0
"Paul",2010,172,3.33395,0.03506,0.21
"Paul",2010,173,4.01991,0.04015,0.06
"Paul",2010,174,3.37431,0.02972,0.12
"Paul",2010,175,3.55084,0.03826,0.18
"Paul",2010,176,3.76268,0.02223,0
"Paul",2010,177,3.77781,0.02032,0.12
"Paul",2010,178,3.00611,0.04362,0
"Paul",2010,179,4.3175,0.03287,0.06
"Paul",2010,180,2.57234,0.04311,0.06
"Paul",2010,181,2.37563,0.04579,0.18
"Paul",2010,182,2.04274,0.04246,0.06
"Paul",2010,183,2.30502,0.0403,0
"Paul",2010,184,2.79427,0.05241,0.06
"Paul",2010,185,4.10061,0.03501,0.06
"Paul",2010,186,2.21423,0.02636,0
"Paul",2010,187,1.93178,0.03811,0.06
"Paul",2010,188,1.54764,0.03657,0
"Paul",2010,189,1.93682,0.05208,0
"Paul",2010,190,1.80568,0.03716,0
"Paul",2010,191,2.33024,0.04574,0.12
"Paul",2010,192,3.48527,0.03316,0
"Paul",2010,193,2.0377,0.04531,0.21
"Paul",2010,194,1.58706,0.02664,0.06
"Paul",2010,195,2.7287,0.04259,0.12
"Paul",2010,196,2.43111,0.04596,0.06
"Paul",2010,197,2.28989,0.0471,0.12
"Paul",2010,198,2.1537,0.04148,0.06
"Paul",2010,199,2.09318,0.04556,0
"Paul",2010,200,3.24317,0.02896,0.12
"Paul",2010,201,4.19645,0.03609,0.12
"Paul",2010,202,2.4412,0.05906,0.18
"Paul",2010,203,3.85851,0.05424,0.18
"Paul",2010,204,3.43483,0.06507,0.18
"Paul",2010,205,3.40961,0.04546,0.54
"Paul",2010,206,2.63287,0.04884,0.12
"Paul",2010,207,2.74887,0.04484,0.18
"Paul",2010,208,2.88506,0.05212,0.18
"Paul",2010,209,2.67322,0.06175,0.18
"Paul",2010,210,2.60765,0.04471,0.12
"Paul",2010,211,3.339,0.04283,0
"Paul",2010,212,4.75126,0.02571,0.12
"Paul",2010,213,3.96443,0.03991,0.57
"Paul",2010,214,7.02098,0.05406,0.18
"Paul",2010,215,3.52562,0.04094,0.12
"Paul",2010,216,3.32891,0.03294,0.18
"Paul",2010,217,3.88373,0.06067,0.18
"Paul",2010,218,3.2583,0.02869,0.18
"Paul",2010,219,3.77781,0.02857,0.21
"Paul",2010,220,4.38307,0.03099,0.18
"Paul",2010,221,2.97584,0.04717,0.24
"Paul",2010,222,2.84471,0.03873,0.45
"Paul",2010,223,4.2721,0.03458,0.36
"Paul",2010,224,2.09822,0.02667,0.12
"Paul",2010,225,2.87497,0.04009,0.45
"Paul",2010,226,2.98593,0.02648,0.12
"Paul",2010,227,5.24556,0.03881,0.24
"Paul",2010,228,4.55456,0.03429,0.78
"Paul",2010,229,4.36289,0.04144,0.24
"Paul",2010,230,4.68569,0.02737,0.39
"Paul",2010,231,3.40898,0.0274,0.18
"Paul",2010,232,3.78285,0.03543,0.24
"Paul",2010,233,4.82222,0.03966,0.33
"Paul",2010,234,4.29228,0.03158,0
"Paul",2010,235,2.47189,0.03112,0.54
"Paul",2010,236,4.60499,0.03534,0.12
"Paul",2010,237,3.7433,0.04366,0.54
"Paul",2010,238,2.65808,0.03876,0.06
"Paul",2010,239,2.06667,0.03607,0.06
"Paul",2010,240,2.38572,0.04499,0.06
"Paul",2010,241,2.31487,0.03444,0.24
"Paul",2010,242,2.11225,0.03131,0.18
"Paul",2010,243,4.14853,0.05048,0.06
"Paul",2010,244,3.40392,0.04368,0.27
"Paul",2010,245,3.79902,0.0533,0.27
"Paul",2010,246,3.99657,0.04628,0.3
"Paul",2011,136,3.30179,0.03099,0
"Paul",2011,137,2.88056,0.02823,0.2
"Paul",2011,138,3.28478,0.07698,0.45
"Paul",2011,139,3.13585,0.01248,0.05
"Paul",2011,140,3.20393,0.01669,0.1
"Paul",2011,141,2.92736,0.01174,0.3
"Paul",2011,142,2.85929,0.01514,0
"Paul",2011,143,3.8762,0.02119,0.15
"Paul",2011,144,3.80813,0.03153,0
"Paul",2011,145,3.03374,0.02231,0.25
"Paul",2011,146,2.84227,0.03918,0.1
"Paul",2011,147,2.66356,0.01756,0.2
"Paul",2011,148,2.59548,0.0199,0.15
"Paul",2011,149,2.35295,0.00756,0
"Paul",2011,150,2.65505,0.02539,0.05
"Paul",2011,151,2.18701,0.0142,0
"Paul",2011,152,2.24658,0.01525,0.3
"Paul",2011,153,2.05086,0.03767,0
"Paul",2011,154,1.59984,0.00427,0
"Paul",2011,155,1.55303,0.02528,0.1
"Paul",2011,156,1.95725,0.01907,0.15
"Paul",2011,157,1.6977,0.02709,0
"Paul",2011,158,2.19552,0.02343,0.2
"Paul",2011,159,1.30865,0.02747,0.4
"Paul",2011,160,2.23807,0.01967,0.3
"Paul",2011,161,2.47635,0.02025,0.25
"Paul",2011,162,1.89768,0.04396,0.05
"Paul",2011,163,1.17411,0.02791,0.05
"Paul",2011,164,1.519,0.0447,0.05
"Paul",2011,165,1.37951,0.03747,0.1
"Paul",2011,166,1.61686,0.04564,0.05
"Paul",2011,167,3.15713,0.04663,0.05
"Paul",2011,168,1.82535,0.05126,0.1
"Paul",2011,169,2.4338,0.0396,0.25
"Paul",2011,170,3.52305,0.06995,0.1
"Paul",2011,171,3.38264,0.03015,0
"Paul",2011,172,3.05927,0.0356,0.15
"Paul",2011,173,2.23807,0.01822,0
"Paul",2011,174,3.76558,0.02878,0.05
"Paul",2011,175,3.07203,0.05318,0.05
"Paul",2011,176,2.13595,0.05,0.1
"Paul",2011,177,1.519,0.04356,0
"Paul",2011,178,3.11458,0.03181,0
"Paul",2011,179,3.14862,0.02925,0.25
"Paul",2011,180,2.11468,0.03778,0.15
"Paul",2011,181,2.27637,0.05763,0.05
"Paul",2011,182,1.81684,0.05207,0
"Paul",2011,183,1.89768,0.06221,0
"Paul",2011,184,1.77003,0.03255,0.05
"Paul",2011,185,1.75727,0.03739,0.3
"Paul",2011,186,1.97001,0.04071,0.05
"Paul",2011,187,1.66366,0.03335,0.15
"Paul",2011,188,2.45082,0.07559,0.25
"Paul",2011,189,1.59558,0.05506,0.1
"Paul",2011,190,2.94864,0.06274,0.2
"Paul",2011,191,2.68484,0.05916,0.05
"Paul",2011,192,2.49337,0.05087,0.1
"Paul",2011,193,2.43805,0.06097,0.25
"Paul",2011,194,2.3487,0.05308,0.2
"Paul",2011,195,2.81674,0.05996,0.1
"Paul",2011,196,1.88066,0.07549,0
"Paul",2011,197,1.95299,0.07852,0.2
"Paul",2011,198,2.03809,0.0723,0
"Paul",2011,199,2.36997,0.0394,0.05
"Paul",2011,200,2.06362,0.05271,0.1
"Paul",2011,201,1.33107,0.05149,0.25
"Paul",2011,202,2.00831,0.0518,0.45
"Paul",2011,203,1.94448,0.05824,0.2
"Paul",2011,204,2.96566,0.05102,0.15
"Paul",2011,205,2.23807,0.04952,0.2
"Paul",2011,206,3.16564,0.05499,0.35
"Paul",2011,207,2.09341,0.05977,0.2
"Paul",2011,208,3.48901,0.05379,0.1
"Paul",2011,209,2.50188,0.04768,0.15
"Paul",2011,210,2.40401,0.05817,0.2
"Paul",2011,211,1.81684,0.06156,0.25
"Paul",2011,212,2.33593,0.06721,0.3
"Paul",2011,213,3.37413,0.06513,0.4
"Paul",2011,214,4.36552,0.06093,0.3
"Paul",2011,215,2.83376,0.0494,0.25
"Paul",2011,216,2.70611,0.05133,0.05
"Paul",2011,217,2.93162,0.07446,0.15
"Paul",2011,218,1.96576,0.0747,0.05
"Paul",2011,219,3.24223,0.05831,0.15
"Paul",2011,220,2.94864,0.05835,0.4
"Paul",2011,221,5.23351,0.06777,0.35
"Paul",2011,222,4.00385,0.08366,0.45
"Paul",2011,223,3.4805,0.07303,0.3
"Paul",2011,224,4.59528,0.05904,0.25
"Paul",2011,225,3.48476,0.0647,0.15
"Paul",2011,226,4.33148,0.05952,0.15
"Paul",2011,227,3.68048,0.05966,0.2
"Paul",2011,228,3.34434,0.06493,0.2
"Paul",2011,229,3.4805,0.06886,0.25
"Paul",2011,230,3.76558,0.06233,0.3
"Paul",2011,231,4.45487,0.05991,0.25
"Paul",2011,232,5.03779,0.01534,0.25
"Paul",2011,233,5.0463,0.0442,0.15
"Paul",2011,234,5.21224,0.05052,0.1
"Paul",2011,235,5.46753,0.04379,0.25
"Paul",2011,236,4.46338,0.04301,0.55
"Paul",2011,237,3.98258,0.03488,0.35
"Paul",2011,238,4.57826,0.04218,0.2
"Paul",2011,239,3.39966,0.03198,0.15
"Paul",2011,240,2.46784,0.03663,0.15
"Paul",2011,241,2.42529,0.04798,0.05
"Paul",2011,242,2.88907,0.04424,0.1
"Paul",2011,243,3.59113,0.0331,0.3
"Paul",2011,244,3.09331,0.03131,0.25
"Paul",2011,245,3.54007,0.04179,0.25
"Paul",2011,246,3.51879,0.03998,0.1
"Peter",2008,136,8.08505,0.042334,12.97
"Peter",2008,137,14.42403,0.026538,17.03
"Peter",2008,138,11.80493,0.031598,5.9
"Peter",2008,139,11.748,0.02947,23.33
"Peter",2008,140,11.99472,0.043448,12.1
"Peter",2008,141,13.41815,0.0509,6.6
"Peter",2008,142,10.5713,0.056956,14.13
"Peter",2008,143,9.94499,0.041764,6.1
"Peter",2008,144,8.50259,0.067688,4.33
"Peter",2008,145,6.62252,0.06074,17.9
"Peter",2008,146,5.99204,0.085306,19.1
"Peter",2008,147,6.31484,0.072402,19.37
"Peter",2008,148,5.48262,0.09212,12.87
"Peter",2008,149,5.31617,0.092254,11.83
"Peter",2008,150,2.91532,0.089106,13.77
"Peter",2008,151,4.63526,0.088952,14.3
"Peter",2008,152,5.89621,0.098454,14.4
"Peter",2008,153,5.27078,0.100456,13.93
"Peter",2008,154,3.86355,0.083376,13.93
"Peter",2008,155,3.96947,0.1142375,12.17
"Peter",2008,156,3.58614,0.12109,11.07
"Peter",2008,157,3.75259,0.0971,9.3
"Peter",2008,158,4.83701,0.1149,10.43
"Peter",2008,159,4.90762,0.1113375,12.23
"Peter",2008,160,3.10698,0.1046375,23.33
"Peter",2008,161,3.60632,0.115525,21.5
"Peter",2008,162,3.99974,0.13575,22.5
"Peter",2008,163,4.52934,0.1424,16.83
"Peter",2008,164,4.48394,0.15217,10.57
"Peter",2008,165,4.74118,0.174755,15.5
"Peter",2008,166,3.84338,0.16547,11.33
"Peter",2008,167,3.75259,0.12204,16.13
"Peter",2008,168,5.91638,0.197325,14.3
"Peter",2008,169,5.1699,0.14992,9.87
"Peter",2008,170,3.9493,0.16401,8.1
"Peter",2008,171,4.44359,0.15975,13.07
"Peter",2008,172,4.78657,0.137065,21.13
"Peter",2008,173,4.62517,0.134635,17.8
"Peter",2008,174,5.21025,0.103755,14.13
"Peter",2008,175,4.9631,0.161495,11.23
"Peter",2008,176,5.99708,0.117405,13.9
"Peter",2008,177,5.24556,0.134045,14.27
"Peter",2008,178,6.24927,0.13604,15.3
"Peter",2008,179,6.13327,0.126595,17.03
"Peter",2008,180,6.21397,0.114115,12.13
"Peter",2008,181,7.92886,0.162485,12.1
"Peter",2008,182,6.46111,0.117545,11.3
"Peter",2008,183,6.43085,0.113665,11.77
"Peter",2008,184,6.69817,0.11779,17.4
"Peter",2008,185,6.43589,0.103845,10.07
"Peter",2008,186,5.86594,0.078425,12.97
"Peter",2008,187,5.61375,0.078585,13.73
"Peter",2008,188,6.23919,0.10034,13.07
"Peter",2008,189,7.59093,0.057705,14.53
"Peter",2008,190,8.33741,0.067965,17.5
"Peter",2008,191,7.47996,0.068275,10.37
"Peter",2008,192,6.3098,0.064285,12.6
"Peter",2008,193,8.25166,0.05716,11.5
"Peter",2008,194,6.62756,0.070165,10.4
"Peter",2008,195,6.64773,0.058955,7.77
"Peter",2008,196,7.07646,0.064985,6.6
"Peter",2008,197,6.28458,0.065435,9.4
"Peter",2008,198,5.19512,0.05468,10.83
"Peter",2008,199,5.07407,0.05547,11.13
"Peter",2008,200,6.21397,0.04481,9.53
"Peter",2008,201,6.17866,0.057995,7.9
"Peter",2008,202,7.80781,0.04282,8.7
"Peter",2008,203,6.73852,0.05102,8.33
"Peter",2008,204,6.09292,0.04921,6.9
"Peter",2008,205,6.91001,0.050785,7.1
"Peter",2008,206,6.36024,0.04498,6.83
"Peter",2008,207,6.69313,0.04277,6.8
"Peter",2008,208,7.95912,0.04393,6.37
"Peter",2008,209,6.79905,0.04604,5.8
"Peter",2008,210,7.17229,0.038705,6.7
"Peter",2008,211,7.64136,0.050305,8.43
"Peter",2008,212,8.53878,0.03308,6.1
"Peter",2008,213,6.78392,0.049985,6.43
"Peter",2008,214,6.82931,0.044235,6.87
"Peter",2008,215,6.85957,0.046345,5.73
"Peter",2008,216,7.79888,0.03612,5.9
"Peter",2008,217,7.93886,0.04757,5.63
"Peter",2008,218,8.23882,0.039025,7.07
"Peter",2008,219,8.13883,0.045275,6.37
"Peter",2008,220,8.15883,0.0408,6.33
"Peter",2008,221,7.15897,0.045605,5.57
"Peter",2008,222,7.21897,0.053095,5.87
"Peter",2008,223,7.15897,0.05609,3.93
"Peter",2008,224,10.17854,0.03881,4.57
"Peter",2008,225,6.73903,0.03824,5.47
"Peter",2008,226,7.85887,0.037425,5.5
"Peter",2008,227,6.09796,0.038545,4.1
"Peter",2008,228,6.21397,0.036645,4.07
"Peter",2008,229,6.20388,0.03526,4.33
"Peter",2008,230,6.794,0.02988,4.7
"Peter",2008,231,5.60871,0.03851,4.73
"Peter",2008,232,6.67295,0.03413,4.07
"Peter",2008,233,5.83064,0.02965,5.3
"Peter",2008,234,6.38546,0.025295,6.07
"Peter",2008,235,6.09796,0.029525,2.8
"Peter",2008,236,8.73875,0.02995,2.9
"Peter",2008,237,6.20388,0.01853,4.47
"Peter",2008,238,7.98939,0.025885,5.33
"Peter",2008,239,6.16857,0.028055,4.9
"Peter",2008,240,6.16353,0.033555,4.53
"Peter",2009,138,3.93578,0.1713,8.333
"Peter",2009,139,3.11203,0.177945,6.5
"Peter",2009,140,3.06454,0.12307,4.333
"Peter",2009,141,3.11707,0.13648,6.167
"Peter",2009,142,2.85686,0.1039,6.167
"Peter",2009,143,2.54712,0.113095,5.9
"Peter",2009,144,2.13252,0.074475,5.9
"Peter",2009,145,2.55217,0.1333,5.167
"Peter",2009,146,3.24689,0.075455,4.467
"Peter",2009,147,3.89886,0.100125,4
"Peter",2009,148,3.52562,0.112635,3.933
"Peter",2009,149,3.21795,0.129425,3.433
"Peter",2009,150,2.81949,0.128045,3.267
"Peter",2009,151,2.86992,0.101525,2.533
"Peter",2009,152,3.42474,0.091955,2.067
"Peter",2009,153,3.85347,0.119275,2.6
"Peter",2009,154,3.53571,0.13583,1.467
"Peter",2009,155,2.62782,0.106185,3.467
"Peter",2009,156,2.58747,0.084655,3.033
"Peter",2009,157,2.8094,0.109595,3.033
"Peter",2009,158,2.94558,0.112615,2.6
"Peter",2009,159,3.54075,0.08602,2.1
"Peter",2009,160,3.33395,0.107725,3.4
"Peter",2009,161,2.81949,0.120465,2.667
"Peter",2009,162,2.81949,0.099295,2.8
"Peter",2009,163,2.69339,0.081595,4.167
"Peter",2009,164,2.6026,0.09028,7.067
"Peter",2009,165,3.11203,0.13723,6.1
"Peter",2009,166,2.9708,0.10696,8.533
"Peter",2009,167,3.06159,0.105745,10.167
"Peter",2009,168,3.12716,0.130165,9
"Peter",2009,169,3.03133,0.11811,8.667
"Peter",2009,170,3.70215,0.106555,6.033
"Peter",2009,171,3.83329,0.13735,6.533
"Peter",2009,172,3.69711,0.11203,7.067
"Peter",2009,173,4.05017,0.08349,6.3
"Peter",2009,174,4.2368,0.07724,6.3
"Peter",2009,175,4.21158,0.09923,6.7
"Peter",2009,176,4.41333,0.10486,5.867
"Peter",2009,177,4.92275,0.11933,7.1
"Peter",2009,178,5.71967,0.09481,7.033
"Peter",2009,179,6.91901,0.1373,7
"Peter",2009,180,8.55877,0.09254,5.533
"Peter",2009,181,8.55877,0.08826,4.767
"Peter",2009,182,8.31881,0.07982,5.133
"Peter",2009,183,6.83902,0.07011,5.5
"Peter",2009,184,6.59905,0.05849,3.933
"Peter",2009,185,5.39687,0.06176,3.833
"Peter",2009,186,4.32254,0.07095,4.133
"Peter",2009,187,3.51049,0.065635,2.8
"Peter",2009,188,2.73374,0.06622,3.7
"Peter",2009,189,2.05283,0.05692,3.333
"Peter",2009,190,1.8309,0.06813,3.733
"Peter",2009,191,2.11335,0.04198,4.467
"Peter",2009,192,2.37059,0.06659,5.233
"Peter",2009,193,2.16884,0.04927,3.6
"Peter",2009,194,1.60261,0.05033,5.433
"Peter",2009,195,2.27476,0.06502,4.333
"Peter",2009,196,2.1184,0.05902,7.533
"Peter",2009,197,2.01752,0.09024,5.6
"Peter",2009,198,2.29493,0.06829,7.033
"Peter",2009,199,2.01752,0.07357,10.433
"Peter",2009,200,1.78046,0.066105,11.8
"Peter",2009,201,1.60676,0.071625,7.467
"Peter",2009,202,2.34537,0.07025,10.667
"Peter",2009,203,2.31511,0.05131,9.267
"Peter",2009,204,1.28832,0.049985,8.333
"Peter",2009,205,2.08309,0.08099,9.267
"Peter",2009,206,3.99469,0.061265,11.1
"Peter",2009,207,2.03265,0.059915,11.9
"Peter",2009,208,3.27847,0.052185,9.3
"Peter",2009,209,4.5142,0.05616,9.7
"Peter",2009,210,3.88373,0.04518,10.133
"Peter",2009,211,6.69313,0.059495,9.5
"Peter",2009,212,2.1991,0.03725,9.633
"Peter",2009,213,6.78896,0.043415,10.8
"Peter",2009,214,7.11681,0.05295,8.233
"Peter",2009,215,5.09424,0.03755,8.933
"Peter",2009,216,3.12211,0.06474,7.567
"Peter",2009,217,2.05787,0.05907,6.5
"Peter",2009,218,2.1184,0.04698,7.133
"Peter",2009,219,2.8094,0.04895,7
"Peter",2009,220,2.52695,0.06545,8.6
"Peter",2009,221,3.44996,0.04845,6.733
"Peter",2009,222,2.17388,0.0504,4.9
"Peter",2009,223,1.9923,0.07213,4.733
"Peter",2009,224,2.06796,0.05434,5.033
"Peter",2009,225,1.97717,0.05707,5.767
"Peter",2009,226,2.33024,0.03162,5.933
"Peter",2009,227,2.06292,0.08139,5.767
"Peter",2009,228,2.51181,0.08208,8
"Peter",2009,229,2.52695,0.06159,6.967
"Peter",2009,230,3.58614,0.05138,7.4
"Peter",2009,231,4.57473,0.06355,7.267
"Peter",2009,232,5.42713,0.05058,6.8
"Peter",2009,233,6.79905,0.07305,4.967
"Peter",2009,234,7.22777,0.05709,4.8
"Peter",2009,235,4.99337,0.07094,5.633
"Peter",2009,236,7.68171,0.06322,5.233
"Peter",2009,237,7.49005,0.05543,5.167
"Peter",2009,238,5.94665,0.05828,4.233
"Peter",2009,239,2.84975,0.0529,3.9
"Peter",2009,240,4.15609,0.03697,4.533
"Peter",2009,241,4.53438,0.02687,4.033
"Peter",2009,242,3.88877,0.0344,6.08
"Peter",2009,243,3.65676,0.04647,5.133
"Peter",2009,244,2.89514,0.052535,4.367
"Peter",2009,245,2.25458,0.05094,4.433
"Peter",2009,246,3.41466,0.03188,3.2
"Peter",2009,247,3.01115,0.03428,2.767
"Peter",2010,137,3.00233,0.15129,10.2
"Peter",2010,138,2.46711,0.13838,7.92
"Peter",2010,139,1.94718,0.14197,9.42
"Peter",2010,140,1.96757,0.14555,9.66
"Peter",2010,141,1.53147,0.12774,12.93
"Peter",2010,142,1.85513,0.14743,12.99
"Peter",2010,143,1.78975,0.20638,9.6
"Peter",2010,144,1.59792,0.24582,12.87
"Peter",2010,145,2.38046,0.17606,17.16
"Peter",2010,146,1.95738,0.15211,16.47
"Peter",2010,147,1.83504,0.21904,9.9
"Peter",2010,148,1.97777,0.16978,9.75
"Peter",2010,149,2.43653,0.17991,9.39
"Peter",2010,150,2.73217,0.21574,9.24
"Peter",2010,151,1.92673,0.20487,13.14
"Peter",2010,152,3.42925,0.20669,9.3
"Peter",2010,153,3.31274,0.25652,7.62
"Peter",2010,154,3.39379,0.21441,6.15
"Peter",2010,155,4.84755,0.24141,7.41
"Peter",2010,156,4.84248,0.23519,5.91
"Peter",2010,157,6.20506,0.22,4.86
"Peter",2010,158,6.17973,0.16989,3.18
"Peter",2010,159,7.06111,0.16563,4.5
"Peter",2010,160,8.11542,0.12998,3.96
"Peter",2010,161,8.2578,0.14318,3.48
"Peter",2010,162,10.19854,0.16239,3.87
"Peter",2010,163,11.23839,0.16072,3.93
"Peter",2010,164,11.49835,0.08447,2.79
"Peter",2010,165,12.51821,0.13511,2.79
"Peter",2010,166,12.85816,0.16987,3.48
"Peter",2010,167,13.49807,0.10682,2.85
"Peter",2010,168,13.05813,0.0992,3.54
"Peter",2010,169,12.15826,0.08077,5.37
"Peter",2010,170,12.45822,0.08092,6.03
"Peter",2010,171,12.19825,0.08204,7.62
"Peter",2010,172,10.85844,0.0613,6.84
"Peter",2010,173,11.47836,0.06804,9.63
"Peter",2010,174,10.07856,0.064,10.8
"Peter",2010,175,10.57848,0.05523,9.33
"Peter",2010,176,9.83859,0.0437,9.99
"Peter",2010,177,10.4785,0.05524,11.28
"Peter",2010,178,8.65876,0.03693,7.2
"Peter",2010,179,7.91887,0.03871,9.06
"Peter",2010,180,7.63891,0.03932,6.09
"Peter",2010,181,5.97691,0.02493,5.1
"Peter",2010,182,5.28086,0.04171,6.18
"Peter",2010,183,4.70587,0.03166,5.82
"Peter",2010,184,4.95806,0.0277,6.42
"Peter",2010,185,5.07911,0.02757,6.9
"Peter",2010,186,4.50916,0.02683,10.02
"Peter",2010,187,6.60234,0.01531,8.73
"Peter",2010,188,2.80436,0.02829,7.5
"Peter",2010,189,2.84975,0.02611,8.91
"Peter",2010,190,2.97584,0.02455,8.49
"Peter",2010,191,2.36554,0.02185,6.66
"Peter",2010,192,3.73746,0.02118,12.96
"Peter",2010,193,3.50544,0.02305,8.43
"Peter",2010,194,3.47518,0.01776,6.45
"Peter",2010,195,3.283516646,0.02764,8.07
"Peter",2010,196,3.495356429,0.02639,6.96
"Peter",2010,197,3.767721865,0.02503,4.62
"Peter",2010,198,3.439874581,0.01892,4.44
"Peter",2010,199,3.661801974,0.0308,5.28
"Peter",2010,200,3.803028496,0.02989,4.05
"Peter",2010,201,3.737459039,0.02826,4.05
"Peter",2010,202,3.42979,0.04239,4.71
"Peter",2010,203,4.11574,0.03938,3.51
"Peter",2010,204,4.08044,0.04304,4.74
"Peter",2010,205,3.63658,0.02701,2.4
"Peter",2010,206,2.4866,0.05003,1.47
"Peter",2010,207,2.83462,0.04452,1.92
"Peter",2010,208,3.42474,0.05725,4.35
"Peter",2010,209,3.76268,0.04872,3.42
"Peter",2010,210,2.51686,0.04613,2.7
"Peter",2010,211,3.19273,0.06105,2.43
"Peter",2010,212,3.49031,0.04491,2.94
"Peter",2010,213,3.43483,0.06827,1.59
"Peter",2010,214,6.75365,0.05734,1.8
"Peter",2010,215,3.00106,0.05056,2.1
"Peter",2010,216,3.84842,0.05062,1.86
"Peter",2010,217,3.96443,0.07209,1.71
"Peter",2010,218,3.99974,0.05943,1.32
"Peter",2010,219,3.54075,0.05052,2.31
"Peter",2010,220,3.73746,0.0591,2.67
"Peter",2010,221,2.92541,0.07404,1.08
"Peter",2010,222,2.46138,0.0583,0.81
"Peter",2010,223,4.46377,0.06663,1.41
"Peter",2010,224,2.74887,0.06549,0.81
"Peter",2010,225,4.14096,0.05651,1.74
"Peter",2010,226,3.67189,0.05692,0.51
"Peter",2010,227,5.28591,0.05321,1.95
"Peter",2010,228,4.36793,0.08026,1.59
"Peter",2010,229,3.96947,0.06044,1.86
"Peter",2010,230,4.66552,0.04928,2.19
"Peter",2010,231,2.37563,0.06514,2.25
"Peter",2010,232,4.3982,0.04678,3.3
"Peter",2010,233,4.02496,0.05443,0.78
"Peter",2010,234,3.53571,0.06269,0.78
"Peter",2010,235,3.16751,0.05921,0.87
"Peter",2010,236,4.89753,0.0727,1.05
"Peter",2010,237,4.97823,0.05841,1.32
"Peter",2010,238,3.6618,0.07816,1.05
"Peter",2010,239,4.18131,0.06295,0.66
"Peter",2010,240,4.1914,0.07682,0.96
"Peter",2010,241,4.25697,0.05859,0.81
"Peter",2010,242,3.98461,0.0441,0.66
"Peter",2010,243,5.26573,0.09289,0.42
"Peter",2010,244,5.55323,0.03891,0.3
"Peter",2010,245,5.70959,0.04597,0.93
"Peter",2010,246,7.22777,0.04524,1.05
"Peter",2011,136,7.65637,0.14631,0.56667
"Peter",2011,137,5.40797,0.19346,0.96667
"Peter",2011,138,8.75014,0.12548,0.63333
"Peter",2011,139,7.58465,0.17894,0.73333
"Peter",2011,140,6.11853,0.21533,0.23333
"Peter",2011,141,8.26601,0.17761,0.66667
"Peter",2011,142,5.97387,0.14204,0.76667
"Peter",2011,143,7.06466,0.12842,0.76667
"Peter",2011,144,6.84949,0.13845,1.2
"Peter",2011,145,4.86759,0.12919,0.7
"Peter",2011,146,4.42934,0.17285,0.66667
"Peter",2011,147,3.53581,0.17206,0.9
"Peter",2011,148,4.71442,0.06077,0.4
"Peter",2011,149,4.24638,0.13482,0.53333
"Peter",2011,150,8.75014,0.10253,1.16667
"Peter",2011,151,5.06757,0.08498,0.43333
"Peter",2011,152,5.08034,0.12807,0.33333
"Peter",2011,153,3.7443,0.11219,1.06667
"Peter",2011,154,4.11022,0.09259,1.16667
"Peter",2011,155,2.51889,0.12225,2.03333
"Peter",2011,156,2.12745,0.09003,5.33333
"Peter",2011,157,2.55719,0.10182,6.36667
"Peter",2011,158,2.02958,0.09281,6.5
"Peter",2011,159,1.73174,0.12563,6.1
"Peter",2011,160,2.58272,0.07601,2.16667
"Peter",2011,161,2.72313,0.0776,0.73333
"Peter",2011,162,2.45082,0.1224,0.56667
"Peter",2011,163,2.22105,0.08543,0.63333
"Peter",2011,164,1.90194,0.10472,0.3
"Peter",2011,165,2.42954,0.10333,0.9
"Peter",2011,166,2.32742,0.09736,1.36667
"Peter",2011,167,3.80813,0.07086,0.73333
"Peter",2011,168,2.1785,0.07805,0.4
"Peter",2011,169,1.99554,0.0937,0.56667
"Peter",2011,170,3.76132,0.08812,0.63333
"Peter",2011,171,3.28478,0.05905,0.66667
"Peter",2011,172,3.12734,0.0813,0.43333
"Peter",2011,173,3.13585,0.05505,0.16667
"Peter",2011,174,3.76983,0.05652,0.06667
"Peter",2011,175,2.79546,0.06071,0.46667
"Peter",2011,176,1.89768,0.07354,0.1
"Peter",2011,177,1.63388,0.09226,0.13333
"Peter",2011,178,2.88907,0.05149,0.5
"Peter",2011,179,3.0848,0.06742,0.43333
"Peter",2011,180,2.07213,0.05255,0.1
"Peter",2011,181,2.79972,0.08615,0.23333
"Peter",2011,182,2.05937,0.06296,0.13333
"Peter",2011,183,1.66792,0.07339,0.33333
"Peter",2011,184,1.519,0.08515,0.86667
"Peter",2011,185,4.41232,0.06484,0.1
"Peter",2011,186,1.84237,0.06416,0.33333
"Peter",2011,187,1.37413,0.07204,0.63333
"Peter",2011,188,2.92311,0.05267,0.5
"Peter",2011,189,1.68919,0.06333,0.26667
"Peter",2011,190,2.54868,0.07642,0.63333
"Peter",2011,191,2.1785,0.06408,0.3
"Peter",2011,192,2.02107,0.07035,0.6
"Peter",2011,193,2.4338,0.0536,0.3
"Peter",2011,194,2.267856446,0.06625,0.66667
"Peter",2011,195,3.055011123,0.04956,0.76667
"Peter",2011,196,1.893426114,0.07699,0.6
"Peter",2011,197,1.829602761,0.08182,0.23333
"Peter",2011,198,1.833857652,0.08419,0.33333
"Peter",2011,199,2.655051449,0.05669,0.5
"Peter",2011,200,1.757269629,0.04341,0.6
"Peter",2011,201,2.79546,0.0441,0.36667
"Peter",2011,202,1.84237,0.05057,0.5
"Peter",2011,203,1.70621,0.04411,0.73333
"Peter",2011,204,3.03374,0.04803,0.56667
"Peter",2011,205,2.23807,0.03149,0.6
"Peter",2011,206,2.69335,0.04511,0.36667
"Peter",2011,207,2.42954,0.04301,0.83333
"Peter",2011,208,3.10181,0.04105,0.36667
"Peter",2011,209,2.56144,0.04211,0.36667
"Peter",2011,210,2.65931,0.03343,0.36667
"Peter",2011,211,2.88482,0.03792,0.43333
"Peter",2011,212,3.06778,0.03202,0.46667
"Peter",2011,213,3.81664,0.02717,0.26667
"Peter",2011,214,5.55263,0.03511,0.7
"Peter",2011,215,5.02503,0.03168,0.33333
"Peter",2011,216,4.96971,0.02974,0.6
"Peter",2011,217,4.58252,0.03233,0.36667
"Peter",2011,218,4.47614,0.03237,0.26667
"Peter",2011,219,5.02503,0.03251,0.3
"Peter",2011,220,5.32712,0.02495,0.33333
"Peter",2011,221,5.83345,0.03691,0.36667
"Peter",2011,222,7.20811,0.03703,0.46667
"Peter",2011,223,6.93915,0.02926,0.23333
"Peter",2011,224,6.41916,0.02972,0.13333
"Peter",2011,225,6.50881,0.02945,0.1
"Peter",2011,226,6.52674,0.02771,0.13333
"Peter",2011,227,6.11434,0.03105,0.33333
"Peter",2011,228,5.39095,0.02636,0.1
"Peter",2011,229,4.44636,0.0284,0.53333
"Peter",2011,230,4.49316,0.02678,0.13333
"Peter",2011,231,4.40381,0.02373,0.3
"Peter",2011,232,4.62507,0.02644,0.36667
"Peter",2011,233,4.59954,0.02502,0.3
"Peter",2011,234,4.36977,0.03248,0.26667
"Peter",2011,235,3.91875,0.02536,0.13333
"Peter",2011,236,3.47625,0.0381,0.16667
"Peter",2011,237,3.04225,0.0362,0.36667
"Peter",2011,238,3.02097,0.03262,0.53333
"Peter",2011,239,2.63378,0.03826,0.3
"Peter",2011,240,2.9614,0.02573,0.16667
"Peter",2011,241,2.47635,0.04087,0.36667
"Peter",2011,242,2.2168,0.03027,0.3
"Peter",2011,243,2.82099,0.02982,0.16667
"Peter",2011,244,3.17415,0.03972,0.13333
"Peter",2011,245,3.39966,0.03448,0.23333
"Peter",2011,246,2.7444,0.02159,0.56667
