"lakeid","year4","daynum","sampledate","taxon_name","number_per_net","mean_length","mean_individ_biomass","net_efficiency_mean","abundance_raw","abundance","biomass","manual_chl","start.date.group","event_index","period"
"T",2015,224,2015-08-12,"Bosmina longirostris",3534.07549234136,0.2358,0.405835638822685,0.0827637966666667,49996.9407880934,604091.919434984,0.245162030031519,14.5573536213744,2014-08-15,34,"before"
"T",2015,224,2015-08-12,"Cyclopoid",7833.69256017506,0.363066666666667,0.63103241403047,0.1414484125,110824.079432361,783494.685261041,0.494410542620318,14.5573536213744,2014-08-15,34,"before"
"T",2015,224,2015-08-12,"Diaphanosoma birgei",891.384026258206,0.407,0.377237271928417,0.0986319874,12610.5043530799,127854.103780129,0.0482313333148684,14.5573536213744,2014-08-15,34,"before"
"T",2015,224,2015-08-12,"Mesocyclops edax",41.9474835886214,1.00775,7.44033434749821,0.182725419,593.435498968467,3247.68990661593,0.0241638987622178,14.5573536213744,2014-08-15,34,"before"
"T",2015,224,2015-08-12,"Nauplii",1363.2932166302,0.146866666666667,0.815817052988761,0.11984711325,19286.6537164752,160927.144538254,0.131287108803095,14.5573536213744,2014-08-15,34,"before"
"T",2015,203,2015-07-22,"Bosmina longirostris",2566.4163104242,0.229823529411765,0.378642270822755,0.0827637966666667,36307.3637187267,438686.541471213,0.166105268242041,7.42107856483171,2014-08-15,33,"before"
"T",2015,203,2015-07-22,"Cyclopoid",1826.34824071029,0.344125,0.585978469116991,0.1414484125,25837.5422503315,182664.066663396,0.107037210146101,7.42107856483171,2014-08-15,33,"before"
"T",2015,203,2015-07-22,"Diaphanosoma birgei",600.312726076948,0.410888888888889,0.418084816338722,0.0986319874,8492.68780054375,86104.8025535756,0.0359991105614936,7.42107856483171,2014-08-15,33,"before"
"T",2015,203,2015-07-22,"Mesocyclops edax",6.35251561986189,1.0835,9.85187046989845,0.182725419,89.8697121750663,491.829284983422,0.00484543840895945,7.42107856483171,2014-08-15,33,"before"
"T",2015,203,2015-07-22,"Nauplii",1200.6254521539,0.1295,0.766284648849675,0.11984711325,16985.3756010876,141725.362759937,0.108601969835591,7.42107856483171,2014-08-15,33,"before"
"T",2014,141,2014-05-21,"Bosmina longirostris",2.76271554061382,0.2465,0.439584007734818,0.0827637966666667,39.0844297462655,472.240657393704,0.00020758944079245,NA,2014-08-15,32,"before"
"T",2014,141,2014-05-21,"Cyclopoid",190.627372302353,0.393533333333333,0.750118677393643,0.1414484125,2696.82565249231,19065.7894622346,0.0143016047748771,NA,2014-08-15,32,"before"
"T",2014,141,2014-05-21,"Diaphanosoma birgei",4.14407331092072,0.354666666666667,0.217995258533623,0.0986319874,58.6266446193982,594.397884143194,0.000129575920425634,NA,2014-08-15,32,"before"
"T",2014,141,2014-05-21,"Mesocyclops edax",5.52543108122763,1.03,7.97728306827322,0.182725419,78.168859492531,427.794118192888,0.003412634775767,NA,2014-08-15,32,"before"
"T",2014,141,2014-05-21,"Nauplii",512.483732783863,0.155066666666667,0.832815357858304,0.11984711325,7250.16171793225,60495.088461651,0.0503812387458596,NA,2014-08-15,32,"before"
"T",2013,233,2013-08-21,"Bosmina longirostris",74.8115510965107,0.219666666666667,0.335593224274402,0.0827637966666667,1058.36694732281,12787.8008253465,0.00429149931035688,21.64699125,2014-08-15,31,"before"
"T",2013,233,2013-08-21,"Cyclopoid",641.716860516736,0.392631578947368,0.850718113148338,0.1414484125,9078.43648148008,64181.9609073384,0.0546007566812513,21.64699125,2014-08-15,31,"before"
"T",2013,233,2013-08-21,"Diaphanosoma birgei",18.2872680458137,0.457444444444444,0.538283314072092,0.0986319874,258.711920456686,2623.00220523272,0.00141191831985107,21.64699125,2014-08-15,31,"before"
"T",2013,233,2013-08-21,"Mesocyclops edax",16.6247891325579,0.976636363636364,5.98015490143023,0.182725419,235.192654960623,1287.13704008868,0.0076972788790987,21.64699125,2014-08-15,31,"before"
"T",2013,233,2013-08-21,"Nauplii",2490.39341205718,0.163227272727273,0.853200825802485,0.11984711325,35231.8597131015,293973.369551323,0.250818321665128,21.64699125,2014-08-15,31,"before"
"T",2013,191,2013-07-10,"Bosmina longirostris",983.394464739025,0.224789473684211,0.357356743664801,0.0827637966666667,13912.1857842155,168095.065046945,0.0600699050712993,10.93118795,2014-08-15,30,"before"
"T",2013,191,2013-07-10,"Cyclopoid",613.796545105566,0.374,0.696358980916911,0.1414484125,8683.44481833585,61389.4823198235,0.042749117347249,10.93118795,2014-08-15,30,"before"
"T",2013,191,2013-07-10,"Diaphanosoma birgei",65.9996285059748,0.373555555555556,0.314843844025754,0.0986319874,933.70374390708,9466.54091152461,0.00298048213021147,10.93118795,2014-08-15,30,"before"
"T",2013,191,2013-07-10,"Nauplii",791.995542071698,0.148277777777778,0.816341052308037,0.11984711325,11204.444926885,93489.4852537048,0.0763193047717461,10.93118795,2014-08-15,30,"before"
"T",2013,184,2013-07-03,"Bosmina longirostris",359.465869835567,0.243888888888889,0.448498111636053,0.0827637966666667,5085.40178285852,61444.7619330479,0.0275578596968988,5.966252714,2014-08-15,29,"before"
"T",2013,184,2013-07-03,"Cyclopoid",394.80903689374,0.350266666666667,0.691172620242383,0.1414484125,5585.40531546571,39487.2251780536,0.0272924888924163,5.966252714,2014-08-15,29,"before"
"T",2013,184,2013-07-03,"Diaphanosoma birgei",16.3785408318364,0.450333333333333,0.539787477236364,0.0986319874,231.708954135041,2349.2272663568,0.00126808345956162,5.966252714,2014-08-15,29,"before"
"T",2013,184,2013-07-03,"Nauplii",776.687646814978,0.156222222222222,0.835684686570206,0.11984711325,10987.8825092459,91682.4962343919,0.0766176581296119,5.966252714,2014-08-15,29,"before"
"L",2019,211,2019-07-30,"Cyclopoid",223.5625,0.40723,0.234700811187854,0.221882997777778,3162.76239688727,14254.1899494925,0.00334546994397166,5.42477551671105,2014-08-15,28,"before"
"L",2019,211,2019-07-30,"Calanoid",15.4181034482759,0.776096923076923,0.726110395660704,0.119340016222222,218.121544612915,1827.73181634862,0.00132713507233055,5.42477551671105,2014-08-15,28,"before"
"L",2019,211,2019-07-30,"Mesocyclops edax",34.6907327586207,1.18019733333333,3.6247141326914,0.169252581333333,490.77347537906,2899.65134660198,0.0105104072159058,5.42477551671105,2014-08-15,28,"before"
"L",2019,211,2019-07-30,"Holopedium gibberum",134.908405172414,0.332751333333333,0.220481557183745,0.181128487363636,1908.56351536301,10537.0698068678,0.00232322955917205,5.42477551671105,2014-08-15,28,"before"
"L",2019,211,2019-07-30,"Daphnia",88.6540948275862,1.37193133333333,6.00188973401471,0.1437983365,1254.19888152426,8721.92900176049,0.0523480561364715,5.42477551671105,2014-08-15,28,"before"
"L",2019,211,2019-07-30,"Nauplii",722.723599137931,0.153966,0.289600571749528,0.184969965304348,10224.4474037304,55276.2573475493,0.0160080357320243,5.42477551671105,2014-08-15,28,"before"
"L",2019,190,2019-07-09,"Cyclopoid",207.3,0.398790666666667,0.227770046091301,0.221882997777778,2932.69508470666,13217.3042282574,0.00301050599327294,4.28729931341097,2014-08-15,27,"before"
"L",2019,190,2019-07-09,"Calanoid",37.3513513513514,0.848174,0.95367621517143,0.119340016222222,528.413528775974,4427.79836557103,0.00422268598682002,4.28729931341097,2014-08-15,27,"before"
"L",2019,190,2019-07-09,"Mesocyclops edax",42.9540540540541,1.124257,3.13995802382888,0.169252581333333,607.675558092371,3590.34735721749,0.0112735399926279,4.28729931341097,2014-08-15,27,"before"
"L",2019,190,2019-07-09,"Holopedium gibberum",343.632432432432,0.294917333333333,0.135891139704333,0.181128487363636,4861.40446473896,26839.5354894073,0.00364725506679046,4.28729931341097,2014-08-15,27,"before"
"L",2019,190,2019-07-09,"Daphnia",108.318918918919,1.15481933333333,3.86057070694433,0.1437983365,1532.39923345033,10656.58526203,0.0411405008986476,4.28729931341097,2014-08-15,27,"before"
"L",2019,190,2019-07-09,"Nauplii",707.808108108108,0.181296,0.31211148202262,0.184969965304348,10013.4363703047,54135.4719606975,0.0168963023836473,4.28729931341097,2014-08-15,27,"before"
"L",2018,219,2018-08-07,"Cyclopoid",745.155801104972,0.352867333333333,0.153581762405727,0.221882997777778,10541.7981439518,47510.6170798615,0.00729676430410876,3.56728088828911,2014-08-15,26,"before"
"L",2018,219,2018-08-07,"Calanoid",7.3414364640884,0.794228571428571,0.762520000844197,0.119340016222222,103.860080235978,870.287130199322,0.000663611343254281,3.56728088828911,2014-08-15,26,"before"
"L",2018,219,2018-08-07,"Mesocyclops edax",12.8475138121547,1.25070866666667,4.54913176765433,0.169252581333333,181.755140412962,1073.86923721421,0.00488517266131787,3.56728088828911,2014-08-15,26,"before"
"L",2018,219,2018-08-07,"Holopedium gibberum",58.7314917127072,0.234595333333333,0.090912052157027,0.181128487363636,830.880641887825,4587.24441407021,0.000417035803428981,3.56728088828911,2014-08-15,26,"before"
"L",2018,219,2018-08-07,"Daphnia",73.414364640884,0.896632,1.58224190402899,0.1437983365,1038.60080235978,7222.62042551362,0.0114279326941433,3.56728088828911,2014-08-15,26,"before"
"L",2018,219,2018-08-07,"Nauplii",1266.39779005525,0.172776666666667,0.304914262647766,0.184969965304348,17915.8638407062,96858.2321525963,0.029533456438175,3.56728088828911,2014-08-15,26,"before"
"L",2018,177,2018-06-26,"Cyclopoid",276.18441273326,0.38605,0.188381183705062,0.221882997777778,3907.21017701605,17609.3266097352,0.00331726579099097,1.84527042860778,2014-08-15,25,"before"
"L",2018,177,2018-06-26,"Calanoid",121.425905598244,0.821312,0.812043876453115,0.119340016222222,1717.82516403292,14394.3768269159,0.0116888655576557,1.84527042860778,2014-08-15,25,"before"
"L",2018,177,2018-06-26,"Mesocyclops edax",57.1416026344676,1.24805733333333,4.14550631476911,0.169252581333333,808.388312486079,4776.2244222084,0.0197998685030194,1.84527042860778,2014-08-15,25,"before"
"L",2018,177,2018-06-26,"Holopedium gibberum",502.369923161361,0.253496,0.0869672352903431,0.181128487363636,7107.08058060678,39237.7846469756,0.00341240164966533,1.84527042860778,2014-08-15,25,"before"
"L",2018,177,2018-06-26,"Daphnia",235.709110867179,0.992887333333333,2.11082261119534,0.1437983365,3334.60178900508,23189.4322992052,0.0489487780379459,1.84527042860778,2014-08-15,25,"before"
"L",2018,177,2018-06-26,"Nauplii",1119.02305159166,0.166065333333333,0.299585470202763,0.184969965304348,15830.9377861857,85586.5316303522,0.0256404813215027,1.84527042860778,2014-08-15,25,"before"
"L",2015,223,2015-08-11,"Calanoid",101.566850987433,0.794066666666667,2.09831068197353,0.119340016222222,1436.87701234915,12040.1945452525,0.0252640688273428,2.48053455152276,2014-08-15,23,"before"
"L",2015,223,2015-08-11,"Cyclopoid",1819.44755475763,0.322555555555556,0.465974954693832,0.221882997777778,25739.9175143234,116006.714223785,0.0540562234046086,2.48053455152276,2014-08-15,23,"before"
"L",2015,223,2015-08-11,"Daphnia",168.110649910233,0.990333333333333,9.32832555311455,0.1437983365,2378.27919285375,16538.9896068356,0.154281079372141,2.48053455152276,2014-08-15,23,"before"
"L",2015,223,2015-08-11,"Holopedium gibberum",31.5207468581688,0.232466666666667,9.99543596896392,0.181128487363636,445.927348660079,2461.9393401372,0.0246081570338146,2.48053455152276,2014-08-15,23,"before"
"L",2015,223,2015-08-11,"Mesocyclops edax",108.571461400359,0.985214285714286,6.8422847155916,0.169252581333333,1535.97197871805,9075.02837840351,0.0620939279671104,2.48053455152276,2014-08-15,23,"before"
"L",2015,223,2015-08-11,"Nauplii",1600.55347935368,0.1634,0.855665569983615,0.184969965304348,22643.1998152951,122415.548805657,0.10474677034365,2.48053455152276,2014-08-15,23,"before"
"L",2014,147,2014-05-27,"Cyclopoid",230.895321173672,0.455666666666667,1.06400935462074,0.221882997777778,3266.50059569606,14721.7255418892,0.0156640536927292,2.76886199737762,2014-08-15,22,"before"
"L",2014,147,2014-05-27,"Holopedium gibberum",40.746233148295,0.129,1.58814572495457,0.181128487363636,576.441281593421,3182.49928536172,0.00505427263471818,2.76886199737762,2014-08-15,22,"before"
"L",2014,147,2014-05-27,"Mesocyclops edax",58.8556701030928,0.548533333333333,0.688284336225605,0.169252581333333,832.637406746053,4919.49605841592,0.00338601207913128,2.76886199737762,2014-08-15,22,"before"
"L",2014,147,2014-05-27,"Nauplii",520.646312450436,0.195266666666667,0.927276575050761,0.184969965304348,7365.63859813816,39820.7275760625,0.0369248278827606,2.76886199737762,2014-08-15,22,"before"
"L",2013,232,2013-08-20,"Calanoid",107.4205596994,0.769466666666667,2.05535857809508,0.119340016222222,1519.69005029845,12734.119689314,0.0261731821379209,1.256630739,2014-08-15,21,"before"
"L",2013,232,2013-08-20,"Cyclopoid",793.569384779317,0.392333333333333,0.894460054147392,0.221882997777778,11226.7102465798,50597.4335979707,0.0452573831957599,1.256630739,2014-08-15,21,"before"
"L",2013,232,2013-08-20,"Daphnia",385.371257921597,1.29066666666667,18.0126120324728,0.1437983365,5451.88805544568,37913.4292380752,0.68291989168606,1.256630739,2014-08-15,21,"before"
"L",2013,232,2013-08-20,"Holopedium gibberum",92.6502327407324,0.2076,6.11841599454994,0.181128487363636,1310.73266838241,7236.47995663412,0.0442757947109103,1.256630739,2014-08-15,21,"before"
"L",2013,232,2013-08-20,"Mesocyclops edax",10.74205596994,0.863888888888889,5.50428295578537,0.169252581333333,151.969005029845,897.882938225625,0.0049422017531658,1.256630739,2014-08-15,21,"before"
"L",2013,232,2013-08-20,"Nauplii",883.534103527564,0.16,0.847819207326011,0.184969965304348,12499.4506637047,67575.5690559721,0.0572918653916384,1.256630739,2014-08-15,21,"before"
"L",2013,190,2013-07-09,"Calanoid",134.810022479303,0.830933333333333,2.39854676511293,0.119340016222222,1907.17168496983,15980.9906630019,0.0383311534580432,2.986717059,2014-08-15,20,"before"
"L",2013,190,2013-07-09,"Cyclopoid",629.113438236745,0.4325625,1.11601348262963,0.221882997777778,8900.13452985918,40111.8365039079,0.0447653503513966,2.986717059,2014-08-15,20,"before"
"L",2013,190,2013-07-09,"Daphnia",96.6138494435002,0.885933333333333,8.41448592943296,0.1437983365,1366.80637422838,9505.02215460869,0.0799798751789033,2.986717059,2014-08-15,20,"before"
"L",2013,190,2013-07-09,"Holopedium gibberum",312.309885410384,0.292466666666667,15.8397815455186,0.181128487363636,4418.28107018009,24393.0766191951,0.386381004871148,2.986717059,2014-08-15,20,"before"
"L",2013,190,2013-07-09,"Mesocyclops edax",47.1835078677559,1.07513333333333,10.5105861076337,0.169252581333333,667.510089739439,3943.86947886376,0.0414523797548659,2.986717059,2014-08-15,20,"before"
"L",2013,190,2013-07-09,"Nauplii",1503.13175064422,0.1918,0.92151095715764,0.184969965304348,21264.9642874135,114964.41734432,0.105940970266035,2.986717059,2014-08-15,20,"before"
"L",2011,193,2011-07-12,"Calanoid",145.1491547,0.821405768,2.220656975,0.119340016222222,2053.44048498802,17206.6382257257,0.0382100411922595,2.43805,2014-08-15,19,"before"
"L",2011,193,2011-07-12,"Cyclopoid",1518.882202,0.401201695,0.760383843,0.221882997777778,21487.7875931202,96842.8757873592,0.0736377580583639,2.43805,2014-08-15,19,"before"
"L",2011,193,2011-07-12,"Daphnia",730.9296875,1.050724626,7.997153969,0.1437983365,10340.5398060657,71910.0099330128,0.575075421346623,2.43805,2014-08-15,19,"before"
"L",2011,193,2011-07-12,"Holopedium gibberum",570.2288208,0.316263258,16.83457475,0.181128487363636,8067.08760211401,44537.9284039313,0.749777084926129,2.43805,2014-08-15,19,"before"
"L",2011,193,2011-07-12,"Mesocyclops edax",191.8042297,0.980833352,4.871531905,0.169252581333333,2713.47477890563,16032.1027752102,0.0781009001736757,2.43805,2014-08-15,19,"before"
"L",2011,193,2011-07-12,"Nauplii",2835.592285,0.185859874,0.912547174,0.184969965304348,40115.424777866,216875.34358273,0.197908981896699,2.43805,2014-08-15,19,"before"
"L",2010,215,2010-08-03,"Calanoid",93.74577332,0.880528331,2.59898356,0.119340016222222,1326.23139714225,11113.0485743582,0.0288826305462384,3.52562,2014-08-15,18,"before"
"L",2010,215,2010-08-03,"Cyclopoid",1103.315674,0.375625283,0.642682983,0.221882997777778,15608.7238495881,70346.6421758944,0.0452105898376374,3.52562,2014-08-15,18,"before"
"L",2010,215,2010-08-03,"Daphnia",201.9139709,1.108917594,9.260014044,0.1437983365,2856.4983598265,19864.613383942,0.183946598913933,3.52562,2014-08-15,18,"before"
"L",2010,215,2010-08-03,"Holopedium gibberum",28.84485435,0.287598044,12.4329382,0.181128487363636,408.071213561623,2252.93778743027,0.0280106362795653,3.52562,2014-08-15,18,"before"
"L",2010,215,2010-08-03,"Mesocyclops edax",93.74577332,0.923916101,3.842780701,0.169252581333333,1326.23139714225,7835.81193677817,0.0301113068873166,3.52562,2014-08-15,18,"before"
"L",2010,215,2010-08-03,"Nauplii",5170.439941,0.194718137,0.932693317,0.184969965304348,73146.7621839927,395452.105230369,0.368835535741946,3.52562,2014-08-15,18,"before"
"L",2010,138,2010-05-18,"Calanoid",1762.928467,0.640253961,1.263482431,0.119340016222222,24940.3359858193,208985.525352855,0.264049539616637,7.21307,2014-08-15,17,"before"
"L",2010,138,2010-05-18,"Cyclopoid",1247.108643,0.421630412,0.863175233,0.221882997777778,17642.9782316512,79514.782152534,0.0686351906114578,7.21307,2014-08-15,17,"before"
"L",2010,138,2010-05-18,"Daphnia",78.35237122,1.002450824,7.036832114,0.1437983365,1108.45930512304,7708.42926352654,0.0542429225900809,7.21307,2014-08-15,17,"before"
"L",2010,138,2010-05-18,"Holopedium gibberum",665.9951782,0.329549521,19.19612862,0.181128487363636,9421.90441652424,52017.7944047458,0.998540271922217,7.21307,2014-08-15,17,"before"
"L",2010,138,2010-05-18,"Nauplii",2063.279297,0.167943954,0.87018051,0.184969965304348,29189.4310308196,157806.328085706,0.137319991054847,7.21307,2014-08-15,17,"before"
"L",2009,167,2009-06-16,"Bosmina longirostris",51.62607956,0.283702224,0.621876198,0.120376969857143,730.359622615952,6067.27037142325,0.00377309103081874,2.75555,2014-08-15,16,"before"
"L",2009,167,2009-06-16,"Calanoid",589.3441162,0.592606127,1.060596882,0.119340016222222,8337.51371336483,69863.5208649511,0.0740970323949091,2.75555,2014-08-15,16,"before"
"L",2009,167,2009-06-16,"Cyclopoid",1823.171021,0.335929453,0.483235812,0.221882997777778,25792.5937861376,116244.11984901,0.0561733216454616,2.75555,2014-08-15,16,"before"
"L",2009,167,2009-06-16,"Daphnia",84.77656555,0.700772226,2.657386571,0.1437983365,1199.34306361214,8340.45158521108,0.0221638040386156,2.75555,2014-08-15,16,"before"
"L",2009,167,2009-06-16,"Holopedium gibberum",691.038147,0.234133378,6.451113608,0.181128487363636,9776.18995201012,53973.7845454607,0.348191015956482,2.75555,2014-08-15,16,"before"
"L",2009,167,2009-06-16,"Mesocyclops edax",11.34075356,0.839985311,2.633454207,0.169252581333333,160.438843329867,947.925532750915,0.00249631848214561,2.75555,2014-08-15,16,"before"
"L",2009,167,2009-06-16,"Nauplii",3801.640137,0.133474946,0.781303455,0.184969965304348,53782.2061920089,290761.833163109,0.227173224832471,2.75555,2014-08-15,16,"before"
"R",2019,210,2019-07-29,"Cyclopoid",544.590958019376,0.453559333333333,0.298912303902687,0.247252532666667,7704.38603839418,31159.9883540155,0.00931410390847965,43.7733548476732,2014-08-15,15,"before"
"R",2019,210,2019-07-29,"Calanoid",18.4607104413348,0.747706,0.653366137920935,0.168478539375,261.165628420142,1550.14181265448,0.00101281016936381,43.7733548476732,2014-08-15,15,"before"
"R",2019,210,2019-07-29,"Mesocyclops edax",35.0753498385361,1.11453583333333,3.08209593900215,0.231808059111111,496.214693998269,2140.62744798886,0.006597619164363,43.7733548476732,2014-08-15,15,"before"
"R",2019,210,2019-07-29,"Holopedium gibberum",9.23035522066738,0.24827,0.155813617426902,0.157585475384615,130.582814210071,828.647525359558,0.000129114568498123,43.7733548476732,2014-08-15,15,"before"
"R",2019,210,2019-07-29,"Daphnia",94.1496232508073,1.35025333333333,4.62107790055668,0.17723005627381,1331.94470494272,7515.34323774601,0.0347289865510461,43.7733548476732,2014-08-15,15,"before"
"R",2019,210,2019-07-29,"Nauplii",1375.32292787944,0.18217,0.312218401671478,0.143749885772727,19456.8393173005,135352.033239612,0.0422593954810564,43.7733548476732,2014-08-15,15,"before"
"R",2019,189,2019-07-08,"Cyclopoid",667.917391304348,0.475683333333333,0.361638449526279,0.247252532666667,9449.09816916717,38216.3857625918,0.0138205144936819,2.93950509994468,2014-08-15,14,"before"
"R",2019,189,2019-07-08,"Calanoid",37.545652173913,0.814761428571429,0.815273862547483,0.168478539375,531.162323118865,3152.70019012096,0.0025703140614541,2.93950509994468,2014-08-15,14,"before"
"R",2019,189,2019-07-08,"Mesocyclops edax",90.9,1.19730181818182,3.62456364680676,0.231808059111111,1285.97194018251,5547.57218154403,0.020107528457261,2.93950509994468,2014-08-15,14,"before"
"R",2019,189,2019-07-08,"Holopedium gibberum",73.1152173913044,0.248154666666667,0.095519761345857,0.157585475384615,1034.36873449463,6563.85832495078,0.000626978180707315,2.93950509994468,2014-08-15,14,"before"
"R",2019,189,2019-07-08,"Daphnia",152.158695652174,1.139952,3.54682793729311,0.17723005627381,2152.60520421856,12145.8247516037,0.0430791505504541,2.93950509994468,2014-08-15,14,"before"
"R",2019,189,2019-07-08,"Nauplii",1156.01086956522,0.153767333333333,0.288757028617627,0.143749885772727,16354.2083697124,113768.496453409,0.0328514529861814,2.93950509994468,2014-08-15,14,"before"
"R",2018,218,2018-08-06,"Cyclopoid",496.132675438597,0.389541333333333,0.193975260527713,0.247252532666667,7018.84157559641,28387.3394537028,0.00550644156622062,3.64342729390877,2014-08-15,13,"before"
"R",2018,218,2018-08-06,"Calanoid",0,0.77062,0.713169743041142,0.168478539375,0,0,0,3.64342729390877,2014-08-15,13,"before"
"R",2018,218,2018-08-06,"Mesocyclops edax",40.2269736842105,1.02123923076923,2.34831566975918,0.231808059111111,569.095262886196,2455.02794453499,0.00576518059184819,3.64342729390877,2014-08-15,13,"before"
"R",2018,218,2018-08-06,"Holopedium gibberum",49.8048245614035,0.197223333333333,0.0498299224100392,0.157585475384615,704.594135001956,4471.18703854064,0.000222798903211253,3.64342729390877,2014-08-15,13,"before"
"R",2018,218,2018-08-06,"Daphnia",30.6491228070176,0.803585333333333,1.11415387500424,0.17723005627381,433.596390770435,2446.51725495451,0.0027257966798723,3.64342729390877,2014-08-15,13,"before"
"R",2018,218,2018-08-06,"Nauplii",1283.43201754386,0.179582666666667,0.309969584514853,0.143749885772727,18156.848863512,126308.614201047,0.0391518286645454,3.64342729390877,2014-08-15,13,"before"
"R",2018,176,2018-06-25,"Cyclopoid",435.799102132436,0.385210666666667,0.194137520871003,0.247252532666667,6165.29611550105,24935.2192635082,0.00484086165019236,2.01622720990537,2014-08-15,12,"before"
"R",2018,176,2018-06-25,"Calanoid",21.6913580246914,0.83877,0.84021192032124,0.168478539375,306.869942400505,1821.41858268057,0.00153037760506283,2.01622720990537,2014-08-15,12,"before"
"R",2018,176,2018-06-25,"Mesocyclops edax",67.0460157126824,1.12596916666667,2.95280184371167,0.231808059111111,948.50709469247,4091.77790595205,0.0120822093447539,2.01622720990537,2014-08-15,12,"before"
"R",2018,176,2018-06-25,"Holopedium gibberum",82.8215488215488,0.206474,0.0499729696545206,0.157585475384615,1171.68523462011,7435.23622186884,0.000371560834089644,2.01622720990537,2014-08-15,12,"before"
"R",2018,176,2018-06-25,"Daphnia",134.092031425365,0.865102,1.51692413431324,0.17723005627381,1897.01418938494,10703.6821477626,0.0162366737759589,2.01622720990537,2014-08-15,12,"before"
"R",2018,176,2018-06-25,"Nauplii",832.159371492705,0.169702,0.30222331662562,0.143749885772727,11772.646881183,81896.7390332117,0.0247511040914401,2.01622720990537,2014-08-15,12,"before"
"R",2015,222,2015-08-10,"Cyclopoid",4309.54,0.334466666666667,0.537851731007054,0.247252532666667,60967.5194179775,246579.959203778,0.132623457889401,4.17955247994999,2014-08-15,10,"before"
"R",2015,222,2015-08-10,"Daphnia",264.643636363636,0.842333333333333,5.46636345937824,0.17723005627381,3743.94158978549,21124.7554083114,0.115475591052296,4.17955247994999,2014-08-15,10,"before"
"R",2015,222,2015-08-10,"Mesocyclops edax",57.08,0.6942,2.63453568580846,0.231808059111111,807.516813483145,3483.55797714558,0.00917755780437276,4.17955247994999,2014-08-15,10,"before"
"R",2015,222,2015-08-10,"Nauplii",4146.08363636364,0.160533333333333,0.848031956087474,0.143749885772727,58655.0849066394,408035.697498743,0.346027310703376,4.17955247994999,2014-08-15,10,"before"
"R",2014,139,2014-05-19,"Cyclopoid",95.0021148036254,0.456507929407598,1.08201468538185,0.247252532666667,1344.0049933494,5435.75824625148,0.00588157024862959,NA,2014-08-15,9,"before"
"R",2014,139,2014-05-19,"Nauplii",283.78836858006,0.185053074056615,0.905191780538996,0.143749885772727,4014.78414680011,27928.9553881636,0.025281060856406,NA,2014-08-15,9,"before"
"R",2013,231,2013-08-19,"Calanoid",29.3277440954297,0.984733333333333,3.44449233285152,0.168478539375,414.902706001936,2462.64424858554,0.00848255923279379,5.805906333,2014-08-15,8,"before"
"R",2013,231,2013-08-19,"Cyclopoid",4369.83387021902,0.424666666666667,0.902713256606369,0.247252532666667,61820.5031942884,250029.80769314,0.225705221951338,5.805906333,2014-08-15,8,"before"
"R",2013,231,2013-08-19,"Daphnia",687.369002236633,1.2328,19.4547818281994,0.17723005627381,9724.28217192037,54868.1322816766,1.0674475428608,5.805906333,2014-08-15,8,"before"
"R",2013,231,2013-08-19,"Holopedium gibberum",10.9979040357861,0.21625,7.29454604460843,0.157585475384615,155.588514750726,987.327762098532,0.00720210782174794,5.805906333,2014-08-15,8,"before"
"R",2013,231,2013-08-19,"Mesocyclops edax",45.8246001491089,0.864,5.55377633787651,0.231808059111111,648.285478128025,2796.64771196452,0.015531955888085,5.805906333,2014-08-15,8,"before"
"R",2013,231,2013-08-19,"Nauplii",2969.43408966225,0.142466666666667,0.803802119676672,0.143749885772727,42008.8989826959,292236.051227987,0.234899957422996,5.805906333,2014-08-15,8,"before"
"R",2013,189,2013-07-08,"Calanoid",140.928425290391,0.712466666666667,1.76320673986376,0.168478539375,1993.7293784109,11833.7290067149,0.020865310742361,3.519289955,2014-08-15,7,"before"
"R",2013,189,2013-07-08,"Cyclopoid",687.193845225524,0.3802,0.751856907882875,0.247252532666667,9721.80420710836,39319.3311399354,0.0295625107308947,3.519289955,2014-08-15,7,"before"
"R",2013,189,2013-07-08,"Daphnia",177.167163222205,0.979625,8.53824428249533,0.17723005627381,2506.40264714512,14142.0857152631,0.120748582500904,3.519289955,2014-08-15,7,"before"
"R",2013,189,2013-07-08,"Mesocyclops edax",18.7904567053854,0.954615384615385,5.82767225921275,0.231808059111111,265.830583788119,1146.77024089443,0.00668300112055118,3.519289955,2014-08-15,7,"before"
"R",2013,189,2013-07-08,"Nauplii",569.082403077387,0.184066666666667,0.899949427631783,0.143749885772727,8050.86910901161,56006.0904795449,0.0504026490709603,3.519289955,2014-08-15,7,"before"
"R",2011,227,2011-08-15,"Calanoid",31.7846241,0.819972813,2.21189829,0.168478539375,449.660447985136,2668.9479244848,0.00590344135026697,6.11434,2014-08-15,6,"before"
"R",2011,227,2011-08-15,"Cyclopoid",1317.296021,0.528518021,1.536807337,0.247252532666667,18635.926511772,75372.0348616045,0.115832296179934,6.11434,2014-08-15,6,"before"
"R",2011,227,2011-08-15,"Daphnia",74.16412354,1.127123237,9.679386616,0.17723005627381,1049.20772101947,5920.03265743202,0.0573022848706304,6.11434,2014-08-15,6,"before"
"R",2011,227,2011-08-15,"Holopedium gibberum",95.35387421,0.163443729,2.049705305,0.157585475384615,1348.98137097638,8560.31539508291,0.0175461238777746,6.11434,2014-08-15,6,"before"
"R",2011,227,2011-08-15,"Mesocyclops edax",35.31624985,0.940495193,4.123771653,0.231808059111111,499.622732008525,2155.32943041054,0.00888808640800364,6.11434,2014-08-15,6,"before"
"R",2011,227,2011-08-15,"Nauplii",766.3626099,0.178730354,0.895959275,0.143749885772727,10841.8131170125,75421.3685717549,0.0675744747050573,6.11434,2014-08-15,6,"before"
"R",2011,213,2011-08-01,"Calanoid",73.60180664,0.84932971,2.395205634,0.168478539375,1041.25256419999,6180.32758393262,0.014803155449001,3.81664,2014-08-15,5,"before"
"R",2011,213,2011-08-01,"Cyclopoid",3726.091553,0.441154987,0.968922565,0.247252532666667,52713.4123620362,213196.652804773,0.206571047685015,3.81664,2014-08-15,5,"before"
"R",2011,213,2011-08-01,"Daphnia",138.0033875,0.863123178,4.683856489,0.17723005627381,1952.34855858234,11015.8998966071,0.0515968942128978,3.81664,2014-08-15,5,"before"
"R",2011,213,2011-08-01,"Holopedium gibberum",55.2013588,0.293609351,13.28105553,0.157585475384615,780.939477191937,4955.65644794303,0.065816348472734,3.81664,2014-08-15,5,"before"
"R",2011,213,2011-08-01,"Mesocyclops edax",165.6040649,0.82257247,2.423409501,0.231808059111111,2342.81826888409,10106.7162111095,0.0244927120899134,3.81664,2014-08-15,5,"before"
"R",2011,213,2011-08-01,"Nauplii",2171.253418,0.182636946,0.905091176,0.143749885772727,30716.9523715443,213683.316730482,0.193402884431172,3.81664,2014-08-15,5,"before"
"R",2011,192,2011-07-11,"Calanoid",54.04953003,0.804601431,2.119156617,0.168478539375,764.644433428297,4538.52719916065,0.00961784994553578,2.02107,2014-08-15,4,"before"
"R",2011,192,2011-07-11,"Cyclopoid",7368.752441,0.372845024,0.630608232,0.247252532666667,104246.522258277,421619.633716016,0.265876811794145,2.02107,2014-08-15,4,"before"
"R",2011,192,2011-07-11,"Daphnia",864.7924805,0.800659418,3.818244028,0.17723005627381,12234.3109351357,69030.677935544,0.263575973776182,2.02107,2014-08-15,4,"before"
"R",2011,192,2011-07-11,"Holopedium gibberum",126.1155624,0.207124665,4.363411494,0.157585475384615,1784.17023615772,11321.9205755044,0.0494021983733111,2.02107,2014-08-15,4,"before"
"R",2011,192,2011-07-11,"Mesocyclops edax",234.2146301,0.95024246,4.295984696,0.231808059111111,3313.45921109821,14293.9776287501,0.0614067091380768,2.02107,2014-08-15,4,"before"
"R",2011,192,2011-07-11,"Nauplii",5224.787598,0.191201702,0.924755435,0.143749885772727,73915.6242512827,514196.055558232,0.475505597033037,2.02107,2014-08-15,4,"before"
"R",2010,214,2010-08-02,"Bosmina longirostris",105.8646469,0.284266174,0.625007743,0.173873146,1497.67838691672,8613.62678119783,0.00538358343356081,6.75365,2014-08-15,3,"before"
"R",2010,214,2010-08-02,"Calanoid",123.5087585,0.699255943,1.542485071,0.168478539375,1747.29150492606,10371.0034014298,0.0159971179179958,6.75365,2014-08-15,3,"before"
"R",2010,214,2010-08-02,"Cyclopoid",2287.852783,0.43465066,0.932867689,0.247252532666667,32366.4959538666,130904.608356435,0.122116679476917,6.75365,2014-08-15,3,"before"
"R",2010,214,2010-08-02,"Daphnia",752.8153076,0.952493191,6.123361971,0.17723005627381,10650.1579946476,60092.2790330427,0.367966776181654,6.75365,2014-08-15,3,"before"
"R",2010,214,2010-08-02,"Holopedium gibberum",70.57643127,0.160500318,1.934259669,0.157585475384615,998.452257991637,6335.94089528071,0.0122553549389092,6.75365,2014-08-15,3,"before"
"R",2010,214,2010-08-02,"Mesocyclops edax",129.3901215,1.172930121,9.90575421,0.231808059111111,1830.49577102097,7896.60108470849,0.0782217894395417,6.75365,2014-08-15,3,"before"
"R",2010,214,2010-08-02,"Nauplii",4469.84082,0.152468815,0.831608963,0.143749885772727,63235.3121188383,439898.172989265,0.365823263465197,6.75365,2014-08-15,3,"before"
"R",2010,137,2010-05-17,"Bosmina longirostris",2479.780762,0.381006777,1.311124977,0.173873146,35081.7214272433,201766.185488145,0.264540685307522,3.00233,2014-08-15,2,"before"
"R",2010,137,2010-05-17,"Calanoid",190.7523651,0.986288369,3.359695547,0.168478539375,2698.59393885644,16017.4343205214,0.0538137027610207,3.00233,2014-08-15,2,"before"
"R",2010,137,2010-05-17,"Cyclopoid",24381.61914,0.529813826,1.546445106,0.247252532666667,344929.351707997,1395048.81097826,2.15736640636845,3.00233,2014-08-15,2,"before"
"R",2010,137,2010-05-17,"Daphnia",867.0561523,0.815171778,4.009435849,0.17723005627381,12266.3353401586,69211.3719199404,0.277498555734281,3.00233,2014-08-15,2,"before"
"R",2010,137,2010-05-17,"Mesocyclops edax",277.4579773,1.515314817,27.36850576,0.231808059111111,3925.22743000657,16933.0930298895,0.463433454123146,3.00233,2014-08-15,2,"before"
"R",2010,137,2010-05-17,"Nauplii",13994.28613,0.198300526,0.940702185,0.143749885772727,197978.65001172,1377243.87708196,1.29557632444887,3.00233,2014-08-15,2,"before"
"R",2009,166,2009-06-15,"Bosmina longirostris",11183.23145,0.293476582,0.677506094,0.173873146,158210.361334066,909918.322488201,0.616475208528014,2.9708,2014-08-15,1,"before"
"R",2009,166,2009-06-15,"Calanoid",40.5823288,0.853354335,2.420971919,0.168478539375,574.122509395608,3407.68926134695,0.00824992001039883,2.9708,2014-08-15,1,"before"
"R",2009,166,2009-06-15,"Cyclopoid",24367.17969,0.434526801,0.932189173,0.247252532666667,344725.075277506,1394222.6255868,1.29967923632365,2.9708,2014-08-15,1,"before"
"R",2009,166,2009-06-15,"Daphnia",2276.217773,0.743754029,3.124448724,0.17723005627381,32201.8942334734,181695.446644352,0.567698106424554,2.9708,2014-08-15,1,"before"
"R",2009,166,2009-06-15,"Epischura lacustris",60.87349319,1.333365083,6.647850028,0.092263018,861.18376395194,9334.00817163753,0.0620510864851728,2.9708,2014-08-15,1,"before"
"R",2009,166,2009-06-15,"Holopedium gibberum",1356.251953,0.182247505,2.901062864,0.157585475384615,19187.0402131544,121756.400241361,0.353222971194533,2.9708,2014-08-15,1,"before"
"R",2009,166,2009-06-15,"Mesocyclops edax",129.6781006,1.150859952,9.186559452,0.231808059111111,1834.56984188961,7914.17627551186,0.0727040508685976,2.9708,2014-08-15,1,"before"
"R",2009,166,2009-06-15,"Nauplii",14146.80078,0.150493503,0.826538495,0.143749885772727,200136.290939847,1392253.56503078,1.15075116629893,2.9708,2014-08-15,1,"before"
"T",2015,210,2015-07-29,"Bosmina longirostris",6094.25081433225,0.230866666666667,0.386925503570567,0.0827637966666667,86216.012581581,1041711.66686345,0.403064811276475,6.43122606402939,2014-08-15,33,"during"
"T",2015,210,2015-07-29,"Cyclopoid",2395.05293159609,0.3464375,0.582959321992296,0.1414484125,33883.0678249114,239543.641572586,0.139644198878721,6.43122606402939,2014-08-15,33,"during"
"T",2015,210,2015-07-29,"Daphnia",6.18078175895765,0.9485,6.8393258408611,0.14,87.4401750320293,624.572678800209,0.00427165606161411,6.43122606402939,2014-08-15,33,"during"
"T",2015,210,2015-07-29,"Diaphanosoma birgei",506.824104234528,0.455235294117647,0.531890331340808,0.0986319874,7170.09435262641,72695.426115143,0.0386659942833446,6.43122606402939,2014-08-15,33,"during"
"T",2015,210,2015-07-29,"Mesocyclops edax",12.3615635179153,1.14925,11.0622393311256,0.182725419,174.880350064059,957.06635136548,0.0105872970345721,6.43122606402939,2014-08-15,33,"during"
"T",2015,210,2015-07-29,"Nauplii",1149.62540716612,0.146882352941176,0.810652228188741,0.11984711325,16263.8725559574,135705.167316222,0.110009696261621,6.43122606402939,2014-08-15,33,"during"
"T",2014,148,2014-05-28,"Chydorus",2.38203921101245,0.272,0.594092510369676,0.163902146712121,33.6989613396755,205.604148668441,0.000122147884824854,6.04375442266067,2014-08-15,32,"during"
"T",2014,148,2014-05-28,"Cyclopoid",252.49615636732,0.391133333333333,0.757319221758809,0.1414484125,3572.08990200561,25253.6584813606,0.0191250809876667,6.04375442266067,2014-08-15,32,"during"
"T",2014,148,2014-05-28,"Diaphanosoma birgei",2.38203921101245,0.387,0.281331826452513,0.0986319874,33.6989613396755,341.663614695404,9.61208487546256e-05,6.04375442266067,2014-08-15,32,"during"
"T",2014,148,2014-05-28,"Mesocyclops edax",1.19101960550623,0.941,4.13256149272335,0.182725419,16.8494806698378,92.2120237132297,0.000381071858363386,6.04375442266067,2014-08-15,32,"during"
"T",2014,148,2014-05-28,"Nauplii",634.813449734819,0.172666666666667,0.875240017790931,0.11984711325,8980.77319702354,74935.2483633855,0.0655863281107374,6.04375442266067,2014-08-15,32,"during"
"T",2013,240,2013-08-28,"Bosmina longirostris",58.2803811173668,0.2195,0.33511256219775,0.0827637966666667,824.498732454088,9962.06995885867,0.00333841478870636,10.08901038,2014-08-15,31,"during"
"T",2013,240,2013-08-28,"Cyclopoid",883.407882200087,0.385052631578947,0.83988569291924,0.1414484125,12497.6649971988,88354.9329137845,0.0742080440531268,10.08901038,2014-08-15,31,"during"
"T",2013,240,2013-08-28,"Mesocyclops edax",61.3477695972282,0.695,1.39105667308021,0.182725419,867.89340258325,4749.71357205234,0.00660712075962304,10.08901038,2014-08-15,31,"during"
"T",2013,240,2013-08-28,"Nauplii",1762.21468168038,0.170125,0.872118188193129,0.11984711325,24930.2379892039,208017.008613296,0.181415416665182,10.08901038,2014-08-15,31,"during"
"T",2013,198,2013-07-17,"Bosmina longirostris",1654.20884011371,0.2049375,0.279732839771709,0.0827637966666667,23402.2678942585,282759.719065471,0.0790971791872349,5.54823757,2014-08-15,30,"during"
"T",2013,198,2013-07-17,"Cyclopoid",532.411633813319,0.4081875,0.91610691369978,0.1414484125,7532.08384720194,53249.6880953114,0.0487824074164716,5.54823757,2014-08-15,30,"during"
"T",2013,198,2013-07-17,"Diaphanosoma birgei",184.674146045948,0.435705882352941,0.472517822294187,0.0986319874,2612.60472928775,26488.4121080557,0.0125162468053294,5.54823757,2014-08-15,30,"during"
"T",2013,198,2013-07-17,"Nauplii",561.880912437672,0.145058823529412,0.802048079880647,0.11984711325,7948.98885719466,66326.076962848,0.0531967026740682,5.54823757,2014-08-15,30,"during"
"L",2019,218,2019-08-06,"Cyclopoid",381.813778256189,0.426248666666667,0.24454622589601,0.221882997777778,5401.56001333914,24344.1816968281,0.00595327775648604,5.5178761059875,2014-08-15,28,"during"
"L",2019,218,2019-08-06,"Calanoid",13.8213132400431,0.769916923076923,0.693057025945733,0.119340016222222,195.531584193272,1638.44107268407,0.00113553309702176,5.5178761059875,2014-08-15,28,"during"
"L",2019,218,2019-08-06,"Mesocyclops edax",62.1959095801937,1.27100333333333,4.35068572290736,0.169252581333333,879.892128869725,5198.69252178098,0.0226178773322978,5.5178761059875,2014-08-15,28,"during"
"L",2019,218,2019-08-06,"Holopedium gibberum",38.0086114101184,0.288642,0.144190006861449,0.181128487363636,537.711856531498,2968.67634880636,0.000428053463103812,5.5178761059875,2014-08-15,28,"during"
"L",2019,218,2019-08-06,"Daphnia",148.579117330463,1.210892,4.17678954755366,0.1437983365,2101.96453007768,14617.4467746897,0.0610539989004461,5.5178761059875,2014-08-15,28,"during"
"L",2019,218,2019-08-06,"Nauplii",834.461786867599,0.16268,0.296394247926818,0.184969965304348,11805.2193956688,63822.3582744615,0.0189165798816749,5.5178761059875,2014-08-15,28,"during"
"L",2019,197,2019-07-16,"Cyclopoid",226.419006479482,0.417706,0.260880650192707,0.221882997777778,3203.17369699248,14436.3188215104,0.00376615624054484,4.02991569169172,2014-08-15,27,"during"
"L",2019,197,2019-07-16,"Calanoid",19.5939524838013,0.893568,1.16657977276848,0.119340016222222,277.197723778195,2322.75587479415,0.00270968002061401,4.02991569169172,2014-08-15,27,"during"
"L",2019,197,2019-07-16,"Mesocyclops edax",28.3023758099352,1.255674,4.33947377457325,0.169252581333333,400.39671212406,2365.67566042318,0.0102657874875526,4.02991569169172,2014-08-15,27,"during"
"L",2019,197,2019-07-16,"Holopedium gibberum",156.75161987041,0.298621333333333,0.149641918375778,0.181128487363636,2217.58179022556,12243.1419955135,0.00183208725515569,4.02991569169172,2014-08-15,27,"during"
"L",2019,197,2019-07-16,"Daphnia",97.9697624190065,1.059534,3.12980555515057,0.1437983365,1385.98861889098,9638.41900139767,0.0301663773334432,4.02991569169172,2014-08-15,27,"during"
"L",2019,197,2019-07-16,"Nauplii",888.259179265659,0.170436666666667,0.303069492878807,0.184969965304348,12566.2968112782,67936.9582548264,0.0205896194860189,4.02991569169172,2014-08-15,27,"during"
"L",2018,226,2018-08-14,"Cyclopoid",728.735421166307,0.392199333333333,0.194133194420673,0.221882997777778,10309.4972875353,46463.6650432339,0.00902013971933516,1.7656245286022,2014-08-15,26,"during"
"L",2018,226,2018-08-14,"Calanoid",5.49298056155508,0.874714285714286,0.922457726357892,0.119340016222222,77.7097785492609,651.162795256859,0.000600670151601492,1.7656245286022,2014-08-15,26,"during"
"L",2018,226,2018-08-14,"Mesocyclops edax",18.3099352051836,1.2474675,4.44595482766613,0.169252581333333,259.032595164203,1530.44989401995,0.00680431109481913,1.7656245286022,2014-08-15,26,"during"
"L",2018,226,2018-08-14,"Holopedium gibberum",76.9017278617711,0.220127333333333,0.0648761816976953,0.181128487363636,1087.93689968965,6006.43728396791,0.000389674716590513,1.7656245286022,2014-08-15,26,"during"
"L",2018,226,2018-08-14,"Daphnia",65.9157667386609,0.90092,1.67891269675567,0.1437983365,932.517342591131,6484.89659399593,0.0108875752288074,1.7656245286022,2014-08-15,26,"during"
"L",2018,226,2018-08-14,"Nauplii",1440.99190064795,0.168599333333333,0.300939236454322,0.184969965304348,20385.8652394228,110211.759005739,0.033167042603475,1.7656245286022,2014-08-15,26,"during"
"L",2018,184,2018-07-03,"Cyclopoid",269.376795580111,0.417854,0.236668877323476,0.221882997777778,3810.90209518486,17175.2776614348,0.00406485368185075,2.63965565421269,2014-08-15,25,"during"
"L",2018,184,2018-07-03,"Calanoid",91.982320441989,0.780868,0.780163569795672,0.119340016222222,1301.28364225824,10904.0008829489,0.00850690425389657,2.63965565421269,2014-08-15,25,"during"
"L",2018,184,2018-07-03,"Mesocyclops edax",50.3712707182321,1.27947733333333,4.43095802778405,0.169252581333333,712.607708855705,4210.32106714087,0.0186557559319961,2.63965565421269,2014-08-15,25,"during"
"L",2018,184,2018-07-03,"Holopedium gibberum",273.756906077348,0.254016,0.0906275413205605,0.181128487363636,3872.86798291144,21381.8822167725,0.00193778741411191,2.63965565421269,2014-08-15,25,"during"
"L",2018,184,2018-07-03,"Daphnia",111.692817679558,1.00455533333333,2.19365445632653,0.1437983365,1580.13013702787,10988.5147178171,0.0241050042791491,2.63965565421269,2014-08-15,25,"during"
"L",2018,184,2018-07-03,"Nauplii",882.592265193371,0.166881333333333,0.299586912671119,0.184969965304348,12486.1263769065,67503.5341892502,0.0202231754021468,2.63965565421269,2014-08-15,25,"during"
"L",2018,149,2018-05-29,"Cyclopoid",165.147058823529,0.420916666666667,0.234131458954369,0.221882997777778,2336.35295545357,10529.6619337796,0.0024653251108521,2.04726902121755,2014-08-15,24,"during"
"L",2018,149,2018-05-29,"Calanoid",82.5735294117647,0.770947333333333,0.707824002298185,0.119340016222222,1168.17647772679,9788.64017876062,0.00692863446838717,2.04726902121755,2014-08-15,24,"during"
"L",2018,149,2018-05-29,"Mesocyclops edax",17.6156862745098,1.16787,3.88537441884268,0.169252581333333,249.210981915048,1472.42056783903,0.00572090520805958,2.04726902121755,2014-08-15,24,"during"
"L",2018,149,2018-05-29,"Holopedium gibberum",962.256862745098,0.184576666666667,0.0343931067838456,0.181128487363636,13613.1498871095,75157.4204878085,0.00258489718843558,2.04726902121755,2014-08-15,24,"during"
"L",2018,149,2018-05-29,"Daphnia",62.7558823529412,0.822774666666667,1.26929373834475,0.1437983365,887.814123072358,6174.02220833311,0.00783664772943865,2.04726902121755,2014-08-15,24,"during"
"L",2018,149,2018-05-29,"Nauplii",798.210784313725,0.183126666666667,0.313889048941513,0.184969965304348,11292.3726180256,61049.7634004809,0.0191628521718813,2.04726902121755,2014-08-15,24,"during"
"L",2015,230,2015-08-18,"Calanoid",107.221786794264,0.749066666666667,1.8866345950705,0.119340016222222,1516.8779889291,12710.5562488322,0.0239801751416364,2.39041949967021,2014-08-15,23,"during"
"L",2015,230,2015-08-18,"Cyclopoid",2323.7549310412,0.3936,0.789314699367259,0.221882997777778,32874.4074497221,148161.002776097,0.116945657364167,2.39041949967021,2014-08-15,23,"during"
"L",2015,230,2015-08-18,"Daphnia",497.28725254581,0.942466666666667,7.26027114899621,0.1437983365,7035.17550037808,48923.9004540089,0.355200782962604,2.39041949967021,2014-08-15,23,"during"
"L",2015,230,2015-08-18,"Holopedium gibberum",188.562452638188,0.256333333333333,14.3511998862089,0.181128487363636,2667.61301501325,14727.7386005974,0.211360720529008,2.39041949967021,2014-08-15,23,"during"
"L",2015,230,2015-08-18,"Mesocyclops edax",79.4920143474715,1.03966666666667,8.23082992969876,0.169252581333333,1124.58195730951,6644.40062568208,0.0546889315347732,2.39041949967021,2014-08-15,23,"during"
"L",2015,230,2015-08-18,"Nauplii",2266.44673465116,0.159733333333333,0.844408597471068,0.184969965304348,32063.6623177082,173345.2361574,0.146374207741961,2.39041949967021,2014-08-15,23,"during"
"L",2013,239,2013-08-27,"Calanoid",32.6195163884421,0.608466666666667,1.34220403213521,0.119340016222222,461.471757732236,3866.86521705286,0.00519012208605175,2.289144233,2014-08-15,21,"during"
"L",2013,239,2013-08-27,"Cyclopoid",538.874410737064,0.3686,0.695225684906796,0.221882997777778,7623.51343773654,34358.2586952954,0.0238867439336416,2.289144233,2014-08-15,21,"during"
"L",2013,239,2013-08-27,"Daphnia",93.9442071987133,1.1058,12.7211082525295,0.1437983365,1329.03866226884,9242.37856026129,0.117573298175942,2.289144233,2014-08-15,21,"during"
"L",2013,239,2013-08-27,"Holopedium gibberum",41.7529809772059,0.2558,12.1635784131304,0.181128487363636,590.683849897262,3261.13168886237,0.0396670310130218,2.289144233,2014-08-15,21,"during"
"L",2013,239,2013-08-27,"Nauplii",630.209056624702,0.131823529411765,0.771823524753829,0.184969965304348,8915.6343593868,48200.4434866877,0.037202236186593,2.289144233,2014-08-15,21,"during"
"L",2013,197,2013-07-16,"Calanoid",118.522290227865,0.823333333333333,2.38155182979342,0.119340016222222,1676.74740945217,14050.1691094956,0.0334612059516263,1.453286297,2014-08-15,20,"during"
"L",2013,197,2013-07-16,"Cyclopoid",451.77908275092,0.536333333333333,1.89223115214797,0.221882997777778,6391.36659602945,28805.120987371,0.0545059472736946,1.453286297,2014-08-15,20,"during"
"L",2013,197,2013-07-16,"Daphnia",200.790703444853,0.996733333333333,10.7118912091356,0.1437983365,2840.60737601309,19754.1045686094,0.211603819072833,1.453286297,2014-08-15,20,"during"
"L",2013,197,2013-07-16,"Holopedium gibberum",96.2122120673256,0.307133333333333,18.6541988429293,0.181128487363636,1361.12436767294,7514.68964095264,0.140180514805232,1.453286297,2014-08-15,20,"during"
"L",2013,197,2013-07-16,"Mesocyclops edax",73.9021339067863,1.03853333333333,8.88032315564051,0.169252581333333,1045.50132589371,6177.16620720042,0.0548552321060419,1.453286297,2014-08-15,20,"during"
"L",2013,197,2013-07-16,"Nauplii",1345.57658905752,0.185722222222222,0.908796009243312,0.184969965304348,19036.0147073099,102914.084867715,0.0935279096227066,1.453286297,2014-08-15,20,"during"
"L",2011,200,2011-07-19,"Calanoid",35.68638611,0.793949246,2.056185821,0.119340016222222,504.859088932663,4230.42584469377,0.00869854163865128,2.06362,2014-08-15,19,"during"
"L",2011,200,2011-07-19,"Cyclopoid",674.7971802,0.393664539,0.724444614,0.221882997777778,9546.42727229355,43024.6002077842,0.0311689398900325,2.06362,2014-08-15,19,"during"
"L",2011,200,2011-07-19,"Daphnia",158.9666443,1.057188392,8.131676808,0.1437983365,2248.9179757401,15639.3879823505,0.127174448547394,2.06362,2014-08-15,19,"during"
"L",2011,200,2011-07-19,"Holopedium gibberum",243.3162842,0.306968153,15.30644581,0.181128487363636,3442.22127690511,19004.3064291397,0.290888386514262,2.06362,2014-08-15,19,"during"
"L",2011,200,2011-07-19,"Mesocyclops edax",71.37277222,1.032541752,5.973118658,0.169252581333333,1009.71817786533,5965.74758216977,0.0356341181919766,2.06362,2014-08-15,19,"during"
"L",2011,200,2011-07-19,"Nauplii",1297.68689,0.158050954,0.84575215,0.184969965304348,18358.5140559154,99251.3245364376,0.0839420211170399,2.06362,2014-08-15,19,"during"
"L",2010,222,2010-08-10,"Calanoid",99.12808228,0.832772315,2.290818331,0.119340016222222,1402.3754928073,11751.0918566991,0.0269196166345912,2.84471,2014-08-15,18,"during"
"L",2010,222,2010-08-10,"Cyclopoid",1456.420288,0.33022657,0.462567193,0.221882997777778,20604.1322715131,92860.3474708264,0.0429541502705848,2.84471,2014-08-15,18,"during"
"L",2010,222,2010-08-10,"Daphnia",45.75142288,1.402956963,17.55683585,0.1437983365,647.250231541301,4501.09679496397,0.0790250175741436,2.84471,2014-08-15,18,"during"
"L",2010,222,2010-08-10,"Holopedium gibberum",53.37665939,0.155406162,1.745140257,0.181128487363636,755.125261124527,4169.00329768959,0.00727549548636386,2.84471,2014-08-15,18,"during"
"L",2010,222,2010-08-10,"Mesocyclops edax",99.12808228,0.802775264,2.200111136,0.169252581333333,1402.3754928073,8285.69633478972,0.0182294527756852,2.84471,2014-08-15,18,"during"
"L",2010,222,2010-08-10,"Nauplii",5818.056152,0.188583881,0.918795591,0.184969965304348,82308.657402401,444983.904640795,0.408849249649927,2.84471,2014-08-15,18,"during"
"L",2010,145,2010-05-25,"Bosmina longirostris",10.4927206,0.369053543,1.209563829,0.120376969857143,148.441631108636,1233.13978815715,0.00149156128385561,4.2368,2014-08-15,17,"during"
"L",2010,145,2010-05-25,"Calanoid",1154.199219,0.621836305,1.182708985,0.119340016222222,16328.578757036,136824.003162784,0.161822977904293,4.2368,2014-08-15,17,"during"
"L",2010,145,2010-05-25,"Cyclopoid",983.6925049,0.3899813,0.707265594,0.221882997777778,13916.4021899808,62719.5518780507,0.0443593811144434,4.2368,2014-08-15,17,"during"
"L",2010,145,2010-05-25,"Daphnia",41.97088242,0.956219554,6.188741568,0.1437983365,593.766524717487,4129.1612905236,0.0255543121196399,4.2368,2014-08-15,17,"during"
"L",2010,145,2010-05-25,"Holopedium gibberum",385.6074829,0.234998822,6.527489822,0.181128487363636,5455.22995526742,30118.0119961772,0.19659501676392,4.2368,2014-08-15,17,"during"
"L",2010,145,2010-05-25,"Mesocyclops edax",10.4927206,1.153439522,9.268536762,0.169252581333333,148.441631108636,877.042051230456,0.00812889649364937,4.2368,2014-08-15,17,"during"
"L",2010,145,2010-05-25,"Nauplii",2211.34082,0.172506407,0.881188686,0.184969965304348,31284.073099012,169130.556128599,0.149035932517409,4.2368,2014-08-15,17,"during"
"L",2009,174,2009-06-23,"Bosmina longirostris",19.79597855,0.28298226,0.617892131,0.120376969857143,280.055807962101,2326.48992821846,0.00143751981949694,2.09822,2014-08-15,16,"during"
"L",2009,174,2009-06-23,"Calanoid",679.7366333,0.528813541,0.819585943,0.119340016222222,9616.30623914116,80579.0592590058,0.0660414642688451,2.09822,2014-08-15,16,"during"
"L",2009,174,2009-06-23,"Cyclopoid",1216.897827,0.355506688,0.558421495,0.221882997777778,17215.5826137632,77588.5614769146,0.043327120494838,2.09822,2014-08-15,16,"during"
"L",2009,174,2009-06-23,"Daphnia",197.5042267,0.704027236,2.691094521,0.1437983365,2794.1132409642,19430.7758279541,0.0522900543693864,2.09822,2014-08-15,16,"during"
"L",2009,174,2009-06-23,"Epischura lacustris",2.978872299,1.193918347,5.177210692,0.255047885,42.1424223311439,165.233373063038,0.000855447985697186,2.09822,2014-08-15,16,"during"
"L",2009,174,2009-06-23,"Holopedium gibberum",487.5762634,0.238868684,6.876612709,0.181128487363636,6897.79310705653,38082.3204977603,0.26187736912311,2.09822,2014-08-15,16,"during"
"L",2009,174,2009-06-23,"Mesocyclops edax",80.86476898,0.9872154,4.998528848,0.169252581333333,1144.0024626801,6759.1433682601,0.033785773114016,2.09822,2014-08-15,16,"during"
"L",2009,174,2009-06-23,"Nauplii",2735.961914,0.157295361,0.843853438,0.184969965304348,38705.9433532678,209255.287957596,0.176580794162697,2.09822,2014-08-15,16,"during"
"R",2019,217,2019-08-05,"Cyclopoid",303.197198275862,0.428495333333333,0.254064419354692,0.247252532666667,4289.36291886373,17348.1050835035,0.00440753624494451,23.356292555965,2014-08-15,15,"during"
"R",2019,217,2019-08-05,"Calanoid",13.8717672413793,0.88341,0.948513555059085,0.168478539375,196.245362300955,1164.80925718469,0.00110483736949798,23.356292555965,2014-08-15,15,"during"
"R",2019,217,2019-08-05,"Mesocyclops edax",33.6885775862069,1.08803066666667,2.72309733668591,0.231808059111111,476.595879873748,2055.9935737407,0.00559867062489664,23.356292555965,2014-08-15,15,"during"
"R",2019,217,2019-08-05,"Daphnia",144.662715517241,1.07751733333333,2.90043741120171,0.17723005627381,2046.55877828139,11547.470114886,0.0334927143259491,23.356292555965,2014-08-15,15,"during"
"R",2019,217,2019-08-05,"Nauplii",834.287715517242,0.163557333333333,0.296387991894468,0.143749885772727,11802.7567898146,82106.1994336128,0.0243352915722152,23.356292555965,2014-08-15,15,"during"
"R",2019,196,2019-07-15,"Cyclopoid",1027.64002145923,0.456832666666667,0.29887058462663,0.247252532666667,14538.1323674931,58798.7197166254,0.0175732077370052,5.07456614140326,2014-08-15,14,"during"
"R",2019,196,2019-07-15,"Calanoid",32.1807939914163,0.806224666666667,0.795467480416365,0.168478539375,455.265105453855,2702.21422350134,0.00214952353991387,5.07456614140326,2014-08-15,14,"during"
"R",2019,196,2019-07-15,"Mesocyclops edax",81.524678111588,1.02677666666667,2.1764529721284,0.231808059111111,1153.33826714977,4975.40194060701,0.0108287283411675,5.07456614140326,2014-08-15,14,"during"
"R",2019,196,2019-07-15,"Holopedium gibberum",90.1062231759657,0.219595333333333,0.0752075954317293,0.157585475384615,1274.74229527079,8089.21185254899,0.000608370172368054,5.07456614140326,2014-08-15,14,"during"
"R",2019,196,2019-07-15,"Daphnia",154.467811158798,1.24808066666667,4.32681954398023,0.17723005627381,2185.2725061785,12330.1462072685,0.0533503175897432,5.07456614140326,2014-08-15,14,"during"
"R",2019,196,2019-07-15,"Nauplii",1119.89163090129,0.153878,0.288167396250867,0.143749885772727,15843.2256697942,110213.831368484,0.0317600328162882,5.07456614140326,2014-08-15,14,"during"
"R",2018,225,2018-08-13,"Cyclopoid",518.7352297593,0.383232666666667,0.182962071673611,0.247252532666667,7338.60230863135,29680.59509637,0.00543042316733747,1.62557994771362,2014-08-15,13,"during"
"R",2018,225,2018-08-13,"Calanoid",8.79212253829322,0.84633,0.860496912827798,0.168478539375,124.383089976802,738.272603966195,0.000635281296538251,1.62557994771362,2014-08-15,13,"during"
"R",2018,225,2018-08-13,"Mesocyclops edax",85.7231947483589,1.005202,2.11305692930012,0.231808059111111,1212.73512727382,5231.63487897775,0.0110547423325921,1.62557994771362,2014-08-15,13,"during"
"R",2018,225,2018-08-13,"Holopedium gibberum",48.3566739606127,0.205694,0.0484626205844864,0.157585475384615,684.106994872413,4341.18051300559,0.000210384984090556,1.62557994771362,2014-08-15,13,"during"
"R",2018,225,2018-08-13,"Daphnia",46.1586433260394,0.909061333333333,1.73474270848627,0.17723005627381,653.011222378213,3684.53994828817,0.00639172880941927,1.62557994771362,2014-08-15,13,"during"
"R",2018,225,2018-08-13,"Nauplii",1529.82932166302,0.172205333333333,0.304742725873886,0.143749885772727,21642.6576559636,150557.738113137,0.0458813755140042,1.62557994771362,2014-08-15,13,"during"
"R",2018,183,2018-07-02,"Cyclopoid",439.911830357143,0.413566666666667,0.236667418424107,0.247252532666667,6223.47931786157,25170.5381972841,0.00595704629549659,2.46792120749602,2014-08-15,12,"during"
"R",2018,183,2018-07-02,"Calanoid",35.0178571428572,0.758540666666667,0.682628420858825,0.168478539375,495.401338735249,2940.4417949789,0.00200722913913374,2.46792120749602,2014-08-15,12,"during"
"R",2018,183,2018-07-02,"Mesocyclops edax",83.1674107142857,1.20533866666667,3.67225567005775,0.231808059111111,1176.57817949622,5075.65692067787,0.0186391099062272,2.46792120749602,2014-08-15,12,"during"
"R",2018,183,2018-07-02,"Holopedium gibberum",70.0357142857143,0.226782666666667,0.0707674313028951,0.157585475384615,990.802677470498,6287.39847408062,0.000444943039588428,2.46792120749602,2014-08-15,12,"during"
"R",2018,183,2018-07-02,"Daphnia",177.277901785714,1.094892,2.76625576992163,0.17723005627381,2507.9692773472,14150.9252441501,0.0391450786063599,2.46792120749602,2014-08-15,12,"during"
"R",2018,183,2018-07-02,"Nauplii",987.065848214286,0.158577333333333,0.29295046596133,0.143749885772727,13964.1252355998,97141.8179606594,0.0284577408359059,2.46792120749602,2014-08-15,12,"during"
"R",2018,148,2018-05-28,"Cyclopoid",281.261663286004,0.372606666666667,0.182980583340314,0.247252532666667,3979.0385790414,16093.0144420633,0.00294470917031285,1.21737040814066,2014-08-15,11,"during"
"R",2018,148,2018-05-28,"Calanoid",11.0608519269777,0.882774615384615,0.962032701813488,0.168478539375,156.479045243201,928.777313856632,0.000893514148632569,1.21737040814066,2014-08-15,11,"during"
"R",2018,148,2018-05-28,"Mesocyclops edax",45.8235294117647,1.18578727272727,3.91917655565916,0.231808059111111,648.270330293263,2796.58236551013,0.0109603000428771,1.21737040814066,2014-08-15,11,"during"
"R",2018,148,2018-05-28,"Holopedium gibberum",44.2434077079107,0.134959333333333,0.0124565905227117,0.157585475384615,625.916180972805,3971.91542840574,4.94765240824912e-05,1.21737040814066,2014-08-15,11,"during"
"R",2018,148,2018-05-28,"Daphnia",37.9229208924949,0.95858,2.15728591847639,0.17723005627381,536.499583690976,3027.13656459103,0.00653039908409722,1.21737040814066,2014-08-15,11,"during"
"R",2018,148,2018-05-28,"Nauplii",1074.48275862069,0.168233333333333,0.301148683018358,0.143749885772727,15200.821537911,105744.929508632,0.0318449462573938,1.21737040814066,2014-08-15,11,"during"
"R",2015,229,2015-08-17,"Cyclopoid",2714.00379506641,0.3032,0.403126224224974,0.247252532666667,38395.2995159984,155287.790591658,0.0626005806894536,3.50757181790073,2014-08-15,10,"during"
"R",2015,229,2015-08-17,"Daphnia",247.628083491461,0.7706,3.7135430012617,0.17723005627381,3503.22075875899,19766.5160888214,0.0734038074809697,3.50757181790073,2014-08-15,10,"during"
"R",2015,229,2015-08-17,"Mesocyclops edax",84.1935483870968,0.813,3.18218573380279,0.231808059111111,1191.09505797806,5138.28148402354,0.0163509660347227,3.50757181790073,2014-08-15,10,"during"
"R",2015,229,2015-08-17,"Nauplii",3679.75332068311,0.141,0.799197785988298,0.143749885772727,52057.8604751585,362141.925854908,0.289423025356781,3.50757181790073,2014-08-15,10,"during"
"R",2014,146,2014-05-26,"Cyclopoid",128.743932402469,0.470249182986462,1.15789841138904,0.247252532666667,1821.35406532816,7366.37172402038,0.00852951011694433,2.50817704430986,2014-08-15,9,"during"
"R",2014,146,2014-05-26,"Nauplii",276.799454665308,0.176178673754467,0.882808405424912,0.143749885772727,3915.91124045553,27241.1433192142,0.024048710295587,2.50817704430986,2014-08-15,9,"during"
"R",2013,238,2013-08-26,"Calanoid",19.0616669329678,0.9684,3.35017071821609,0.168478539375,269.66742364028,1600.60399764064,0.00536229664435527,2.688257923,2014-08-15,8,"during"
"R",2013,238,2013-08-26,"Cyclopoid",3478.75421526662,0.493142857142857,1.32922432005423,0.247252532666667,49214.3048143511,199044.694440802,0.264575048628477,2.688257923,2014-08-15,8,"during"
"R",2013,238,2013-08-26,"Daphnia",1162.76168291104,1.3068,18.2859625456527,0.17723005627381,16449.7128420572,92815.5934038827,1.69722246463593,2.688257923,2014-08-15,8,"during"
"R",2013,238,2013-08-26,"Holopedium gibberum",31.7694448882797,0.249,13.2681446981183,0.157585475384615,449.445706067134,2852.0757066613,0.0378417531659702,2.688257923,2014-08-15,8,"during"
"R",2013,238,2013-08-26,"Mesocyclops edax",34.9463893771076,1.26709090909091,21.6844565982284,0.231808059111111,494.390276673847,2132.75706879921,0.0462476780929412,2.688257923,2014-08-15,8,"during"
"R",2013,238,2013-08-26,"Nauplii",1372.44001917368,0.1588125,0.845673533061202,0.143749885772727,19416.0545021002,135068.312560592,0.114223697087731,2.688257923,2014-08-15,8,"during"
"R",2013,196,2013-07-15,"Calanoid",157.241088247707,0.595733333333333,1.13846123692246,0.168478539375,2224.50635126858,13203.499742583,0.0150316726486465,2.681651031,2014-08-15,7,"during"
"R",2013,196,2013-07-15,"Cyclopoid",748.467580059086,0.42775,0.942752940117048,0.247252532666667,10588.6502320384,42825.2447723701,0.0403736254203842,2.681651031,2014-08-15,7,"during"
"R",2013,196,2013-07-15,"Daphnia",471.723264743121,1.2646,15.9595415272855,0.17723005627381,6673.51905380573,37654.5558587171,0.600949447918687,2.681651031,2014-08-15,7,"during"
"R",2013,196,2013-07-15,"Mesocyclops edax",16.3530731777615,1.07157142857143,8.86207880664031,0.231808059111111,231.348660531932,998.018194100149,0.00884451588657637,2.681651031,2014-08-15,7,"during"
"R",2013,196,2013-07-15,"Nauplii",329.577320967194,0.1586875,0.843428980936736,0.143749885772727,4662.56531225894,32435.2627286994,0.0273568405896823,2.681651031,2014-08-15,7,"during"
"R",2011,199,2011-07-18,"Bosmina longirostris",14.77753258,0.369490445,1.213189047,0.173873146,209.059320605203,1202.3669290783,0.00145869838883282,2.655051449,2014-08-15,4,"during"
"R",2011,199,2011-07-18,"Calanoid",103.4427338,0.856775343,2.442994825,0.168478539375,1463.41532544081,8686.06370205723,0.0212200086737461,2.655051449,2014-08-15,4,"during"
"R",2011,199,2011-07-18,"Cyclopoid",7506.986816,0.437719733,0.949776594,0.247252532666667,106202.138621519,429529.022316205,0.407956611839636,2.655051449,2014-08-15,4,"during"
"R",2011,199,2011-07-18,"Daphnia",1108.314941,0.930391312,5.744552165,0.17723005627381,15679.4490100224,88469.4692292974,0.508217480997561,2.655051449,2014-08-15,4,"during"
"R",2011,199,2011-07-18,"Holopedium gibberum",44.33259964,0.17749469,2.666539242,0.157585475384615,627.177988695109,3979.92256053021,0.0106126196877749,2.655051449,2014-08-15,4,"during"
"R",2011,199,2011-07-18,"Mesocyclops edax",132.9978027,0.863913059,2.943939046,0.231808059111111,1881.53401956139,8116.77569268429,0.023895292889317,2.655051449,2014-08-15,4,"during"
"R",2011,199,2011-07-18,"Nauplii",4521.925293,0.199031845,0.942327672,0.143749885772727,63972.1566820638,445024.052284852,0.419358479173591,2.655051449,2014-08-15,4,"during"
"R",2010,221,2010-08-09,"Bosmina longirostris",13.29485989,0.288905352,0.651130593,0.173873146,188.08379281846,1081.72996891918,0.000704347476128216,2.92541,2014-08-15,3,"during"
"R",2010,221,2010-08-09,"Calanoid",59.82686996,0.639571249,1.260435077,0.168478539375,846.377074120002,5023.64916777996,0.00633198362561172,2.92541,2014-08-15,3,"during"
"R",2010,221,2010-08-09,"Cyclopoid",3091.054932,0.320038617,0.427001542,0.247252532666667,43729.4819374562,176861.613775298,0.0755201818026606,2.92541,2014-08-15,3,"during"
"R",2010,221,2010-08-09,"Daphnia",445.3778076,0.882924557,4.981932066,0.17723005627381,6300.80707759743,35551.5718387127,0.177115515739985,2.92541,2014-08-15,3,"during"
"R",2010,221,2010-08-09,"Holopedium gibberum",86.41658783,0.167758659,2.227366275,0.157585475384615,1222.54463273595,7757.97788312731,0.0172798582990737,2.92541,2014-08-15,3,"during"
"R",2010,221,2010-08-09,"Mesocyclops edax",99.71144867,0.903593659,3.518173527,0.231808059111111,1410.62843899416,6085.32958001262,0.0214092454314704,2.92541,2014-08-15,3,"during"
"R",2010,221,2010-08-09,"Nauplii",5796.559082,0.154151097,0.835899806,0.143749885772727,82004.5360732906,570466.791208044,0.476853080100247,2.92541,2014-08-15,3,"during"
"R",2010,144,2010-05-24,"Bosmina longirostris",4268.796875,0.344274551,1.014565808,0.173873146,60391.1221076876,347328.632954554,0.352387755135073,1.59792,2014-08-15,2,"during"
"R",2010,144,2010-05-24,"Calanoid",241.6300201,0.833768785,2.297027282,0.168478539375,3418.36551984969,20289.6198680895,0.0466058103784107,1.59792,2014-08-15,2,"during"
"R",2010,144,2010-05-24,"Cyclopoid",35479.33984,0.547245085,1.679678136,0.247252532666667,501929.983393175,2030029.6946598,3.40979649355082,1.59792,2014-08-15,2,"during"
"R",2010,144,2010-05-24,"Daphnia",1449.780151,0.724634707,2.910781839,0.17723005627381,20510.1935491702,115726.38400274,0.336854256848317,1.59792,2014-08-15,2,"during"
"R",2010,144,2010-05-24,"Mesocyclops edax",201.3583527,1.369989514,18.34466223,0.231808059111111,2848.63797022634,12288.7788334439,0.225433496918702,1.59792,2014-08-15,2,"during"
"R",2010,144,2010-05-24,"Nauplii",14014.54102,0.188566893,0.918756774,0.143749885772727,198265.198088634,1379237.25659231,1.26718357244736,1.59792,2014-08-15,2,"during"
"R",2009,173,2009-06-22,"Bosmina longirostris",6516.121582,0.276474804,0.582581228,0.173873146,92184.2630722739,530181.141786403,0.308873580644365,4.05017,2014-08-15,1,"during"
"R",2009,173,2009-06-22,"Cyclopoid",28265.87305,0.446523756,0.999311626,0.247252532666667,399880.303708043,1617295.0763952,1.61618177251428,4.05017,2014-08-15,1,"during"
"R",2009,173,2009-06-22,"Daphnia",2519.484619,0.993339062,6.864214681,0.17723005627381,35643.41610292,201113.83391908,1.38048853133954,4.05017,2014-08-15,1,"during"
"R",2009,173,2009-06-22,"Epischura lacustris",32.94052887,1.65858829,10.89501434,0.092263018,466.013155353048,5050.92035199897,0.0550298496652267,4.05017,2014-08-15,1,"during"
"R",2009,173,2009-06-22,"Holopedium gibberum",1697.135376,0.227561146,5.89100843,0.157585475384615,24009.5541499131,152358.928329616,0.897547731175535,4.05017,2014-08-15,1,"during"
"R",2009,173,2009-06-22,"Mesocyclops edax",112.022995,1.132133603,8.60759247,0.231808059111111,1584.80119059633,6836.69582789049,0.0588474915278306,4.05017,2014-08-15,1,"during"
"R",2009,173,2009-06-22,"Nauplii",4903.702148,0.130284145,0.772487402,0.143749885772727,69373.1943381818,482596.518009502,0.372799730411406,4.05017,2014-08-15,1,"during"
"T",2015,231,2015-08-19,"Alona",3.05091284167096,0.235,0.38619973190245,0.163902146712121,43.1615875283977,263.337536415597,0.000101700885963555,33.2113578162622,2014-08-15,34,"after"
"T",2015,231,2015-08-19,"Bosmina longirostris",390.516843733883,0.2298125,0.388339977346078,0.0827637966666667,5524.68320363491,66752.4138106631,0.0259226308670289,33.2113578162622,2014-08-15,34,"after"
"T",2015,231,2015-08-19,"Cyclopoid",4750.27129448169,0.3043125,0.43047254837697,0.1414484125,67202.5917817153,475103.188462545,0.204518880279496,33.2113578162622,2014-08-15,34,"after"
"T",2015,231,2015-08-19,"Diaphanosoma birgei",115.934687983497,0.433285714285714,0.459109118559332,0.0986319874,1640.14032607912,16628.8885514145,0.00763447436546128,33.2113578162622,2014-08-15,34,"after"
"T",2015,231,2015-08-19,"Mesocyclops edax",21.3563898916968,0.752666666666667,1.84113849835265,0.182725419,302.131112698785,1653.47062467967,0.00304426842299295,33.2113578162622,2014-08-15,34,"after"
"T",2015,231,2015-08-19,"Nauplii",3773.97918514698,0.129933333333333,0.76817926902231,0.11984711325,53390.883772628,445491.612812193,0.34221742148564,33.2113578162622,2014-08-15,34,"after"
"T",2015,217,2015-08-05,"Bosmina longirostris",13897.8019789257,0.2434,0.436083210685847,0.0827637966666667,196613.678494076,2375600.0378516,1.03595929181175,8.20542210907625,2014-08-15,33,"after"
"T",2015,217,2015-08-05,"Chydorus",9.82176818298638,0.214,0.304776526703894,0.163902146712121,138.949596108888,847.759464389076,0.000258377185036856,8.20542210907625,2014-08-15,33,"after"
"T",2015,217,2015-08-05,"Cyclopoid",4488.54805962478,0.3014,0.409266456377174,0.1414484125,63499.9654217617,448926.67439277,0.183730629201918,8.20542210907625,2014-08-15,33,"after"
"T",2015,217,2015-08-05,"Diaphanosoma birgei",991.998586481624,0.382882352941176,0.345294034541611,0.0986319874,14033.9092069976,142285.576687038,0.0491303608313471,8.20542210907625,2014-08-15,33,"after"
"T",2015,217,2015-08-05,"Mesocyclops edax",58.9306090979183,0.984833333333333,6.84215561652972,0.182725419,833.697576653326,4562.57033759121,0.0312178162611616,8.20542210907625,2014-08-15,33,"after"
"T",2015,217,2015-08-05,"Nauplii",4076.03379593935,0.139533333333333,0.795117119765397,0.11984711325,57664.0823851884,481147.028255087,0.382568239289865,8.20542210907625,2014-08-15,33,"after"
"T",2014,155,2014-06-04,"Cyclopoid",468.231663852936,0.342266666666667,0.585946631935945,0.1414484125,6624.12300571889,46830.6634810687,0.0274402695380579,8.72868017399268,2014-08-15,32,"after"
"T",2014,155,2014-06-04,"Daphnia",1.49118364284374,2.35,71.4151257813086,0.14,21.0959331392321,150.6852367088,0.0107612051329452,8.72868017399268,2014-08-15,32,"after"
"T",2014,155,2014-06-04,"Diaphanosoma birgei",4.47355092853123,0.371333333333333,0.39656846033423,0.0986319874,63.2877994176963,641.655928122323,0.000254460503479801,8.72868017399268,2014-08-15,32,"after"
"T",2014,155,2014-06-04,"Nauplii",653.13843556556,0.161333333333333,0.850259867175079,0.11984711325,9240.01871498367,77098.3836357332,0.0655536614295318,8.72868017399268,2014-08-15,32,"after"
"T",2013,205,2013-07-24,"Bosmina longirostris",2923.84509534106,0.218904761904762,0.334730344729435,0.0827637966666667,41363.9466452021,499783.09733417,0.167292568460611,13.50649676,2014-08-15,30,"after"
"T",2013,205,2013-07-24,"Cyclopoid",402.59484961667,0.3822,0.809106766512979,0.1414484125,5695.55203376278,40265.9311129616,0.0325794373234427,13.50649676,2014-08-15,30,"after"
"T",2013,205,2013-07-24,"Daphnia",35.2270493414586,0.956538461538462,8.49240095498307,0.14,498.360802954243,3559.72002110173,0.0302305697066767,13.50649676,2014-08-15,30,"after"
"T",2013,205,2013-07-24,"Diaphanosoma birgei",301.946137212502,0.4504,0.511077546590385,0.0986319874,4271.66402532208,43309.1143950941,0.022134315930047,13.50649676,2014-08-15,30,"after"
"T",2013,205,2013-07-24,"Nauplii",782.543738942402,0.149066666666667,0.819838012672149,0.11984711325,11070.7292656264,92373.7665882111,0.0757315252227199,13.50649676,2014-08-15,30,"after"
"T",2013,191,2013-07-10,"Bosmina longirostris",983.394464739025,0.224789473684211,0.357356743664801,0.0827637966666667,13912.1857842155,168095.065046945,0.0600699050712993,10.93118795,2014-08-15,29,"after"
"T",2013,191,2013-07-10,"Cyclopoid",613.796545105566,0.374,0.696358980916911,0.1414484125,8683.44481833585,61389.4823198235,0.042749117347249,10.93118795,2014-08-15,29,"after"
"T",2013,191,2013-07-10,"Diaphanosoma birgei",65.9996285059748,0.373555555555556,0.314843844025754,0.0986319874,933.70374390708,9466.54091152461,0.00298048213021147,10.93118795,2014-08-15,29,"after"
"T",2013,191,2013-07-10,"Nauplii",791.995542071698,0.148277777777778,0.816341052308037,0.11984711325,11204.444926885,93489.4852537048,0.0763193047717461,10.93118795,2014-08-15,29,"after"
"L",2019,225,2019-08-13,"Cyclopoid",402.06552094522,0.452091333333333,0.294686180882429,0.221882997777778,5688.06356491109,25635.4187651992,0.0075544036512383,8.27956251586026,2014-08-15,28,"after"
"L",2019,225,2019-08-13,"Calanoid",14.1697099892589,0.777161428571429,0.713585391423804,0.119340016222222,200.460389952814,1679.74160133796,0.0011986390680816,8.27956251586026,2014-08-15,28,"after"
"L",2019,225,2019-08-13,"Mesocyclops edax",31.8818474758324,1.196606,3.48149688406446,0.169252581333333,451.035877393831,2664.86852868461,0.0092777314790569,8.27956251586026,2014-08-15,28,"after"
"L",2019,225,2019-08-13,"Holopedium gibberum",17.7121374865736,0.335676153846154,0.214644279452706,0.181128487363636,250.575487441017,1383.41290808639,0.000296941666841776,8.27956251586026,2014-08-15,28,"after"
"L",2019,225,2019-08-13,"Daphnia",533.135338345865,1.18793,3.34101401166333,0.1437983365,7542.32217197462,52450.6914026409,0.175238494897653,8.27956251586026,2014-08-15,28,"after"
"L",2019,225,2019-08-13,"Nauplii",798.817400644469,0.153641333333333,0.287692115361377,0.184969965304348,11300.9544835899,61096.1593953666,0.0175768833369089,8.27956251586026,2014-08-15,28,"after"
"L",2019,204,2019-07-23,"Cyclopoid",265.066666666666,0.456335333333333,0.317447477954272,0.221882997777778,3749.92624434593,16900.4668311791,0.00536501057180765,3.99940893033471,2014-08-15,27,"after"
"L",2019,204,2019-07-23,"Calanoid",20.5333333333333,0.809205,0.783940786063378,0.119340016222222,290.487244280318,2434.11433545815,0.0019082015055072,3.99940893033471,2014-08-15,27,"after"
"L",2019,204,2019-07-23,"Mesocyclops edax",69.0666666666666,1.21121133333333,3.9499605655699,0.169252581333333,977.093458033798,5772.98999126914,0.0228030828109428,3.99940893033471,2014-08-15,27,"after"
"L",2019,204,2019-07-23,"Holopedium gibberum",259.466666666667,0.317109333333333,0.178543976481678,0.181128487363636,3670.7024504513,20265.7378962258,0.00361832543032759,3.99940893033471,2014-08-15,27,"after"
"L",2019,204,2019-07-23,"Daphnia",134.4,1.23593933333333,4.41824112527168,0.1437983365,1901.37105347118,13222.4829559915,0.0584201179743654,3.99940893033471,2014-08-15,27,"after"
"L",2019,204,2019-07-23,"Nauplii",912.799999999999,0.181827333333333,0.312230508173943,0.184969965304348,12913.4784048251,69813.9202414691,0.021798035794609,3.99940893033471,2014-08-15,27,"after"
"L",2018,233,2018-08-21,"Cyclopoid",2132.08524590164,0.377772666666667,0.181169108847073,0.221882997777778,30162.8360869818,135940.276583025,0.0246281787649712,NA,2014-08-15,26,"after"
"L",2018,233,2018-08-21,"Calanoid",17.572131147541,0.833866,0.835708979285193,0.119340016222222,248.594802914685,2083.08001610942,0.00174084867403219,NA,2014-08-15,26,"after"
"L",2018,233,2018-08-21,"Mesocyclops edax",44.9065573770492,1.316836,5.11872292642367,0.169252581333333,635.297829670862,3753.54883610124,0.0192133764828023,NA,2014-08-15,26,"after"
"L",2018,233,2018-08-21,"Holopedium gibberum",388.539344262295,0.213086666666667,0.0606832908983088,0.181128487363636,5496.70730889137,30347.0060888661,0.00184155619838341,NA,2014-08-15,26,"after"
"L",2018,233,2018-08-21,"Daphnia",228.437704918033,1.007284,2.82351713457687,0.1437983365,3231.73243789091,22474.0599686347,0.0634558934049481,NA,2014-08-15,26,"after"
"L",2018,233,2018-08-21,"Nauplii",1856.78852459016,0.151354666666667,0.285920273367635,0.184969965304348,26268.1841746517,142013.240535728,0.0406044645557992,NA,2014-08-15,26,"after"
"L",2018,198,2018-07-17,"Cyclopoid",207.089147286822,0.420840666666667,0.251138973406818,0.221882997777778,2929.71212901184,13203.8604055009,0.00331600394724442,3.756577612387,2014-08-15,25,"after"
"L",2018,198,2018-07-17,"Calanoid",84.0658914728683,0.830371333333333,0.824752041452705,0.119340016222222,1189.28908207412,9965.55153687553,0.00821910897424023,3.756577612387,2014-08-15,25,"after"
"L",2018,198,2018-07-17,"Mesocyclops edax",20.5038759689923,1.19882416666667,3.83319395592132,0.169252581333333,290.070507822955,1713.83210547128,0.00656945086815641,3.756577612387,2014-08-15,25,"after"
"L",2018,198,2018-07-17,"Holopedium gibberum",65.6124031007752,0.284878666666667,0.130947433256204,0.181128487363636,928.225625033456,5124.68048811084,0.000671063756176267,3.756577612387,2014-08-15,25,"after"
"L",2018,198,2018-07-17,"Daphnia",211.18992248062,1.00420733333333,2.0945353280967,0.1437983365,2987.72623057644,20777.1960600979,0.0435185711666666,3.756577612387,2014-08-15,25,"after"
"L",2018,198,2018-07-17,"Nauplii",647.922480620155,0.173028666666667,0.303578594806349,0.184969965304348,9166.22804720538,49555.2239095863,0.0150439052397862,3.756577612387,2014-08-15,25,"after"
"L",2018,156,2018-06-05,"Cyclopoid",126.237596471885,0.423765333333333,0.238044876149175,0.221882997777778,1785.89666511472,8048.82159967634,0.00191598074084176,2.4798454105888,2014-08-15,24,"after"
"L",2018,156,2018-06-05,"Calanoid",75.7425578831312,0.793147333333333,0.740609411257445,0.119340016222222,1071.53799906883,8978.86587407134,0.00664983256875554,2.4798454105888,2014-08-15,24,"after"
"L",2018,156,2018-06-05,"Mesocyclops edax",31.0738699007718,1.034045,2.57906617411314,0.169252581333333,439.605332951315,2597.3331070534,0.0066986939593056,2.4798454105888,2014-08-15,24,"after"
"L",2018,156,2018-06-05,"Holopedium gibberum",868.126240352811,0.194765333333333,0.0408460485113657,0.181128487363636,12281.4739893274,67805.3141617138,0.00276957915157775,2.4798454105888,2014-08-15,24,"after"
"L",2018,156,2018-06-05,"Daphnia",64.0898566703418,1.020636,2.23485496238816,0.1437983365,906.685999212087,6305.26069550246,0.0140913431544947,2.4798454105888,2014-08-15,24,"after"
"L",2018,156,2018-06-05,"Nauplii",623.419514884234,0.148964666666667,0.284874762891179,0.184969965304348,8819.58199233575,47681.1571966513,0.0135831583507731,2.4798454105888,2014-08-15,24,"after"
"L",2015,237,2015-08-25,"Calanoid",54.5173372396917,0.803,2.17877047678877,0.119340016222222,771.262551635982,6462.73208309122,0.0140808098620347,3.38057541552255,2014-08-15,23,"after"
"L",2015,237,2015-08-25,"Cyclopoid",2050.24128976412,0.319411764705882,0.476728748901103,0.221882997777778,29004.9809597389,130721.962702109,0.0623189177328733,3.38057541552255,2014-08-15,23,"after"
"L",2015,237,2015-08-25,"Daphnia",358.256787575117,1.1488,11.9605682388246,0.1437983365,5068.2967678936,35245.8650861625,0.421560574499452,3.38057541552255,2014-08-15,23,"after"
"L",2015,237,2015-08-25,"Holopedium gibberum",85.6701013766584,0.188266666666667,4.29708087259537,0.181128487363636,1211.98400971369,6691.29427046166,0.0287530326225078,3.38057541552255,2014-08-15,23,"after"
"L",2015,237,2015-08-25,"Mesocyclops edax",5.84114327568126,1.03133333333333,8.24620279599301,0.169252581333333,82.6352733895696,488.236414113083,0.00402609648316491,3.38057541552255,2014-08-15,23,"after"
"L",2015,237,2015-08-25,"Nauplii",1882.79518252792,0.1290625,0.764874179609161,0.184969965304348,26636.1031225712,144002.314531142,0.110143652188828,3.38057541552255,2014-08-15,23,"after"
"L",2014,154,2014-06-03,"Calanoid",52.258883248731,0.561466666666667,1.05863409065031,0.119340016222222,739.311963510914,6195.00471773229,0.0065582431859309,1.92260538940226,2014-08-15,22,"after"
"L",2014,154,2014-06-03,"Cyclopoid",160.260575296108,0.4114,0.870997378796678,0.221882997777778,2267.2233547668,10218.1031330642,0.00889994104517308,1.92260538940226,2014-08-15,22,"after"
"L",2014,154,2014-06-03,"Holopedium gibberum",432.006768189509,0.1518,1.95284505934037,0.181128487363636,6111.64556502355,33742.0449647642,0.0658929858014804,1.92260538940226,2014-08-15,22,"after"
"L",2014,154,2014-06-03,"Mesocyclops edax",66.1945854483926,0.5146,0.492242201835103,0.169252581333333,936.461820447158,5532.92489290222,0.00272353913187044,1.92260538940226,2014-08-15,22,"after"
"L",2014,154,2014-06-03,"Nauplii",857.045685279188,0.174,0.876924405274131,0.184969965304348,12124.716201579,65549.6484611926,0.0574820864927596,1.92260538940226,2014-08-15,22,"after"
"L",2013,204,2013-07-23,"Calanoid",113.491590762015,0.842,2.40717219201376,0.119340016222222,1605.57757058997,13453.8072091446,0.0323856305905672,3.62046157,2014-08-15,20,"after"
"L",2013,204,2013-07-23,"Cyclopoid",399.68777616188,0.5412,2.02679597845451,0.221882997777778,5654.42535729513,25483.8154068848,0.0516504945823513,3.62046157,2014-08-15,20,"after"
"L",2013,204,2013-07-23,"Daphnia",772.23625888067,1.23986666666667,14.2556717166567,0.1437983365,10924.9082520579,75973.8152607759,1.08305776941954,3.62046157,2014-08-15,20,"after"
"L",2013,204,2013-07-23,"Holopedium gibberum",93.753922803404,0.349266666666667,24.2109009261416,0.181128487363636,1326.34668874824,7322.68406838427,0.177288778493087,3.62046157,2014-08-15,20,"after"
"L",2013,204,2013-07-23,"Mesocyclops edax",76.4834633396191,1.21746666666667,13.6404405889023,0.169252581333333,1082.01966713672,6392.92859590571,0.0872023627015464,3.62046157,2014-08-15,20,"after"
"L",2013,204,2013-07-23,"Nauplii",944.94085351852,0.145933333333333,0.809212750654803,0.184969965304348,13368.1784681731,72272.157515828,0.0584835513791404,3.62046157,2014-08-15,20,"after"
"L",2011,207,2011-07-26,"Calanoid",38.14965439,0.916177511,2.843257273,0.119340016222222,539.70720652586,4522.43282354575,0.0128584400172004,2.09341,2014-08-15,19,"after"
"L",2011,207,2011-07-26,"Cyclopoid",434.3191223,0.401044577,0.759623842,0.221882997777778,6144.35868385586,27691.8860182771,0.0210354168494298,2.09341,2014-08-15,19,"after"
"L",2011,207,2011-07-26,"Daphnia",149.6640167,1.025376797,7.483223231,0.1437983365,2117.31271651493,14724.180877537,0.110184332400231,2.09341,2014-08-15,19,"after"
"L",2011,207,2011-07-26,"Holopedium gibberum",184.8790894,0.266547769,9.755939155,0.181128487363636,2615.5040846523,14440.0481819372,0.140876231458247,2.09341,2014-08-15,19,"after"
"L",2011,207,2011-07-26,"Mesocyclops edax",93.90683746,0.958557963,4.447105462,0.169252581333333,1328.5099886121,7849.27460571889,0.0349065519718304,2.09341,2014-08-15,19,"after"
"L",2011,207,2011-07-26,"Nauplii",1490.771118,0.156649679,0.842227077,0.184969965304348,21090.0971065183,114019.035857075,0.0960299192922623,2.09341,2014-08-15,19,"after"
"L",2010,229,2010-08-17,"Calanoid",64.95652008,0.815475643,2.184535535,0.119340016222222,918.946778380441,7700.24009942546,0.0168214481252269,4.36289,2014-08-15,18,"after"
"L",2010,229,2010-08-17,"Cyclopoid",2468.3479,0.311089337,0.397176441,0.221882997777778,34919.9795160444,157380.150195274,0.0625076879386045,4.36289,2014-08-15,18,"after"
"L",2010,229,2010-08-17,"Daphnia",288.6956482,1.180050135,10.96616732,0.1437983365,4084.20795201323,28402.3310103676,0.311464714137716,4.36289,2014-08-15,18,"after"
"L",2010,229,2010-08-17,"Holopedium gibberum",281.4782715,0.215917215,4.982221773,0.181128487363636,3982.10295841667,21984.9622573292,0.109533957637049,4.36289,2014-08-15,18,"after"
"L",2010,229,2010-08-17,"Mesocyclops edax",144.3478241,0.779372573,1.956412047,0.169252581333333,2042.10397600661,12065.4229313337,0.0236049387750112,4.36289,2014-08-15,18,"after"
"L",2010,229,2010-08-17,"Nauplii",4597.478027,0.178936824,0.89644455,0.184969965304348,65041.0092225266,351630.109869506,0.31521689560842,4.36289,2014-08-15,18,"after"
"L",2010,159,2010-06-08,"Calanoid",800.6237183,0.736529946,1.734883206,0.119340016222222,11326.5086510274,94909.5618517126,0.164657004945355,6.60234,2014-08-15,17,"after"
"L",2010,159,2010-06-08,"Cyclopoid",1328.307495,0.413326859,0.820437284,0.221882997777778,18791.7070022456,84691.9646410494,0.0694844454467266,6.60234,2014-08-15,17,"after"
"L",2010,159,2010-06-08,"Daphnia",61.86637878,1.064826608,8.292475815,0.1437983365,875.230221691781,6086.51145065076,0.050472249002242,6.60234,2014-08-15,17,"after"
"L",2010,159,2010-06-08,"Epischura lacustris",7.27839756,1.946392775,15.65005065,0.255047885,102.968262174399,403.721294040133,0.00631825870021163,6.60234,2014-08-15,17,"after"
"L",2010,159,2010-06-08,"Holopedium gibberum",320.2494812,0.242544994,7.219949352,0.181128487363636,4530.60337383067,25013.2016215371,0.180594048838862,6.60234,2014-08-15,17,"after"
"L",2010,159,2010-06-08,"Mesocyclops edax",94.61917114,0.904987752,3.539760995,0.169252581333333,1338.58744872791,7908.81555946045,0.0279953168340272,6.60234,2014-08-15,17,"after"
"L",2010,159,2010-06-08,"Nauplii",2507.407959,0.162614152,0.857117813,0.184969965304348,35472.5663131387,191774.736264736,0.164373542535882,6.60234,2014-08-15,17,"after"
"L",2009,181,2009-06-30,"Bosmina longirostris",12.45223331,0.337882459,0.967593056,0.120376969857143,176.163065228449,1463.42830723776,0.00141600306803709,3.01389,2014-08-15,16,"after"
"L",2009,181,2009-06-30,"Calanoid",761.6106567,0.688469827,1.489155945,0.119340016222222,10774.5867311351,90284.7768268423,0.13444811215469,3.01389,2014-08-15,16,"after"
"L",2009,181,2009-06-30,"Cyclopoid",1610.666748,0.385295093,0.685770036,0.221882997777778,22786.2732993732,102694.994783666,0.0704251502698148,3.01389,2014-08-15,16,"after"
"L",2009,181,2009-06-30,"Daphnia",630.6712646,0.927326441,5.693225802,0.1437983365,8922.1732646317,62046.4289211837,0.353244330056042,3.01389,2014-08-15,16,"after"
"L",2009,181,2009-06-30,"Epischura lacustris",2.42130518,1.503462076,8.723737412,0.255047885,34.254461167201,134.30599970355,0.00117165027426992,3.01389,2014-08-15,16,"after"
"L",2009,181,2009-06-30,"Holopedium gibberum",265.2207947,0.286595404,12.29519677,0.181128487363636,3752.10670997918,20715.1661485826,0.254697043920067,3.01389,2014-08-15,16,"after"
"L",2009,181,2009-06-30,"Mesocyclops edax",76.44340515,1.143875241,8.967310785,0.169252581333333,1081.45295967991,6389.58030158516,0.0572973523500281,3.01389,2014-08-15,16,"after"
"L",2009,181,2009-06-30,"Nauplii",3334.152832,0.145346671,0.813158577,0.184969965304348,47168.6137099237,255006.879805124,0.207361031507544,3.01389,2014-08-15,16,"after"
"R",2019,224,2019-08-12,"Cyclopoid",433.26400862069,0.400600666666667,0.224865693683652,0.247252532666667,6129.4318787371,24790.1682244868,0.00557445837433366,9.01536636129309,2014-08-15,15,"after"
"R",2019,224,2019-08-12,"Mesocyclops edax",11.6573275862069,0.921301666666667,1.28569116339811,0.231808059111111,164.917449652119,711.439672479508,0.000914691700197751,9.01536636129309,2014-08-15,15,"after"
"R",2019,224,2019-08-12,"Holopedium gibberum",0,0.42254,0.416048854213015,0.157585475384615,0,0,0,9.01536636129309,2014-08-15,15,"after"
"R",2019,224,2019-08-12,"Daphnia",122.401939655172,1.16125533333333,3.37050064026276,0.17723005627381,1731.63322134725,9770.53925137834,0.0329316088024831,9.01536636129309,2014-08-15,15,"after"
"R",2019,224,2019-08-12,"Nauplii",748.011853448276,0.155094666666667,0.28914021126145,0.143749885772727,10582.2030193443,73615.3838485486,0.0212851676380621,9.01536636129309,2014-08-15,15,"after"
"R",2019,203,2019-07-22,"Cyclopoid",658.408096280088,0.409853333333333,0.226806133944476,0.247252532666667,9314.56916397338,37672.2902027087,0.00854430649771073,16.6089390001526,2014-08-15,14,"after"
"R",2019,203,2019-07-22,"Calanoid",15.3118161925602,0.781721333333333,0.721149051603257,0.168478539375,216.617887534265,1285.72985222834,0.00092720286355246,16.6089390001526,2014-08-15,14,"after"
"R",2019,203,2019-07-22,"Mesocyclops edax",34.0262582056893,1.07772,2.67474719090608,0.231808059111111,481.373083409477,2076.60201830491,0.00555438541509095,16.6089390001526,2014-08-15,14,"after"
"R",2019,203,2019-07-22,"Holopedium gibberum",17.0131291028446,0.175624166666667,0.0438575809738503,0.157585475384615,240.686541704738,1527.3396302375,6.69854215077118e-05,16.6089390001526,2014-08-15,14,"after"
"R",2019,203,2019-07-22,"Daphnia",197.352297592998,1.452002,5.70766862250027,0.17723005627381,2791.96388377497,15753.3318133215,0.0899147976907302,16.6089390001526,2014-08-15,14,"after"
"R",2019,203,2019-07-22,"Nauplii",1056.51531728665,0.139842666666667,0.276089311023751,0.143749885772727,14946.6342398643,103976.668638856,0.0287068468070466,16.6089390001526,2014-08-15,14,"after"
"R",2018,197,2018-07-16,"Cyclopoid",341.279379157428,0.392466666666667,0.210828267903452,0.247252532666667,4828.11557051003,19527.0621434606,0.00411685668894887,3.02434081485805,2014-08-15,12,"after"
"R",2018,197,2018-07-16,"Calanoid",18.3237250554324,0.784485333333333,0.7268835662711,0.168478539375,259.227681638122,1538.6391798016,0.00111841153421863,3.02434081485805,2014-08-15,12,"after"
"R",2018,197,2018-07-16,"Mesocyclops edax",52.6807095343681,1.10647833333333,2.88242118900516,0.231808059111111,745.279584709602,3215.07193307879,0.00926719146408209,3.02434081485805,2014-08-15,12,"after"
"R",2018,197,2018-07-16,"Holopedium gibberum",73.2949002217295,0.19229,0.0445927960860366,0.157585475384615,1036.91072655249,6579.98920282295,0.000293420116769807,3.02434081485805,2014-08-15,12,"after"
"R",2018,197,2018-07-16,"Daphnia",36.6474501108647,0.898103333333333,1.72346645611409,0.17723005627381,518.455363276245,2925.32414747565,0.00504169804143482,3.02434081485805,2014-08-15,12,"after"
"R",2018,197,2018-07-16,"Nauplii",1177.29933481153,0.168051333333333,0.30065304996629,0.143749885772727,16655.3785452494,115863.594991526,0.0348347432142612,3.02434081485805,2014-08-15,12,"after"
"R",2018,155,2018-06-04,"Cyclopoid",329.180092059839,0.455999333333333,0.287321071801213,0.247252532666667,4656.94567277942,18834.7744007042,0.0054116275679444,4.30107301665625,2014-08-15,11,"after"
"R",2018,155,2018-06-04,"Calanoid",30.6214039125432,0.84009,0.861284610890576,0.168478539375,433.204248630644,2571.27258010242,0.00221459750364712,4.30107301665625,2014-08-15,11,"after"
"R",2018,155,2018-06-04,"Mesocyclops edax",45.9321058688147,0.960386666666667,1.70345034675551,0.231808059111111,649.806372945966,2803.20872120541,0.00477512686816544,4.30107301665625,2014-08-15,11,"after"
"R",2018,155,2018-06-04,"Holopedium gibberum",76.5535097813579,0.181332,0.0347074602830259,0.157585475384615,1083.01062157661,6872.52818785064,0.000238527999123802,4.30107301665625,2014-08-15,11,"after"
"R",2018,155,2018-06-04,"Daphnia",91.8642117376295,1.310508,4.68006661632503,0.17723005627381,1299.61274589193,7332.9139154823,0.034318525616234,4.30107301665625,2014-08-15,11,"after"
"R",2018,155,2018-06-04,"Nauplii",1013.0581127733,0.172671333333333,0.304311306000801,0.143749885772727,14331.8405588638,99699.8396334234,0.0303397884069175,4.30107301665625,2014-08-15,11,"after"
"R",2015,236,2015-08-24,"Cyclopoid",3693.04632282713,0.324266666666667,0.537286496227956,0.247252532666667,52245.9179862476,211305.896132853,0.113531804565529,2.95837493741924,2014-08-15,10,"after"
"R",2015,236,2015-08-24,"Daphnia",1067.01671442216,0.946866666666667,8.81622203770435,0.17723005627381,15095.1986188409,85172.9042816515,0.750903235743179,2.95837493741924,2014-08-15,10,"after"
"R",2015,236,2015-08-24,"Nauplii",7164.69436485196,0.135133333333333,0.783458554648946,0.143749885772727,101359.691014119,705111.454310103,0.552425600860209,2.95837493741924,2014-08-15,10,"after"
"R",2014,160,2014-06-09,"Cyclopoid",434.796440210579,0.280662267527418,0.331583742459767,0.247252532666667,6151.11135095763,24877.8497215648,0.00824909051502814,6.81150392576174,2014-08-15,9,"after"
"R",2014,160,2014-06-09,"Daphnia",23.1709701679619,0.939411532801586,8.83542923470802,0.17723005627381,327.802172308087,1849.5856696093,0.016341883297363,6.81150392576174,2014-08-15,9,"after"
"R",2014,160,2014-06-09,"Holopedium gibberum",241.250689395839,0.200949958169612,5.60164324201604,0.157585475384615,3412.99908814891,21658.0816209037,0.121320846546767,6.81150392576174,2014-08-15,9,"after"
"R",2014,160,2014-06-09,"Mesocyclops edax",69.5129105038857,0.799300364527395,5.04506474869816,0.231808059111111,983.406516924262,4242.33100736541,0.0214028346175684,6.81150392576174,2014-08-15,9,"after"
"R",2014,160,2014-06-09,"Nauplii",445.700426171973,0.176524163113745,0.885486391951232,0.143749885772727,6305.37119674968,43863.4866584774,0.0388405205396162,6.81150392576174,2014-08-15,9,"after"
"R",2013,203,2013-07-22,"Calanoid",91.6483802655678,0.792066666666667,2.11624451046306,0.168478539375,1296.55935516718,7695.69441886779,0.0162859710681302,3.231746552,2014-08-15,7,"after"
"R",2013,203,2013-07-22,"Cyclopoid",928.503262362637,0.41475,0.875681444848071,0.247252532666667,13135.6341228413,53126.3885597892,0.0465217926935962,3.231746552,2014-08-15,7,"after"
"R",2013,203,2013-07-22,"Daphnia",229.872166895604,1.16546666666667,16.7221705628193,0.17723005627381,3252.02592361605,18349.1784180888,0.306838091194883,3.231746552,2014-08-15,7,"after"
"R",2013,203,2013-07-22,"Mesocyclops edax",46.5754063644689,1.2704,17.6729858221989,0.231808059111111,658.907213281684,2842.46896250425,0.050234913674378,3.231746552,2014-08-15,7,"after"
"R",2013,203,2013-07-22,"Nauplii",380.115413232601,0.179066666666667,0.888696757216899,0.143749885772727,5377.53306323439,37408.9553833554,0.0332452173400596,3.231746552,2014-08-15,7,"after"
"R",2011,234,2011-08-22,"Bosmina longirostris",3.275681257,0.254777074,0.473778005,0.173873146,46.3414101373354,266.524251751535,0.00012627332827896,4.36977,2014-08-15,6,"after"
"R",2011,234,2011-08-22,"Calanoid",9.827044487,0.920471013,2.873505069,0.168478539375,139.024240541334,825.174773339491,0.00237114389400195,4.36977,2014-08-15,6,"after"
"R",2011,234,2011-08-22,"Cyclopoid",805.817627,0.468581736,1.130219438,0.247252532666667,11399.9874282339,46106.6558359698,0.0521106386469892,4.36977,2014-08-15,6,"after"
"R",2011,234,2011-08-22,"Daphnia",402.9088135,0.742521763,3.110388295,0.17723005627381,5699.99371411694,32161.5522443372,0.100034915649817,4.36977,2014-08-15,6,"after"
"R",2011,234,2011-08-22,"Holopedium gibberum",75.34066772,0.212823778,4.758071261,0.157585475384615,1065.85241630951,6763.64629232554,0.0321819110430833,4.36977,2014-08-15,6,"after"
"R",2011,234,2011-08-22,"Mesocyclops edax",65.5136261,0.934386671,4.018513061,0.231808059111111,926.82821632793,3998.25709201801,0.0160670483455102,4.36977,2014-08-15,6,"after"
"R",2011,234,2011-08-22,"Nauplii",930.2935181,0.200369433,0.945292514,0.143749885772727,13160.9610606191,91554.5844775622,0.0865458633290202,4.36977,2014-08-15,6,"after"
"R",2011,221,2011-08-09,"Calanoid",30.84291267,0.747478247,1.793801766,0.168478539375,436.337956513969,2589.87262195315,0.00464571808297462,5.83345,2014-08-15,5,"after"
"R",2011,221,2011-08-09,"Cyclopoid",2146.666748,0.510976672,1.409923977,0.247252532666667,30369.1221435737,122826.333934932,0.173175793221869,5.83345,2014-08-15,5,"after"
"R",2011,221,2011-08-09,"Daphnia",456.4750977,1.159717441,10.45980462,0.17723005627381,6457.80161753874,36437.39528899,0.381128035584544,5.83345,2014-08-15,5,"after"
"R",2011,221,2011-08-09,"Holopedium gibberum",98.69731903,0.224076435,5.608032223,0.157585475384615,1396.28143942598,8860.47039562566,0.0496898034896063,5.83345,2014-08-15,5,"after"
"R",2011,221,2011-08-09,"Mesocyclops edax",92.5287323,0.946530819,4.229786269,0.231808059111111,1309.01378876193,5646.97273158432,0.0238854877214728,5.83345,2014-08-15,5,"after"
"R",2011,221,2011-08-09,"Nauplii",1172.03064,0.183027595,0.905998614,0.143749885772727,16580.8417609918,115345.077819447,0.104502480636141,5.83345,2014-08-15,5,"after"
"R",2011,206,2011-07-25,"Calanoid",51.65531158,0.770163059,1.919387743,0.168478539375,730.773171103024,4337.48520027508,0.00832531592885188,2.69335,2014-08-15,4,"after"
"R",2011,206,2011-07-25,"Cyclopoid",4586.991699,0.405312091,0.780430981,0.247252532666667,64892.6580282081,262454.978027235,0.204827995970128,2.69335,2014-08-15,4,"after"
"R",2011,206,2011-07-25,"Daphnia",475.2288818,0.988029003,6.764865804,0.17723005627381,6723.11339008925,37934.3861387848,0.256621031585997,2.69335,2014-08-15,4,"after"
"R",2011,206,2011-07-25,"Holopedium gibberum",61.98637772,0.254087061,8.374155062,0.157585475384615,876.927859422163,5564.77592418885,0.0466002964744418,2.69335,2014-08-15,4,"after"
"R",2011,206,2011-07-25,"Mesocyclops edax",113.6416931,0.868663073,3.00869313,0.231808059111111,1607.70108428419,6935.48399675604,0.0208667430542648,2.69335,2014-08-15,4,"after"
"R",2011,206,2011-07-25,"Nauplii",3285.277832,0.162768573,0.85749945,0.143749885772727,46477.1739016022,323319.727537621,0.277246488537659,2.69335,2014-08-15,4,"after"
"R",2010,228,2010-08-16,"Calanoid",153.46875,0.853286147,2.420534088,0.168478539375,2171.13868201194,12886.7373261078,0.031192786980946,4.36793,2014-08-15,3,"after"
"R",2010,228,2010-08-16,"Cyclopoid",2261.106201,0.367023796,0.605776059,0.247252532666667,31988.1092217677,129374.24291177,0.0783718190072008,4.36793,2014-08-15,3,"after"
"R",2010,228,2010-08-16,"Daphnia",1643.820801,1.169310093,10.6968129,0.17723005627381,23255.3072032381,131215.368838512,1.40358625007005,4.36793,2014-08-15,3,"after"
"R",2010,228,2010-08-16,"Holopedium gibberum",364.9145813,0.195159286,3.60901163,0.157585475384615,5162.48528179594,32759.9055001483,0.118230879947736,4.36793,2014-08-15,3,"after"
"R",2010,228,2010-08-16,"Mesocyclops edax",20.46249962,1.294273019,14.63977699,0.231808059111111,289.485152225692,1248.8140116256,0.0182823586321861,4.36793,2014-08-15,3,"after"
"R",2010,228,2010-08-16,"Nauplii",2486.193848,0.165143386,0.863344557,0.143749885772727,35172.4480350098,244678.093801191,0.211241500500393,4.36793,2014-08-15,3,"after"
"R",2010,158,2010-06-07,"Bosmina longirostris",644.4556885,0.328391075,0.900312306,0.173873146,9117.18297141918,52435.8314159633,0.0472086242991332,6.17973,2014-08-15,2,"after"
"R",2010,158,2010-06-07,"Calanoid",417.0007324,0.772198796,1.930890124,0.168478539375,5899.35358528006,35015.4601717508,0.0676110062329489,6.17973,2014-08-15,2,"after"
"R",2010,158,2010-06-07,"Cyclopoid",31085.50781,0.553155124,1.726378397,0.247252532666667,439769.975687397,1778626.77863961,3.07058284696912,6.17973,2014-08-15,2,"after"
"R",2010,158,2010-06-07,"Daphnia",3601.369873,0.87044102,4.792660318,0.17723005627381,50948.9615280161,287473.595614635,1.37776329417504,6.17973,2014-08-15,2,"after"
"R",2010,158,2010-06-07,"Nauplii",8908.651367,0.194751918,0.932769202,0.143749885772727,126031.635674704,876742.51007033,0.817798411477778,6.17973,2014-08-15,2,"after"
"R",2009,180,2009-06-29,"Bosmina longirostris",6835.700195,0.333573699,0.936686494,0.173873146,96705.3756025318,556183.504050314,0.520969576429523,8.55877,2014-08-15,1,"after"
"R",2009,180,2009-06-29,"Cyclopoid",17630.68945,0.5359689,1.592726216,0.247252532666667,249423.233429834,1008779.28626152,1.6067092153865,8.55877,2014-08-15,1,"after"
"R",2009,180,2009-06-29,"Daphnia",1563.253662,0.813317299,3.984674461,0.17723005627381,22115.5153434495,124784.22570313,0.497224517294923,8.55877,2014-08-15,1,"after"
"R",2009,180,2009-06-29,"Holopedium gibberum",545.071228,0.259578198,8.965247167,0.157585475384615,7711.18046874396,48933.319837526,0.438699307045284,8.55877,2014-08-15,1,"after"
"R",2009,180,2009-06-29,"Nauplii",8231.769531,0.160056785,0.850769295,0.143749885772727,116455.716555725,810127.36761297,0.689231489404293,8.55877,2014-08-15,1,"after"
