"year","lake","doy","manual_chl","cumulative.load","daily.load"
"2008","L",136,4.47853,0,0
"2008","L",137,3.90931,0,0
"2008","L",138,3.49532,0,0
"2008","L",139,4.37033,0,0
"2008","L",140,2.46978,0,0
"2008","L",141,2.79438,0,0
"2008","L",142,2.99666,0,0
"2008","L",143,1.86292,0,0
"2008","L",144,1.5257,0,0
"2008","L",145,2.72365,0,0
"2008","L",146,1.90656,0,0
"2008","L",147,3.15742,0,0
"2008","L",148,2.07805,0,0
"2008","L",149,1.6939,0,0
"2008","L",150,4.32254,0,0
"2008","L",151,2.93549,0,0
"2008","L",152,5.06398,0,0
"2008","L",153,2.74887,0,0
"2008","L",154,4.912902,0,0
"2008","L",155,6.86966,0,0
"2008","L",156,8.81874,0,0
"2008","L",157,3.11203,0,0
"2008","L",158,5.38678,0,0
"2008","L",159,3.81312,0,0
"2008","L",160,10.23853,0,0
"2008","L",161,2.18901,0,0
"2008","L",162,2.69339,0,0
"2008","L",163,7.60101,0,0
"2008","L",164,3.95939,0,0
"2008","L",165,3.60128,0,0
"2008","L",166,12.09827,0,0
"2008","L",167,4.78657,0,0
"2008","L",168,5.11946,0,0
"2008","L",169,5.23043,0,0
"2008","L",170,6.84949,0,0
"2008","L",171,4.61004,0,0
"2008","L",172,7.59597,0,0
"2008","L",173,6.19379,0,0
"2008","L",174,4.56464,0,0
"2008","L",175,4.05017,0,0
"2008","L",176,6.21901,0,0
"2008","L",177,8.20627,0,0
"2008","L",178,6.07778,0,0
"2008","L",179,5.28591,0,0
"2008","L",180,5.20016,0,0
"2008","L",181,6.37032,0,0
"2008","L",182,4.09053,0,0
"2008","L",183,5.98195,0,0
"2008","L",184,5.44731,0,0
"2008","L",185,3.92408,0,0
"2008","L",186,6.1484,0,0
"2008","L",187,4.24688,0,0
"2008","L",188,5.10937,0,0
"2008","L",189,6.91001,0,0
"2008","L",190,4.89753,0,0
"2008","L",191,5.28086,0,0
"2008","L",192,4.38811,0,0
"2008","L",193,3.80807,0,0
"2008","L",194,4.07539,0,0
"2008","L",195,4.5596,0,0
"2008","L",196,4.39315,0,0
"2008","L",197,4.18131,0,0
"2008","L",198,4.57473,0,0
"2008","L",199,4.2721,0,0
"2008","L",200,4.41837,0,0
"2008","L",201,8.31723,0,0
"2008","L",202,5.26573,0,0
"2008","L",203,6.10805,0,0
"2008","L",204,5.46244,0,0
"2008","L",205,6.72844,0,0
"2008","L",206,6.77887,0,0
"2008","L",207,6.36528,0,0
"2008","L",208,6.74357,0,0
"2008","L",209,5.64906,0,0
"2008","L",210,4.89753,0,0
"2008","L",211,6.06265,0,0
"2008","L",212,6.25432,0,0
"2008","L",213,5.02867,0,0
"2008","L",214,4.08548,0,0
"2008","L",215,3.68702,0,0
"2008","L",216,3.6618,0,0
"2008","L",217,3.69206,0,0
"2008","L",218,5.20521,0,0
"2008","L",219,3.58614,0,0
"2008","L",220,4.23175,0,0
"2008","L",221,4.26201,0,0
"2008","L",222,4.33767,0,0
"2008","L",223,3.27847,0,0
"2008","L",224,2.648,0,0
"2008","L",225,3.0162,0,0
"2008","L",226,3.18768,0,0
"2008","L",227,4.18636,0,0
"2008","L",228,2.50173,0,0
"2008","L",229,3.13725,0,0
"2008","L",230,2.95063,0,0
"2008","L",231,2.42103,0,0
"2008","L",232,3.14733,0,0
"2008","L",233,1.94186,0,0
"2008","L",234,3.35413,0,0
"2008","L",235,5.26069,0,0
"2008","L",236,3.08681,0,0
"2008","L",237,5.58854,0,0
"2008","L",238,4.70083,0,0
"2008","L",239,3.46005,0,0
"2008","L",240,2.73879,0,0
"2009","L",138,2.66817,0,0
"2009","L",139,2.83153,0,0
"2009","L",140,2.32015,0,0
"2009","L",141,2.28448,0,0
"2009","L",142,2.74383,0,0
"2009","L",143,2.29461,0,0
"2009","L",144,2.08814,0,0
"2009","L",145,2.02614,0,0
"2009","L",146,2.33024,0,0
"2009","L",147,2.9683,0,0
"2009","L",148,2.65425,0,0
"2009","L",149,2.14265,0,0
"2009","L",150,2.15278,0,0
"2009","L",151,2.83153,0,0
"2009","L",152,3.03921,0,0
"2009","L",153,2.66438,0,0
"2009","L",154,2.38072,0,0
"2009","L",155,1.90457,0,0
"2009","L",156,2.07173,0,0
"2009","L",157,1.9451,0,0
"2009","L",158,2.53703,0,0
"2009","L",159,2.76062,0,0
"2009","L",160,3.41466,0,0
"2009","L",161,2.62892,0,0
"2009","L",162,2.24954,0,0
"2009","L",163,2.2085,0,0
"2009","L",164,2.59252,0,0
"2009","L",165,2.49216,0,0
"2009","L",166,2.81949,0,0
"2009","L",167,2.75555,0,0
"2009","L",168,2.47651,0,0
"2009","L",169,2.35033,0,0
"2009","L",170,2.85984,0,0
"2009","L",171,2.83153,0,0
"2009","L",172,3.10194,0,0
"2009","L",173,2.43137,0,0
"2009","L",174,2.09822,0,0
"2009","L",175,2.08186,0,0
"2009","L",176,1.94691,0,0
"2009","L",177,1.58823,0,0
"2009","L",178,1.90151,0,0
"2009","L",179,2.24395,0,0
"2009","L",180,2.46642,0,0
"2009","L",181,3.01389,0,0
"2009","L",182,2.94558,0,0
"2009","L",183,3.28235,0,0
"2009","L",184,3.03637,0,0
"2009","L",185,2.83153,0,0
"2009","L",186,2.54712,0,0
"2009","L",187,2.26421,0,0
"2009","L",188,2.14362,0,0
"2009","L",189,2.15278,0,0
"2009","L",190,1.72916,0,0
"2009","L",191,2.66944,0,0
"2009","L",192,2.05283,0,0
"2009","L",193,2.26928,0,0
"2009","L",194,2.4866,0,0
"2009","L",195,2.9683,0,0
"2009","L",196,2.71357,0,0
"2009","L",197,2.8366,0,0
"2009","L",198,3.97956,0,0
"2009","L",199,3.78889,0,0
"2009","L",200,3.55084,0,0
"2009","L",201,2.81634,0,0
"2009","L",202,2.88001,0,0
"2009","L",203,2.46176,0,0
"2009","L",204,2.65304,0,0
"2009","L",205,2.99363,0,0
"2009","L",206,3.67693,0,0
"2009","L",207,2.87206,0,0
"2009","L",208,2.25962,0,0
"2009","L",209,2.90245,0,0
"2009","L",210,2.79931,0,0
"2009","L",211,3.20131,0,0
"2009","L",212,2.52695,0,0
"2009","L",213,3.28235,0,0
"2009","L",214,2.63791,0,0
"2009","L",215,2.69983,0,0
"2009","L",216,2.88001,0,0
"2009","L",217,2.37059,0,0
"2009","L",218,1.79559,0,0
"2009","L",219,2.07173,0,0
"2009","L",220,2.05787,0,0
"2009","L",221,2.14265,0,0
"2009","L",222,2.19405,0,0
"2009","L",223,1.78807,0,0
"2009","L",224,1.6939,0,0
"2009","L",225,1.91977,0,0
"2009","L",226,2.93045,0,0
"2009","L",227,1.82859,0,0
"2009","L",228,2.62278,0,0
"2009","L",229,2.81127,0,0
"2009","L",230,2.99602,0,0
"2009","L",231,2.64918,0,0
"2009","L",232,3.85347,0,0
"2009","L",233,4.33088,0,0
"2009","L",234,4.20653,0,0
"2009","L",235,3.56601,0,0
"2009","L",236,3.8686,0,0
"2009","L",237,4.59428,0,0
"2009","L",238,3.27343,0,0
"2009","L",239,2.60866,0,0
"2009","L",240,4.08044,0,0
"2009","L",241,4.10294,0,0
"2009","L",242,3.24317,0,0
"2009","L",243,3.16078,0,0
"2009","L",244,2.14866,0,0
"2009","L",245,3.24183,0,0
"2009","L",246,2.90019,0,0
"2009","L",247,2.42631,0,0
"2010","L",137,4.08044,0,0
"2010","L",138,7.21307,0,0
"2010","L",139,4.3175,0,0
"2010","L",140,1.64419,0,0
"2010","L",141,2.22936,0,0
"2010","L",142,4.61508,0,0
"2010","L",143,5.26069,0,0
"2010","L",144,2.50677,0,0
"2010","L",145,4.2368,0,0
"2010","L",146,3.11203,0,0
"2010","L",147,3.43987,0,0
"2010","L",148,4.04513,0,0
"2010","L",149,2.86992,0,0
"2010","L",150,3.23812,0,0
"2010","L",151,3.65171,0,0
"2010","L",152,4.06026,0,0
"2010","L",153,4.92275,0,0
"2010","L",154,5.46748,0,0
"2010","L",155,5.09424,0,0
"2010","L",156,4.69578,0,0
"2010","L",157,4.20653,0,0
"2010","L",158,7.10168,0,0
"2010","L",159,6.60234,0,0
"2010","L",160,8.49878,0,0
"2010","L",161,4.5142,0,0
"2010","L",162,6.10805,0,0
"2010","L",163,6.46111,0,0
"2010","L",164,8.99871,0,0
"2010","L",165,4.02496,0,0
"2010","L",166,5.43218,0,0
"2010","L",167,6.50146,0,0
"2010","L",168,3.27343,0,0
"2010","L",169,3.74755,0,0
"2010","L",170,3.87364,0,0
"2010","L",171,4.30741,0,0
"2010","L",172,3.33395,0,0
"2010","L",173,4.01991,0,0
"2010","L",174,3.37431,0,0
"2010","L",175,3.55084,0,0
"2010","L",176,3.76268,0,0
"2010","L",177,3.77781,0,0
"2010","L",178,3.00611,0,0
"2010","L",179,4.3175,0,0
"2010","L",180,2.57234,0,0
"2010","L",181,2.37563,0,0
"2010","L",182,2.04274,0,0
"2010","L",183,2.30502,0,0
"2010","L",184,2.79427,0,0
"2010","L",185,4.10061,0,0
"2010","L",186,2.21423,0,0
"2010","L",187,1.93178,0,0
"2010","L",188,1.54764,0,0
"2010","L",189,1.93682,0,0
"2010","L",190,1.80568,0,0
"2010","L",191,2.33024,0,0
"2010","L",192,3.48527,0,0
"2010","L",193,2.0377,0,0
"2010","L",194,1.58706,0,0
"2010","L",195,2.7287,0,0
"2010","L",196,2.43111,0,0
"2010","L",197,2.28989,0,0
"2010","L",198,2.1537,0,0
"2010","L",199,2.09318,0,0
"2010","L",200,3.24317,0,0
"2010","L",201,4.19645,0,0
"2010","L",202,2.4412,0,0
"2010","L",203,3.85851,0,0
"2010","L",204,3.43483,0,0
"2010","L",205,3.40961,0,0
"2010","L",206,2.63287,0,0
"2010","L",207,2.74887,0,0
"2010","L",208,2.88506,0,0
"2010","L",209,2.67322,0,0
"2010","L",210,2.60765,0,0
"2010","L",211,3.339,0,0
"2010","L",212,4.75126,0,0
"2010","L",213,3.96443,0,0
"2010","L",214,7.02098,0,0
"2010","L",215,3.52562,0,0
"2010","L",216,3.32891,0,0
"2010","L",217,3.88373,0,0
"2010","L",218,3.2583,0,0
"2010","L",219,3.77781,0,0
"2010","L",220,4.38307,0,0
"2010","L",221,2.97584,0,0
"2010","L",222,2.84471,0,0
"2010","L",223,4.2721,0,0
"2010","L",224,2.09822,0,0
"2010","L",225,2.87497,0,0
"2010","L",226,2.98593,0,0
"2010","L",227,5.24556,0,0
"2010","L",228,4.55456,0,0
"2010","L",229,4.36289,0,0
"2010","L",230,4.68569,0,0
"2010","L",231,3.40898,0,0
"2010","L",232,3.78285,0,0
"2010","L",233,4.82222,0,0
"2010","L",234,4.29228,0,0
"2010","L",235,2.47189,0,0
"2010","L",236,4.60499,0,0
"2010","L",237,3.7433,0,0
"2010","L",238,2.65808,0,0
"2010","L",239,2.06667,0,0
"2010","L",240,2.38572,0,0
"2010","L",241,2.31487,0,0
"2010","L",242,2.11225,0,0
"2010","L",243,4.14853,0,0
"2010","L",244,3.40392,0,0
"2010","L",245,3.79902,0,0
"2010","L",246,3.99657,0,0
"2011","L",136,3.30179,0,0
"2011","L",137,2.88056,0,0
"2011","L",138,3.28478,0,0
"2011","L",139,3.13585,0,0
"2011","L",140,3.20393,0,0
"2011","L",141,2.92736,0,0
"2011","L",142,2.85929,0,0
"2011","L",143,3.8762,0,0
"2011","L",144,3.80813,0,0
"2011","L",145,3.03374,0,0
"2011","L",146,2.84227,0,0
"2011","L",147,2.66356,0,0
"2011","L",148,2.59548,0,0
"2011","L",149,2.35295,0,0
"2011","L",150,2.65505,0,0
"2011","L",151,2.18701,0,0
"2011","L",152,2.24658,0,0
"2011","L",153,2.05086,0,0
"2011","L",154,1.59984,0,0
"2011","L",155,1.55303,0,0
"2011","L",156,1.95725,0,0
"2011","L",157,1.6977,0,0
"2011","L",158,2.19552,0,0
"2011","L",159,1.30865,0,0
"2011","L",160,2.23807,0,0
"2011","L",161,2.47635,0,0
"2011","L",162,1.89768,0,0
"2011","L",163,1.17411,0,0
"2011","L",164,1.519,0,0
"2011","L",165,1.37951,0,0
"2011","L",166,1.61686,0,0
"2011","L",167,3.15713,0,0
"2011","L",168,1.82535,0,0
"2011","L",169,2.4338,0,0
"2011","L",170,3.52305,0,0
"2011","L",171,3.38264,0,0
"2011","L",172,3.05927,0,0
"2011","L",173,2.23807,0,0
"2011","L",174,3.76558,0,0
"2011","L",175,3.07203,0,0
"2011","L",176,2.13595,0,0
"2011","L",177,1.519,0,0
"2011","L",178,3.11458,0,0
"2011","L",179,3.14862,0,0
"2011","L",180,2.11468,0,0
"2011","L",181,2.27637,0,0
"2011","L",182,1.81684,0,0
"2011","L",183,1.89768,0,0
"2011","L",184,1.77003,0,0
"2011","L",185,1.75727,0,0
"2011","L",186,1.97001,0,0
"2011","L",187,1.66366,0,0
"2011","L",188,2.45082,0,0
"2011","L",189,1.59558,0,0
"2011","L",190,2.94864,0,0
"2011","L",191,2.68484,0,0
"2011","L",192,2.49337,0,0
"2011","L",193,2.43805,0,0
"2011","L",194,2.3487,0,0
"2011","L",195,2.81674,0,0
"2011","L",196,1.88066,0,0
"2011","L",197,1.95299,0,0
"2011","L",198,2.03809,0,0
"2011","L",199,2.36997,0,0
"2011","L",200,2.06362,0,0
"2011","L",201,1.33107,0,0
"2011","L",202,2.00831,0,0
"2011","L",203,1.94448,0,0
"2011","L",204,2.96566,0,0
"2011","L",205,2.23807,0,0
"2011","L",206,3.16564,0,0
"2011","L",207,2.09341,0,0
"2011","L",208,3.48901,0,0
"2011","L",209,2.50188,0,0
"2011","L",210,2.40401,0,0
"2011","L",211,1.81684,0,0
"2011","L",212,2.33593,0,0
"2011","L",213,3.37413,0,0
"2011","L",214,4.36552,0,0
"2011","L",215,2.83376,0,0
"2011","L",216,2.70611,0,0
"2011","L",217,2.93162,0,0
"2011","L",218,1.96576,0,0
"2011","L",219,3.24223,0,0
"2011","L",220,2.94864,0,0
"2011","L",221,5.23351,0,0
"2011","L",222,4.00385,0,0
"2011","L",223,3.4805,0,0
"2011","L",224,4.59528,0,0
"2011","L",225,3.48476,0,0
"2011","L",226,4.33148,0,0
"2011","L",227,3.68048,0,0
"2011","L",228,3.34434,0,0
"2011","L",229,3.4805,0,0
"2011","L",230,3.76558,0,0
"2011","L",231,4.45487,0,0
"2011","L",232,5.03779,0,0
"2011","L",233,5.0463,0,0
"2011","L",234,5.21224,0,0
"2011","L",235,5.46753,0,0
"2011","L",236,4.46338,0,0
"2011","L",237,3.98258,0,0
"2011","L",238,4.57826,0,0
"2011","L",239,3.39966,0,0
"2011","L",240,2.46784,0,0
"2011","L",241,2.42529,0,0
"2011","L",242,2.88907,0,0
"2011","L",243,3.59113,0,0
"2011","L",244,3.09331,0,0
"2011","L",245,3.54007,0,0
"2011","L",246,3.51879,0,0
"2011","L",134,NA,0,0
"2011","L",135,NA,0,0
"2011","L",136,3.30179,0,0
"2011","L",137,2.88056,0,0
"2011","L",138,3.28478,0,0
"2011","L",139,3.13585,0,0
"2011","L",140,3.20393,0,0
"2011","L",141,2.92736,0,0
"2011","L",142,2.85929,0,0
"2011","L",143,3.8762,0,0
"2011","L",144,3.80813,0,0
"2011","L",145,3.03374,0,0
"2011","L",146,2.84227,0,0
"2011","L",147,2.66356,0,0
"2011","L",148,2.59548,0,0
"2011","L",149,2.35295,0,0
"2011","L",150,2.65505,0,0
"2011","L",151,2.18701,0,0
"2011","L",152,2.24658,0,0
"2011","L",153,2.05086,0,0
"2011","L",154,1.59984,0,0
"2011","L",155,1.55303,0,0
"2011","L",156,1.95725,0,0
"2011","L",157,1.6977,0,0
"2011","L",158,2.19552,0,0
"2011","L",159,1.30865,0,0
"2011","L",160,2.23807,0,0
"2011","L",161,2.47635,0,0
"2011","L",162,1.89768,0,0
"2011","L",163,1.17411,0,0
"2011","L",164,1.519,0,0
"2011","L",165,1.37951,0,0
"2011","L",166,1.61686,0,0
"2011","L",167,3.15713,0,0
"2011","L",168,1.82535,0,0
"2011","L",169,2.4338,0,0
"2011","L",170,3.52305,0,0
"2011","L",171,3.38264,0,0
"2011","L",172,3.05927,0,0
"2011","L",173,2.23807,0,0
"2011","L",174,3.76558,0,0
"2011","L",175,3.07203,0,0
"2011","L",176,2.13595,0,0
"2011","L",177,1.519,0,0
"2011","L",178,3.11458,0,0
"2011","L",179,3.14862,0,0
"2011","L",180,2.11468,0,0
"2011","L",181,2.27637,0,0
"2011","L",182,1.81684,0,0
"2011","L",183,1.89768,0,0
"2011","L",184,1.77003,0,0
"2011","L",185,1.75727,0,0
"2011","L",186,1.97001,0,0
"2011","L",187,1.66366,0,0
"2011","L",188,2.45082,0,0
"2011","L",189,1.59558,0,0
"2011","L",190,2.94864,0,0
"2011","L",191,2.68484,0,0
"2011","L",192,2.49337,0,0
"2011","L",193,2.43805,0,0
"2011","L",194,2.3487,0,0
"2011","L",195,2.81674,0,0
"2011","L",196,1.88066,0,0
"2011","L",197,1.95299,0,0
"2011","L",198,2.03809,0,0
"2011","L",199,2.36997,0,0
"2011","L",200,2.06362,0,0
"2011","L",201,1.33107,0,0
"2011","L",202,2.00831,0,0
"2011","L",203,1.94448,0,0
"2011","L",204,2.96566,0,0
"2011","L",205,2.23807,0,0
"2011","L",206,3.16564,0,0
"2011","L",207,2.09341,0,0
"2011","L",208,3.48901,0,0
"2011","L",209,2.50188,0,0
"2011","L",210,2.40401,0,0
"2011","L",211,1.81684,0,0
"2011","L",212,2.33593,0,0
"2011","L",213,3.37413,0,0
"2011","L",214,4.36552,0,0
"2011","L",215,2.83376,0,0
"2011","L",216,2.70611,0,0
"2011","L",217,2.93162,0,0
"2011","L",218,1.96576,0,0
"2011","L",219,3.24223,0,0
"2011","L",220,2.94864,0,0
"2011","L",221,5.23351,0,0
"2011","L",222,4.00385,0,0
"2011","L",223,3.4805,0,0
"2011","L",224,4.59528,0,0
"2011","L",225,3.48476,0,0
"2011","L",226,4.33148,0,0
"2011","L",227,3.68048,0,0
"2011","L",228,3.34434,0,0
"2011","L",229,3.4805,0,0
"2011","L",230,3.76558,0,0
"2011","L",231,4.45487,0,0
"2011","L",232,5.03779,0,0
"2011","L",233,5.0463,0,0
"2011","L",234,5.21224,0,0
"2011","L",235,5.46753,0,0
"2011","L",236,4.46338,0,0
"2011","L",237,3.98258,0,0
"2011","L",238,4.57826,0,0
"2011","L",239,3.39966,0,0
"2011","L",240,2.46784,0,0
"2011","L",241,2.42529,0,0
"2011","L",242,2.88907,0,0
"2011","L",243,3.59113,0,0
"2011","L",244,3.09331,0,0
"2011","L",245,3.54007,0,0
"2011","L",246,3.51879,0,0
"2013","L",137,NA,0,0
"2013","L",138,NA,0,0
"2013","L",139,NA,0,0
"2013","L",140,NA,0,0
"2013","L",141,NA,0,0
"2013","L",142,NA,0,0
"2013","L",143,NA,0,0
"2013","L",144,3.745475445,0,0
"2013","L",145,NA,0,0
"2013","L",146,NA,0,0
"2013","L",147,1.751687982,0,0
"2013","L",148,2.141552024,0,0
"2013","L",149,11.98771606,0,0
"2013","L",150,1.946677454,0,0
"2013","L",151,1.208716414,0,0
"2013","L",152,1.510794978,0,0
"2013","L",153,6.319233067,0,0
"2013","L",154,1.810977651,0,0
"2013","L",155,2.302472918,0,0
"2013","L",156,3.405881228,0,0
"2013","L",157,3.096563809,0,0
"2013","L",158,3.105238945,0,0
"2013","L",159,1.801555649,0,0
"2013","L",160,3.330217959,0,0
"2013","L",161,2.457935944,0,0
"2013","L",162,1.77403651,0,0
"2013","L",163,2.163613296,0,0
"2013","L",164,2.03572686,0,0
"2013","L",165,1.618918191,0,0
"2013","L",166,2.953912407,0,0
"2013","L",167,2.158385235,0,0
"2013","L",168,2.662404869,0,0
"2013","L",169,1.942081356,0,0
"2013","L",170,2.033658616,0,0
"2013","L",171,1.586688052,0,0
"2013","L",172,2.871125186,0,0
"2013","L",173,2.449375711,0,0
"2013","L",174,1.73244182,0,0
"2013","L",175,1.787652452,0,0
"2013","L",176,2.285122646,0,0
"2013","L",177,1.260020362,0,0
"2013","L",178,1.630982949,0,0
"2013","L",179,2.282077731,0,0
"2013","L",180,2.354753536,0,0
"2013","L",181,1.67682903,0,0
"2013","L",182,1.717274696,0,0
"2013","L",183,2.35211078,0,0
"2013","L",184,1.753095537,0,0
"2013","L",185,1.716929988,0,0
"2013","L",186,2.476205435,0,0
"2013","L",187,2.03480764,0,0
"2013","L",188,2.29649799,0,0
"2013","L",189,2.363083965,0,0
"2013","L",190,2.986717059,0,0
"2013","L",191,2.938860185,0,0
"2013","L",192,1.909391607,0,0
"2013","L",193,1.710035841,0,0
"2013","L",194,1.446219796,0,0
"2013","L",195,2.195268924,0,0
"2013","L",196,1.72169844,0,0
"2013","L",197,1.453286297,0,0
"2013","L",198,1.673152152,0,0
"2013","L",199,2.182055141,0,0
"2013","L",200,2.704516621,0,0
"2013","L",201,2.798162124,0,0
"2013","L",202,2.690038911,0,0
"2013","L",203,2.726175734,0,0
"2013","L",204,3.62046157,0,0
"2013","L",205,2.389281725,0,0
"2013","L",206,2.540263556,0,0
"2013","L",207,3.432366245,0,0
"2013","L",208,3.834122692,0,0
"2013","L",209,4.076854135,0,0
"2013","L",210,3.046523789,0,0
"2013","L",211,4.056458949,0,0
"2013","L",212,4.185724215,0,0
"2013","L",213,1.96046575,0,0
"2013","L",214,2.567840146,0,0
"2013","L",215,1.913585546,0,0
"2013","L",216,1.54831063,0,0
"2013","L",217,3.287014635,0,0
"2013","L",218,3.329183837,0,0
"2013","L",219,4.72668499,0,0
"2013","L",220,2.302875076,0,0
"2013","L",221,2.217789806,0,0
"2013","L",222,2.063992865,0,0
"2013","L",223,1.647299098,0,0
"2013","L",224,1.130410388,0,0
"2013","L",225,1.670222139,0,0
"2013","L",226,1.979999167,0,0
"2013","L",227,1.795006209,0,0
"2013","L",228,1.385608749,0,0
"2013","L",229,1.015220673,0,0
"2013","L",230,1.603521262,0,0
"2013","L",231,1.939553502,0,0
"2013","L",232,1.256630739,0,0
"2013","L",233,1.532224286,0,0
"2013","L",234,1.437314855,0,0
"2013","L",235,1.28983755,0,0
"2013","L",236,1.429731293,0,0
"2013","L",237,1.412898083,0,0
"2013","L",238,2.731633601,0,0
"2013","L",239,2.289144233,0,0
"2013","L",240,0.895262507,0,0
"2013","L",241,2.234680467,0,0
"2013","L",242,2.98723412,0,0
"2013","L",243,1.923352255,0,0
"2013","L",244,2.789372086,0,0
"2013","L",245,NA,0,0
"2013","L",246,NA,0,0
"2013","L",247,NA,0,0
"2013","L",248,NA,0,0
"2013","L",249,NA,0,0
"2014","L",136,NA,0,0
"2014","L",137,NA,0,0
"2014","L",138,NA,0,0
"2014","L",139,NA,0,0
"2014","L",140,NA,0,0
"2014","L",141,NA,0,0
"2014","L",142,NA,0,0
"2014","L",143,NA,0,0
"2014","L",144,NA,0,0
"2014","L",145,NA,0,0
"2014","L",146,2.16131524725275,0,0
"2014","L",147,2.76886199737762,0,0
"2014","L",148,2.14606194586663,0,0
"2014","L",149,0.716784517565768,0,0
"2014","L",150,1.4201082121004,0,0
"2014","L",151,1.06609373699217,0,0
"2014","L",152,1.57824272082085,0,0
"2014","L",153,2.15657552083333,0,0
"2014","L",154,1.92260538940226,0,0
"2014","L",155,1.78360214004745,0,0
"2014","L",156,1.08134703837829,0,0
"2014","L",157,1.96793440934066,0,0
"2014","L",158,1.72732866092241,0,0
"2014","L",159,1.84504622981186,0,0
"2014","L",160,1.88985818868631,0,0
"2014","L",161,1.8592654090701,0,0
"2014","L",162,1.33961903981435,0,0
"2014","L",163,1.80997225430819,0,0
"2014","L",164,2.16303878413253,0,0
"2014","L",165,2.24482060907842,0,0
"2014","L",166,2.00636928175991,0,0
"2014","L",167,2.08461785610223,0,0
"2014","L",168,1.50033885385448,0,0
"2014","L",169,1.64994185501998,0,0
"2014","L",170,1.94794138153513,0,0
"2014","L",171,1.93354984858891,0,0
"2014","L",172,2.13063629079254,0,0
"2014","L",173,1.57048680486181,0,0
"2014","L",174,2.08901287514569,0,0
"2014","L",175,2.27679221819847,0,0
"2014","L",176,2.248267682838,0,0
"2014","L",177,1.77903476731602,0,0
"2014","L",178,1.48784321147602,0,0
"2014","L",179,1.51102478250916,0,0
"2014","L",180,2.47775661838162,0,0
"2014","L",181,2.26162509365634,0,0
"2014","L",182,2.31091824841825,0,0
"2014","L",183,2.44423382606976,0,0
"2014","L",184,1.75102729301948,0,0
"2014","L",185,2.04075384251166,0,0
"2014","L",186,2.42691228042791,0,0
"2014","L",187,1.95190551635864,0,0
"2014","L",188,2.08634139298202,0,0
"2014","L",189,3.70379457781802,0,0
"2014","L",190,2.64554293362887,0,0
"2014","L",191,2.63571877341409,0,0
"2014","L",192,3.01334570377539,0,0
"2014","L",193,2.31272796214202,0,0
"2014","L",194,2.37917030885781,0,0
"2014","L",195,2.17320765172328,0,0
"2014","L",196,2.56246845602314,0,0
"2014","L",197,2.17932620764652,0,0
"2014","L",198,1.78601509167915,0,0
"2014","L",199,1.88330874854312,0,0
"2014","L",200,1.8131607975358,0,0
"2014","L",201,2.1018532249001,0,0
"2014","L",202,1.81505668810356,0,0
"2014","L",203,2.34952547452547,0,0
"2014","L",204,1.83953091179654,0,0
"2014","L",205,2.27886046245421,0,0
"2014","L",206,2.65467767909174,0,0
"2014","L",207,2.49550904824342,0,0
"2014","L",208,3.10090137726857,0,0
"2014","L",209,2.68949312406344,0,0
"2014","L",210,2.51283059388528,0,0
"2014","L",211,1.7848086158633,0,0
"2014","L",212,1.81600463338745,0,0
"2014","L",213,2.20414513871545,0,0
"2014","L",214,1.5988389865343,0,0
"2014","L",215,1.57410623230936,0,0
"2014","L",216,1.67372666396104,0,0
"2014","L",217,1.62831146717865,0,0
"2014","L",218,1.3958063420954,0,0
"2014","L",219,1.57927684294872,0,0
"2014","L",220,1.24447980405012,0,0
"2014","L",221,1.62650175345488,0,0
"2014","L",222,1.79221982444639,0,0
"2014","L",223,2.648086012295,0,0
"2014","L",224,2.31643184289669,0,0
"2014","L",225,1.81953788399101,0,0
"2014","L",226,1.65855953941891,0,0
"2014","L",227,1.94139194139194,0,0
"2014","L",228,2.14752695221445,0,0
"2014","L",229,2.39183830492424,0,0
"2014","L",230,2.84125054632867,0,0
"2014","L",231,2.95328130528326,0,0
"2014","L",232,2.90954741872711,0,0
"2014","L",233,2.90846848464036,0,0
"2014","L",234,6.35993726325758,0,0
"2014","L",235,2.29385523330836,0,0
"2014","L",236,3.35124510905761,0,0
"2014","L",237,3.13287298638861,0,0
"2014","L",238,2.52877331002331,0,0
"2014","L",239,2.46862187291875,0,0
"2014","L",240,1.88020638215951,0,0
"2014","L",241,1.94940638788295,0,0
"2014","L",242,NA,0,0
"2014","L",243,NA,0,0
"2014","L",244,NA,0,0
"2014","L",245,NA,0,0
"2014","L",246,NA,0,0
"2014","L",247,NA,0,0
"2014","L",248,NA,0,0
"2014","L",249,NA,0,0
"2014","L",250,NA,0,0
"2015","L",129,NA,0,0
"2015","L",130,NA,0,0
"2015","L",131,NA,0,0
"2015","L",132,NA,0,0
"2015","L",133,NA,0,0
"2015","L",134,NA,0,0
"2015","L",135,NA,0,0
"2015","L",136,NA,0,0
"2015","L",137,NA,0,0
"2015","L",138,NA,0,0
"2015","L",139,NA,0,0
"2015","L",140,NA,0,0
"2015","L",141,NA,0,0
"2015","L",142,NA,0,0
"2015","L",143,NA,0,0
"2015","L",144,NA,0,0
"2015","L",145,1.91511200384333,0,0
"2015","L",146,1.99701529940664,0,0
"2015","L",147,2.14971126932026,0,0
"2015","L",148,1.9832239905868,0,0
"2015","L",149,2.88330317246662,0,0
"2015","L",150,2.59818686515699,0,0
"2015","L",151,2.01497309118135,0,0
"2015","L",152,2.27514367659526,0,0
"2015","L",153,2.02693765372067,0,0
"2015","L",154,2.2400914183428,0,0
"2015","L",155,2.02528372889906,0,0
"2015","L",156,2.40072466340506,0,0
"2015","L",157,2.0375743844174,0,0
"2015","L",158,1.88298676242648,0,0
"2015","L",159,2.05422936827115,0,0
"2015","L",160,1.68708151779976,0,0
"2015","L",161,1.82313345182535,0,0
"2015","L",162,1.80391195200727,0,0
"2015","L",163,1.6277279036341,0,0
"2015","L",164,1.93132985106575,0,0
"2015","L",165,2.05429818405569,0,0
"2015","L",166,2.36990379390426,0,0
"2015","L",167,1.59332001136415,0,0
"2015","L",168,2.49089680107888,0,0
"2015","L",169,1.66581118439652,0,0
"2015","L",170,1.73118617970942,0,0
"2015","L",171,2.16081563455284,0,0
"2015","L",172,2.51122873742021,0,0
"2015","L",173,2.157453045081,0,0
"2015","L",174,2.07112051538549,0,0
"2015","L",175,1.64383705319685,0,0
"2015","L",176,2.27583183444066,0,0
"2015","L",177,1.94177812035255,0,0
"2015","L",178,1.66635858268263,0,0
"2015","L",179,1.73642556330507,0,0
"2015","L",180,2.03353771305609,0,0
"2015","L",181,2.26641892991217,0,0
"2015","L",182,1.94822490816785,0,0
"2015","L",183,2.53073019236176,0,0
"2015","L",184,1.86827035050311,0,0
"2015","L",185,1.71492063063635,0,0
"2015","L",186,1.59660440108082,0,0
"2015","L",187,2.07088591612002,0,0
"2015","L",188,2.18153856966997,0,0
"2015","L",189,2.08572588365654,0,0
"2015","L",190,2.21120521078463,0,0
"2015","L",191,2.08267140122003,0,0
"2015","L",192,1.72153711192036,0,0
"2015","L",193,1.73697296159119,0,0
"2015","L",194,2.3412224697046,0,0
"2015","L",195,1.82408748883829,0,0
"2015","L",196,1.94373311423152,0,0
"2015","L",197,1.68645591975849,0,0
"2015","L",198,2.203199901849,0,0
"2015","L",199,2.22681622790701,0,0
"2015","L",200,1.68684691853428,0,0
"2015","L",201,1.63187249065752,0,0
"2015","L",202,1.55554952962236,0,0
"2015","L",203,2.09020125564428,0,0
"2015","L",204,1.921488411879,0,0
"2015","L",205,1.85153560289909,0,0
"2015","L",206,1.13976143144208,0,0
"2015","L",207,1.56493350024144,0,0
"2015","L",208,1.53083762499457,0,0
"2015","L",209,1.54718215582035,0,0
"2015","L",210,1.9940937565539,0,0
"2015","L",211,1.93372354557117,0,0
"2015","L",212,2.02912724686512,0,0
"2015","L",213,2.03139503976473,0,0
"2015","L",214,2.38492127488499,0,0
"2015","L",215,2.11283617477505,0,0
"2015","L",216,2.3567670170351,0,0
"2015","L",217,2.37508296368843,0,0
"2015","L",218,2.08535287082443,0,0
"2015","L",219,2.24816476106542,0,0
"2015","L",220,2.35795721730862,0,0
"2015","L",221,2.42880619548265,0,0
"2015","L",222,1.90605490820082,0,0
"2015","L",223,2.48053455152276,0,0
"2015","L",224,2.14486288450041,0,0
"2015","L",225,1.83010730599042,0,0
"2015","L",226,2.38501433259362,0,0
"2015","L",227,2.19060974126841,0,0
"2015","L",228,2.13023953028568,0,0
"2015","L",229,2.87618699474716,0,0
"2015","L",230,2.39041949967021,0,0
"2015","L",231,2.58356351094227,0,0
"2015","L",232,2.9462539753696,0,0
"2015","L",233,2.54430723385246,0,0
"2015","L",234,2.62899756868963,0,0
"2015","L",235,2.85976504616377,0,0
"2015","L",236,3.15809711209527,0,0
"2015","L",237,3.38057541552255,0,0
"2015","L",238,2.72119508002206,0,0
"2015","L",239,3.3543784975443,0,0
"2015","L",240,3.24677563444555,0,0
"2015","L",241,3.00998677582416,0,0
"2015","L",242,2.59584087250223,0,0
"2015","L",243,2.15127526442344,0,0
"2015","L",244,2.13571351314681,0,0
"2015","L",245,2.59904706246374,0,0
"2015","L",246,2.90160191517382,0,0
"2015","L",247,NA,0,0
"2018","L",138,NA,0,0
"2018","L",139,NA,0,0
"2018","L",140,NA,0,0
"2018","L",141,NA,0,0
"2018","L",142,NA,0,0
"2018","L",143,NA,0,0
"2018","L",144,NA,0,0
"2018","L",145,NA,0,0
"2018","L",146,NA,0,0
"2018","L",147,NA,0,0
"2018","L",148,1.4887756394046,0,0
"2018","L",149,2.04726902121755,0,0
"2018","L",150,2.23449197086452,0,0
"2018","L",151,2.84632023933703,0,0
"2018","L",152,2.78741208384063,0,0
"2018","L",153,1.84740900851029,0,0
"2018","L",154,2.61211333728643,0,0
"2018","L",155,2.70912709831846,0,0
"2018","L",156,2.4798454105888,0,0
"2018","L",157,2.44698904663206,0,0
"2018","L",158,1.75719981989535,0,0
"2018","L",159,1.76348594869969,0,0
"2018","L",160,1.81682083535925,0,0
"2018","L",161,2.03476156906045,0,0
"2018","L",162,1.53044554477774,0,0
"2018","L",163,1.91532512177787,0,0
"2018","L",164,1.63996675796687,0,0
"2018","L",165,1.63795778896754,0,0
"2018","L",166,2.30577796761484,0,0
"2018","L",167,1.66964765479564,0,0
"2018","L",168,1.94643173854164,0,0
"2018","L",169,2.43156534915336,0,0
"2018","L",170,2.05394398273144,0,0
"2018","L",171,2.39922742880935,0,0
"2018","L",172,2.17305640275607,0,0
"2018","L",173,2.23915796337909,0,0
"2018","L",174,2.41627126257783,0,0
"2018","L",175,2.14771747118391,0,0
"2018","L",176,1.91688045261606,0,0
"2018","L",177,1.84527042860778,0,0
"2018","L",178,1.74559964406052,0,0
"2018","L",179,1.97274275188767,0,0
"2018","L",180,1.6434014469012,0,0
"2018","L",181,2.12769258664223,0,0
"2018","L",182,2.06554415856627,0,0
"2018","L",183,2.67439137626558,0,0
"2018","L",184,2.63965565421269,0,0
"2018","L",185,2.48282646136199,0,0
"2018","L",186,3.14896169826792,0,0
"2018","L",187,2.95143468181795,0,0
"2018","L",188,3.14669350746223,0,0
"2018","L",189,2.88695325748471,0,0
"2018","L",190,2.36844483930353,0,0
"2018","L",191,2.43299106908836,0,0
"2018","L",192,2.53590212621519,0,0
"2018","L",193,2.9252532793751,0,0
"2018","L",194,3.15155391633157,0,0
"2018","L",195,1.97002092292084,0,0
"2018","L",196,2.72707820840922,0,0
"2018","L",197,2.81164932273573,0,0
"2018","L",198,3.756577612387,0,0
"2018","L",199,3.12018807776143,0,0
"2018","L",200,3.26308409852002,0,0
"2018","L",201,3.35484861797316,0,0
"2018","L",202,4.12648713006956,0,0
"2018","L",203,3.92202593029933,0,0
"2018","L",204,3.54408053661946,0,0
"2018","L",205,3.23003331820851,0,0
"2018","L",206,4.17872032405206,0,0
"2018","L",207,3.54997783271426,0,0
"2018","L",208,3.90906483998109,0,0
"2018","L",209,2.96115549955663,0,0
"2018","L",210,3.94781850003263,0,0
"2018","L",211,2.78358856219675,0,0
"2018","L",212,2.62552806576581,0,0
"2018","L",213,3.97613848237798,0,0
"2018","L",214,4.29724949501237,0,0
"2018","L",215,4.60060381391077,0,0
"2018","L",216,3.50305868576223,0,0
"2018","L",217,3.22433043846849,0,0
"2018","L",218,5.58635953806449,0,0
"2018","L",219,3.56728088828911,0,0
"2018","L",220,3.27591557793508,0,0
"2018","L",221,2.9621275813305,0,0
"2018","L",222,2.00916341568192,0,0
"2018","L",223,1.96185543602035,0,0
"2018","L",224,1.7663373885697,0,0
"2018","L",225,2.1727971809497,0,0
"2018","L",226,1.7656245286022,0,0
"2018","L",227,1.70554987497716,0,0
"2018","L",228,3.26217682219775,0,0
"2018","L",229,1.83315180916023,0,0
"2018","L",230,2.27097744011037,0,0
"2018","L",231,2.65404246446594,0,0
"2018","L",232,NA,0,0
"2018","L",233,NA,0,0
"2018","L",234,NA,0,0
"2019","L",131,NA,0,0
"2019","L",132,NA,0,0
"2019","L",133,2.43456323234864,0,0
"2019","L",134,2.63491844882844,0,0
"2019","L",135,1.96871674135652,0,0
"2019","L",136,1.92865943984496,0,0
"2019","L",137,1.80869366207619,0,0
"2019","L",138,2.14344352993956,0,0
"2019","L",139,2.93682545198764,0,0
"2019","L",140,2.09204925630208,0,0
"2019","L",141,1.86963847586823,0,0
"2019","L",142,2.20954151287974,0,0
"2019","L",143,1.9987425402597,0,0
"2019","L",144,2.22452005787034,0,0
"2019","L",145,1.59686405562653,0,0
"2019","L",146,2.40975931151558,0,0
"2019","L",147,2.25695066904265,0,0
"2019","L",148,2.63904098414696,0,0
"2019","L",149,1.79014225314288,0,0
"2019","L",150,1.60118584681877,0,0
"2019","L",151,1.83968138588703,0,0
"2019","L",152,1.84483455503517,0,0
"2019","L",153,2.10001949125121,0,0
"2019","L",154,1.67752833002546,0,0
"2019","L",155,1.9415767171763,0,0
"2019","L",156,2.80614108239074,0,0
"2019","L",157,1.80560176058731,0,0
"2019","L",158,1.87286779520107,0,0
"2019","L",159,1.59548987718703,0,0
"2019","L",160,1.40083750123117,0,0
"2019","L",161,1.81632035241544,0,0
"2019","L",162,2.25365264078784,0,0
"2019","L",163,3.29837179942135,0,0
"2019","L",164,1.84297941414184,0,0
"2019","L",165,2.78257392215323,0,0
"2019","L",166,1.7179291761469,0,0
"2019","L",167,1.71380664082839,0,0
"2019","L",168,1.89444239670129,0,0
"2019","L",169,2.89484430066077,0,0
"2019","L",170,1.70700445755284,0,0
"2019","L",171,1.87355488442082,0,0
"2019","L",172,2.73488993030242,0,0
"2019","L",173,2.23207803928762,0,0
"2019","L",174,2.10950132248379,0,0
"2019","L",175,2.92280883190469,0,0
"2019","L",176,2.80724042514234,0,0
"2019","L",177,3.84673770570573,0,0
"2019","L",178,5.82266888386966,0,0
"2019","L",179,3.38645663739361,0,0
"2019","L",180,3.8153725,0,0
"2019","L",181,4.24428752825447,0,0
"2019","L",182,5.86293231214715,0,0
"2019","L",183,3.10928484614549,0,0
"2019","L",184,4.22724771560461,0,0
"2019","L",185,6.31290704216299,0,0
"2019","L",186,3.83952326889833,0,0
"2019","L",187,4.49328866149273,0,0
"2019","L",188,4.86651552566223,0,0
"2019","L",189,3.73226864169499,0,0
"2019","L",190,4.28729931341097,0,0
"2019","L",191,6.93705888938606,0,0
"2019","L",192,3.58392607915044,0,0
"2019","L",193,4.71253883151572,0,0
"2019","L",194,4.9301399874113,0,0
"2019","L",195,4.83387878772399,0,0
"2019","L",196,8.58895879151476,0,0
"2019","L",197,4.02991569169172,0,0
"2019","L",198,3.51033882371496,0,0
"2019","L",199,4.1403996382279,0,0
"2019","L",200,2.98176108695945,0,0
"2019","L",201,4.2552809557705,0,0
"2019","L",202,3.31307550872405,0,0
"2019","L",203,3.5432503973411,0,0
"2019","L",204,3.99940893033471,0,0
"2019","L",205,4.4412072986355,0,0
"2019","L",206,4.4117998800301,0,0
"2019","L",207,4.78104162672503,0,0
"2019","L",208,4.24992165985644,0,0
"2019","L",209,4.99733731310309,0,0
"2019","L",210,5.22071001844459,0,0
"2019","L",211,5.42477551671105,0,0
"2019","L",212,5.16100196524811,0,0
"2019","L",213,5.10610353658989,0,0
"2019","L",214,4.69824737574487,0,0
"2019","L",215,5.24688811771715,0,0
"2019","L",216,4.92917806250365,0,0
"2019","L",217,4.47865366111201,0,0
"2019","L",218,5.5178761059875,0,0
"2019","L",219,5.78226803774822,0,0
"2019","L",220,6.00268625944478,0,0
"2019","L",221,6.63762540741797,0,0
"2019","L",222,6.65122977396907,0,0
"2019","L",223,7.5438273793494,0,0
"2019","L",224,6.5187589724008,0,0
"2019","L",225,8.27956251586026,0,0
"2019","L",226,7.01889121545857,0,0
"2019","L",227,7.41170012239101,0,0
"2019","L",228,7.73284562370328,0,0
"2019","L",229,7.96315793016428,0,0
"2019","L",230,7.67004566901791,0,0
"2019","L",231,7.67870299318679,0,0
"2019","L",232,6.97278752881318,0,0
"2019","L",233,5.9196858816987,0,0
"2019","L",234,6.47004434672036,0,0
"2019","L",235,5.25685091140356,0,0
"2019","L",236,6.13062227216268,0,0
"2019","L",237,4.53190307564282,0,0
"2019","L",238,4.15668365273604,0,0
"2019","L",239,4.94601174838758,0,0
"2019","L",240,4.88644111303505,0,0
"2019","L",241,4.32653210785883,0,0
"2019","L",242,3.81849833877391,0,0
"2019","L",243,3.76957758632754,0,0
"2019","L",244,3.97371179351597,0,0
"2019","L",245,4.52200899087838,0,0
"2019","L",246,4.69522418317796,0,0
"2019","L",247,5.5128603546833,0,0
"2019","L",248,4.65365528538294,0,0
"2008","R",136,8.08505,0,0
"2008","R",137,14.42403,0,0
"2008","R",138,11.80493,0,0
"2008","R",139,11.748,0,0
"2008","R",140,11.99472,0,0
"2008","R",141,13.41815,0,0
"2008","R",142,10.5713,0,0
"2008","R",143,9.94499,0,0
"2008","R",144,8.50259,0,0
"2008","R",145,6.62252,0,0
"2008","R",146,5.99204,0,0
"2008","R",147,6.31484,0,0
"2008","R",148,5.48262,0,0
"2008","R",149,5.31617,0,0
"2008","R",150,2.91532,0,0
"2008","R",151,4.63526,0,0
"2008","R",152,5.89621,0,0
"2008","R",153,5.27078,0,0
"2008","R",154,3.86355,0,0
"2008","R",155,3.96947,0,0
"2008","R",156,3.58614,0,0
"2008","R",157,3.75259,0,0
"2008","R",158,4.83701,0,0
"2008","R",159,4.90762,0,0
"2008","R",160,3.10698,0,0
"2008","R",161,3.60632,0,0
"2008","R",162,3.99974,0,0
"2008","R",163,4.52934,0,0
"2008","R",164,4.48394,0,0
"2008","R",165,4.74118,0,0
"2008","R",166,3.84338,0,0
"2008","R",167,3.75259,0,0
"2008","R",168,5.91638,0,0
"2008","R",169,5.1699,0,0
"2008","R",170,3.9493,0,0
"2008","R",171,4.44359,0,0
"2008","R",172,4.78657,0,0
"2008","R",173,4.62517,0,0
"2008","R",174,5.21025,0,0
"2008","R",175,4.9631,0,0
"2008","R",176,5.99708,0,0
"2008","R",177,5.24556,0,0
"2008","R",178,6.24927,0,0
"2008","R",179,6.13327,0,0
"2008","R",180,6.21397,0,0
"2008","R",181,7.92886,0,0
"2008","R",182,6.46111,0,0
"2008","R",183,6.43085,0,0
"2008","R",184,6.69817,0,0
"2008","R",185,6.43589,0,0
"2008","R",186,5.86594,0,0
"2008","R",187,5.61375,0,0
"2008","R",188,6.23919,0,0
"2008","R",189,7.59093,0,0
"2008","R",190,8.33741,0,0
"2008","R",191,7.47996,0,0
"2008","R",192,6.3098,0,0
"2008","R",193,8.25166,0,0
"2008","R",194,6.62756,0,0
"2008","R",195,6.64773,0,0
"2008","R",196,7.07646,0,0
"2008","R",197,6.28458,0,0
"2008","R",198,5.19512,0,0
"2008","R",199,5.07407,0,0
"2008","R",200,6.21397,0,0
"2008","R",201,6.17866,0,0
"2008","R",202,7.80781,0,0
"2008","R",203,6.73852,0,0
"2008","R",204,6.09292,0,0
"2008","R",205,6.91001,0,0
"2008","R",206,6.36024,0,0
"2008","R",207,6.69313,0,0
"2008","R",208,7.95912,0,0
"2008","R",209,6.79905,0,0
"2008","R",210,7.17229,0,0
"2008","R",211,7.64136,0,0
"2008","R",212,8.53878,0,0
"2008","R",213,6.78392,0,0
"2008","R",214,6.82931,0,0
"2008","R",215,6.85957,0,0
"2008","R",216,7.79888,0,0
"2008","R",217,7.93886,0,0
"2008","R",218,8.23882,0,0
"2008","R",219,8.13883,0,0
"2008","R",220,8.15883,0,0
"2008","R",221,7.15897,0,0
"2008","R",222,7.21897,0,0
"2008","R",223,7.15897,0,0
"2008","R",224,10.17854,0,0
"2008","R",225,6.73903,0,0
"2008","R",226,7.85887,0,0
"2008","R",227,6.09796,0,0
"2008","R",228,6.21397,0,0
"2008","R",229,6.20388,0,0
"2008","R",230,6.794,0,0
"2008","R",231,5.60871,0,0
"2008","R",232,6.67295,0,0
"2008","R",233,5.83064,0,0
"2008","R",234,6.38546,0,0
"2008","R",235,6.09796,0,0
"2008","R",236,8.73875,0,0
"2008","R",237,6.20388,0,0
"2008","R",238,7.98939,0,0
"2008","R",239,6.16857,0,0
"2008","R",240,6.16353,0,0
"2009","R",138,3.93578,0,0
"2009","R",139,3.11203,0,0
"2009","R",140,3.06454,0,0
"2009","R",141,3.11707,0,0
"2009","R",142,2.85686,0,0
"2009","R",143,2.54712,0,0
"2009","R",144,2.13252,0,0
"2009","R",145,2.55217,0,0
"2009","R",146,3.24689,0,0
"2009","R",147,3.89886,0,0
"2009","R",148,3.52562,0,0
"2009","R",149,3.21795,0,0
"2009","R",150,2.81949,0,0
"2009","R",151,2.86992,0,0
"2009","R",152,3.42474,0,0
"2009","R",153,3.85347,0,0
"2009","R",154,3.53571,0,0
"2009","R",155,2.62782,0,0
"2009","R",156,2.58747,0,0
"2009","R",157,2.8094,0,0
"2009","R",158,2.94558,0,0
"2009","R",159,3.54075,0,0
"2009","R",160,3.33395,0,0
"2009","R",161,2.81949,0,0
"2009","R",162,2.81949,0,0
"2009","R",163,2.69339,0,0
"2009","R",164,2.6026,0,0
"2009","R",165,3.11203,0,0
"2009","R",166,2.9708,0,0
"2009","R",167,3.06159,0,0
"2009","R",168,3.12716,0,0
"2009","R",169,3.03133,0,0
"2009","R",170,3.70215,0,0
"2009","R",171,3.83329,0,0
"2009","R",172,3.69711,0,0
"2009","R",173,4.05017,0,0
"2009","R",174,4.2368,0,0
"2009","R",175,4.21158,0,0
"2009","R",176,4.41333,0,0
"2009","R",177,4.92275,0,0
"2009","R",178,5.71967,0,0
"2009","R",179,6.91901,0,0
"2009","R",180,8.55877,0,0
"2009","R",181,8.55877,0,0
"2009","R",182,8.31881,0,0
"2009","R",183,6.83902,0,0
"2009","R",184,6.59905,0,0
"2009","R",185,5.39687,0,0
"2009","R",186,4.32254,0,0
"2009","R",187,3.51049,0,0
"2009","R",188,2.73374,0,0
"2009","R",189,2.05283,0,0
"2009","R",190,1.8309,0,0
"2009","R",191,2.11335,0,0
"2009","R",192,2.37059,0,0
"2009","R",193,2.16884,0,0
"2009","R",194,1.60261,0,0
"2009","R",195,2.27476,0,0
"2009","R",196,2.1184,0,0
"2009","R",197,2.01752,0,0
"2009","R",198,2.29493,0,0
"2009","R",199,2.01752,0,0
"2009","R",200,1.78046,0,0
"2009","R",201,1.60676,0,0
"2009","R",202,2.34537,0,0
"2009","R",203,2.31511,0,0
"2009","R",204,1.28832,0,0
"2009","R",205,2.08309,0,0
"2009","R",206,3.99469,0,0
"2009","R",207,2.03265,0,0
"2009","R",208,3.27847,0,0
"2009","R",209,4.5142,0,0
"2009","R",210,3.88373,0,0
"2009","R",211,6.69313,0,0
"2009","R",212,2.1991,0,0
"2009","R",213,6.78896,0,0
"2009","R",214,7.11681,0,0
"2009","R",215,5.09424,0,0
"2009","R",216,3.12211,0,0
"2009","R",217,2.05787,0,0
"2009","R",218,2.1184,0,0
"2009","R",219,2.8094,0,0
"2009","R",220,2.52695,0,0
"2009","R",221,3.44996,0,0
"2009","R",222,2.17388,0,0
"2009","R",223,1.9923,0,0
"2009","R",224,2.06796,0,0
"2009","R",225,1.97717,0,0
"2009","R",226,2.33024,0,0
"2009","R",227,2.06292,0,0
"2009","R",228,2.51181,0,0
"2009","R",229,2.52695,0,0
"2009","R",230,3.58614,0,0
"2009","R",231,4.57473,0,0
"2009","R",232,5.42713,0,0
"2009","R",233,6.79905,0,0
"2009","R",234,7.22777,0,0
"2009","R",235,4.99337,0,0
"2009","R",236,7.68171,0,0
"2009","R",237,7.49005,0,0
"2009","R",238,5.94665,0,0
"2009","R",239,2.84975,0,0
"2009","R",240,4.15609,0,0
"2009","R",241,4.53438,0,0
"2009","R",242,3.88877,0,0
"2009","R",243,3.65676,0,0
"2009","R",244,2.89514,0,0
"2009","R",245,2.25458,0,0
"2009","R",246,3.41466,0,0
"2009","R",247,3.01115,0,0
"2010","R",137,3.00233,0,0
"2010","R",138,2.46711,0,0
"2010","R",139,1.94718,0,0
"2010","R",140,1.96757,0,0
"2010","R",141,1.53147,0,0
"2010","R",142,1.85513,0,0
"2010","R",143,1.78975,0,0
"2010","R",144,1.59792,0,0
"2010","R",145,2.38046,0,0
"2010","R",146,1.95738,0,0
"2010","R",147,1.83504,0,0
"2010","R",148,1.97777,0,0
"2010","R",149,2.43653,0,0
"2010","R",150,2.73217,0,0
"2010","R",151,1.92673,0,0
"2010","R",152,3.42925,0,0
"2010","R",153,3.31274,0,0
"2010","R",154,3.39379,0,0
"2010","R",155,4.84755,0,0
"2010","R",156,4.84248,0,0
"2010","R",157,6.20506,0,0
"2010","R",158,6.17973,0,0
"2010","R",159,7.06111,0,0
"2010","R",160,8.11542,0,0
"2010","R",161,8.2578,0,0
"2010","R",162,10.19854,0,0
"2010","R",163,11.23839,0,0
"2010","R",164,11.49835,0,0
"2010","R",165,12.51821,0,0
"2010","R",166,12.85816,0,0
"2010","R",167,13.49807,0,0
"2010","R",168,13.05813,0,0
"2010","R",169,12.15826,0,0
"2010","R",170,12.45822,0,0
"2010","R",171,12.19825,0,0
"2010","R",172,10.85844,0,0
"2010","R",173,11.47836,0,0
"2010","R",174,10.07856,0,0
"2010","R",175,10.57848,0,0
"2010","R",176,9.83859,0,0
"2010","R",177,10.4785,0,0
"2010","R",178,8.65876,0,0
"2010","R",179,7.91887,0,0
"2010","R",180,7.63891,0,0
"2010","R",181,5.97691,0,0
"2010","R",182,5.28086,0,0
"2010","R",183,4.70587,0,0
"2010","R",184,4.95806,0,0
"2010","R",185,5.07911,0,0
"2010","R",186,4.50916,0,0
"2010","R",187,6.60234,0,0
"2010","R",188,2.80436,0,0
"2010","R",189,2.84975,0,0
"2010","R",190,2.97584,0,0
"2010","R",191,2.36554,0,0
"2010","R",192,3.73746,0,0
"2010","R",193,3.50544,0,0
"2010","R",194,3.47518,0,0
"2010","R",195,3.283516646,0,0
"2010","R",196,3.495356429,0,0
"2010","R",197,3.767721865,0,0
"2010","R",198,3.439874581,0,0
"2010","R",199,3.661801974,0,0
"2010","R",200,3.803028496,0,0
"2010","R",201,3.737459039,0,0
"2010","R",202,3.42979,0,0
"2010","R",203,4.11574,0,0
"2010","R",204,4.08044,0,0
"2010","R",205,3.63658,0,0
"2010","R",206,2.4866,0,0
"2010","R",207,2.83462,0,0
"2010","R",208,3.42474,0,0
"2010","R",209,3.76268,0,0
"2010","R",210,2.51686,0,0
"2010","R",211,3.19273,0,0
"2010","R",212,3.49031,0,0
"2010","R",213,3.43483,0,0
"2010","R",214,6.75365,0,0
"2010","R",215,3.00106,0,0
"2010","R",216,3.84842,0,0
"2010","R",217,3.96443,0,0
"2010","R",218,3.99974,0,0
"2010","R",219,3.54075,0,0
"2010","R",220,3.73746,0,0
"2010","R",221,2.92541,0,0
"2010","R",222,2.46138,0,0
"2010","R",223,4.46377,0,0
"2010","R",224,2.74887,0,0
"2010","R",225,4.14096,0,0
"2010","R",226,3.67189,0,0
"2010","R",227,5.28591,0,0
"2010","R",228,4.36793,0,0
"2010","R",229,3.96947,0,0
"2010","R",230,4.66552,0,0
"2010","R",231,2.37563,0,0
"2010","R",232,4.3982,0,0
"2010","R",233,4.02496,0,0
"2010","R",234,3.53571,0,0
"2010","R",235,3.16751,0,0
"2010","R",236,4.89753,0,0
"2010","R",237,4.97823,0,0
"2010","R",238,3.6618,0,0
"2010","R",239,4.18131,0,0
"2010","R",240,4.1914,0,0
"2010","R",241,4.25697,0,0
"2010","R",242,3.98461,0,0
"2010","R",243,5.26573,0,0
"2010","R",244,5.55323,0,0
"2010","R",245,5.70959,0,0
"2010","R",246,7.22777,0,0
"2011","R",136,7.65637,0,0
"2011","R",137,5.40797,0,0
"2011","R",138,8.75014,0,0
"2011","R",139,7.58465,0,0
"2011","R",140,6.11853,0,0
"2011","R",141,8.26601,0,0
"2011","R",142,5.97387,0,0
"2011","R",143,7.06466,0,0
"2011","R",144,6.84949,0,0
"2011","R",145,4.86759,0,0
"2011","R",146,4.42934,0,0
"2011","R",147,3.53581,0,0
"2011","R",148,4.71442,0,0
"2011","R",149,4.24638,0,0
"2011","R",150,8.75014,0,0
"2011","R",151,5.06757,0,0
"2011","R",152,5.08034,0,0
"2011","R",153,3.7443,0,0
"2011","R",154,4.11022,0,0
"2011","R",155,2.51889,0,0
"2011","R",156,2.12745,0,0
"2011","R",157,2.55719,0,0
"2011","R",158,2.02958,0,0
"2011","R",159,1.73174,0,0
"2011","R",160,2.58272,0,0
"2011","R",161,2.72313,0,0
"2011","R",162,2.45082,0,0
"2011","R",163,2.22105,0,0
"2011","R",164,1.90194,0,0
"2011","R",165,2.42954,0,0
"2011","R",166,2.32742,0,0
"2011","R",167,3.80813,0,0
"2011","R",168,2.1785,0,0
"2011","R",169,1.99554,0,0
"2011","R",170,3.76132,0,0
"2011","R",171,3.28478,0,0
"2011","R",172,3.12734,0,0
"2011","R",173,3.13585,0,0
"2011","R",174,3.76983,0,0
"2011","R",175,2.79546,0,0
"2011","R",176,1.89768,0,0
"2011","R",177,1.63388,0,0
"2011","R",178,2.88907,0,0
"2011","R",179,3.0848,0,0
"2011","R",180,2.07213,0,0
"2011","R",181,2.79972,0,0
"2011","R",182,2.05937,0,0
"2011","R",183,1.66792,0,0
"2011","R",184,1.519,0,0
"2011","R",185,4.41232,0,0
"2011","R",186,1.84237,0,0
"2011","R",187,1.37413,0,0
"2011","R",188,2.92311,0,0
"2011","R",189,1.68919,0,0
"2011","R",190,2.54868,0,0
"2011","R",191,2.1785,0,0
"2011","R",192,2.02107,0,0
"2011","R",193,2.4338,0,0
"2011","R",194,2.267856446,0,0
"2011","R",195,3.055011123,0,0
"2011","R",196,1.893426114,0,0
"2011","R",197,1.829602761,0,0
"2011","R",198,1.833857652,0,0
"2011","R",199,2.655051449,0,0
"2011","R",200,1.757269629,0,0
"2011","R",201,2.79546,0,0
"2011","R",202,1.84237,0,0
"2011","R",203,1.70621,0,0
"2011","R",204,3.03374,0,0
"2011","R",205,2.23807,0,0
"2011","R",206,2.69335,0,0
"2011","R",207,2.42954,0,0
"2011","R",208,3.10181,0,0
"2011","R",209,2.56144,0,0
"2011","R",210,2.65931,0,0
"2011","R",211,2.88482,0,0
"2011","R",212,3.06778,0,0
"2011","R",213,3.81664,0,0
"2011","R",214,5.55263,0,0
"2011","R",215,5.02503,0,0
"2011","R",216,4.96971,0,0
"2011","R",217,4.58252,0,0
"2011","R",218,4.47614,0,0
"2011","R",219,5.02503,0,0
"2011","R",220,5.32712,0,0
"2011","R",221,5.83345,0,0
"2011","R",222,7.20811,0,0
"2011","R",223,6.93915,0,0
"2011","R",224,6.41916,0,0
"2011","R",225,6.50881,0,0
"2011","R",226,6.52674,0,0
"2011","R",227,6.11434,0,0
"2011","R",228,5.39095,0,0
"2011","R",229,4.44636,0,0
"2011","R",230,4.49316,0,0
"2011","R",231,4.40381,0,0
"2011","R",232,4.62507,0,0
"2011","R",233,4.59954,0,0
"2011","R",234,4.36977,0,0
"2011","R",235,3.91875,0,0
"2011","R",236,3.47625,0,0
"2011","R",237,3.04225,0,0
"2011","R",238,3.02097,0,0
"2011","R",239,2.63378,0,0
"2011","R",240,2.9614,0,0
"2011","R",241,2.47635,0,0
"2011","R",242,2.2168,0,0
"2011","R",243,2.82099,0,0
"2011","R",244,3.17415,0,0
"2011","R",245,3.39966,0,0
"2011","R",246,2.7444,0,0
"2011","R",134,NA,0,0
"2011","R",135,NA,0,0
"2011","R",136,7.65637,0,0
"2011","R",137,5.40797,0,0
"2011","R",138,8.75014,0,0
"2011","R",139,7.58465,0,0
"2011","R",140,6.11853,0,0
"2011","R",141,8.26601,0,0
"2011","R",142,5.97387,0,0
"2011","R",143,7.06466,0,0
"2011","R",144,6.84949,0,0
"2011","R",145,4.86759,0,0
"2011","R",146,4.42934,0,0
"2011","R",147,3.53581,0,0
"2011","R",148,4.71442,0,0
"2011","R",149,4.24638,0,0
"2011","R",150,8.75014,0,0
"2011","R",151,5.06757,0,0
"2011","R",152,5.08034,0,0
"2011","R",153,3.7443,0,0
"2011","R",154,4.11022,0,0
"2011","R",155,2.51889,0,0
"2011","R",156,2.12745,0,0
"2011","R",157,2.55719,0,0
"2011","R",158,2.02958,0,0
"2011","R",159,1.73174,0,0
"2011","R",160,2.58272,0,0
"2011","R",161,2.72313,0,0
"2011","R",162,2.45082,0,0
"2011","R",163,2.22105,0,0
"2011","R",164,1.90194,0,0
"2011","R",165,2.42954,0,0
"2011","R",166,2.32742,0,0
"2011","R",167,3.80813,0,0
"2011","R",168,2.1785,0,0
"2011","R",169,1.99554,0,0
"2011","R",170,3.76132,0,0
"2011","R",171,3.28478,0,0
"2011","R",172,3.12734,0,0
"2011","R",173,3.13585,0,0
"2011","R",174,3.76983,0,0
"2011","R",175,2.79546,0,0
"2011","R",176,1.89768,0,0
"2011","R",177,1.63388,0,0
"2011","R",178,2.88907,0,0
"2011","R",179,3.0848,0,0
"2011","R",180,2.07213,0,0
"2011","R",181,2.79972,0,0
"2011","R",182,2.05937,0,0
"2011","R",183,1.66792,0,0
"2011","R",184,1.519,0,0
"2011","R",185,4.41232,0,0
"2011","R",186,1.84237,0,0
"2011","R",187,1.37413,0,0
"2011","R",188,2.92311,0,0
"2011","R",189,1.68919,0,0
"2011","R",190,2.54868,0,0
"2011","R",191,2.1785,0,0
"2011","R",192,2.02107,0,0
"2011","R",193,2.4338,0,0
"2011","R",194,2.267856446,0,0
"2011","R",195,3.055011123,0,0
"2011","R",196,1.893426114,0,0
"2011","R",197,1.829602761,0,0
"2011","R",198,1.833857652,0,0
"2011","R",199,2.655051449,0,0
"2011","R",200,1.757269629,0,0
"2011","R",201,2.79546,0,0
"2011","R",202,1.84237,0,0
"2011","R",203,1.70621,0,0
"2011","R",204,3.03374,0,0
"2011","R",205,2.23807,0,0
"2011","R",206,2.69335,0,0
"2011","R",207,2.42954,0,0
"2011","R",208,3.10181,0,0
"2011","R",209,2.56144,0,0
"2011","R",210,2.65931,0,0
"2011","R",211,2.88482,0,0
"2011","R",212,3.06778,0,0
"2011","R",213,3.81664,0,0
"2011","R",214,5.55263,0,0
"2011","R",215,5.02503,0,0
"2011","R",216,4.96971,0,0
"2011","R",217,4.58252,0,0
"2011","R",218,4.47614,0,0
"2011","R",219,5.02503,0,0
"2011","R",220,5.32712,0,0
"2011","R",221,5.83345,0,0
"2011","R",222,7.20811,0,0
"2011","R",223,6.93915,0,0
"2011","R",224,6.41916,0,0
"2011","R",225,6.50881,0,0
"2011","R",226,6.52674,0,0
"2011","R",227,6.11434,0,0
"2011","R",228,5.39095,0,0
"2011","R",229,4.44636,0,0
"2011","R",230,4.49316,0,0
"2011","R",231,4.40381,0,0
"2011","R",232,4.62507,0,0
"2011","R",233,4.59954,0,0
"2011","R",234,4.36977,0,0
"2011","R",235,3.91875,0,0
"2011","R",236,3.47625,0,0
"2011","R",237,3.04225,0,0
"2011","R",238,3.02097,0,0
"2011","R",239,2.63378,0,0
"2011","R",240,2.9614,0,0
"2011","R",241,2.47635,0,0
"2011","R",242,2.2168,0,0
"2011","R",243,2.82099,0,0
"2011","R",244,3.17415,0,0
"2011","R",245,3.39966,0,0
"2011","R",246,2.7444,0,0
"2013","R",137,NA,0,0
"2013","R",138,NA,0,0
"2013","R",139,NA,0,0
"2013","R",140,NA,0,0
"2013","R",141,NA,0,0
"2013","R",142,NA,0,0
"2013","R",143,NA,0,0
"2013","R",144,6.159116491,0,0
"2013","R",145,NA,0,0
"2013","R",146,NA,0,0
"2013","R",147,3.783278354,0,0
"2013","R",148,4.210543146,0,0
"2013","R",149,3.934892148,0,0
"2013","R",150,3.796434685,0,0
"2013","R",151,3.505616562,0,0
"2013","R",152,5.410756778,0,0
"2013","R",153,4.752423141,0,0
"2013","R",154,5.898230459,0.5,0.5
"2013","R",155,3.920414438,1,0.5
"2013","R",156,5.303552784,1.5,0.5
"2013","R",157,3.943452381,2,0.5
"2013","R",158,3.844980974,2.5,0.5
"2013","R",159,4.518079577,3,0.5
"2013","R",160,4.036638275,3.5,0.5
"2013","R",161,3.666824712,4.3125,0.8125
"2013","R",162,3.998605561,5.125,0.8125
"2013","R",163,3.197333266,5.9375,0.8125
"2013","R",164,2.519523662,6.75,0.8125
"2013","R",165,2.097084773,7.5625,0.8125
"2013","R",166,2.521994065,8.375,0.8125
"2013","R",167,1.77731123,9.1875,0.8125
"2013","R",168,1.339647765,10.3125,1.125
"2013","R",169,1.401695093,11.4375,1.125
"2013","R",170,2.056524205,12.5625,1.125
"2013","R",171,2.314365322,13.6875,1.125
"2013","R",172,3.001539476,14.8125,1.125
"2013","R",173,2.637126329,15.9375,1.125
"2013","R",174,2.333554033,17.0625,1.125
"2013","R",175,2.186134178,18.5,1.4375
"2013","R",176,2.385547395,19.9375,1.4375
"2013","R",177,2.663209187,21.375,1.4375
"2013","R",178,2.797759966,22.8125,1.4375
"2013","R",179,4.010785222,24.25,1.4375
"2013","R",180,4.278048341,25.6875,1.4375
"2013","R",181,3.293966233,27.125,1.4375
"2013","R",182,3.876521699,28.875,1.75
"2013","R",183,3.617818813,30.625,1.75
"2013","R",184,3.434549392,32.375,1.75
"2013","R",185,2.986487254,34.125,1.75
"2013","R",186,2.696760705,35.875,1.75
"2013","R",187,2.446330796,37.625,1.75
"2013","R",188,1.986261351,39.375,1.75
"2013","R",189,3.519289955,41.4375,2.0625
"2013","R",190,3.127989632,43.5,2.0625
"2013","R",191,4.570762354,45.5625,2.0625
"2013","R",192,4.140912256,47.625,2.0625
"2013","R",193,4.048243423,49.6875,2.0625
"2013","R",194,4.420240133,51.75,2.0625
"2013","R",195,3.433285465,53.8125,2.0625
"2013","R",196,2.681651031,56.1875,2.375
"2013","R",197,3.499469281,58.5625,2.375
"2013","R",198,2.892554494,60.9375,2.375
"2013","R",199,3.301894503,63.3125,2.375
"2013","R",200,3.640052439,65.6875,2.375
"2013","R",201,2.828438922,68.0625,2.375
"2013","R",202,3.402951215,70.4375,2.375
"2013","R",203,3.231746552,73.125,2.6875
"2013","R",204,3.734100101,75.8125,2.6875
"2013","R",205,3.229276149,78.5,2.6875
"2013","R",206,3.900651215,81.1875,2.6875
"2013","R",207,4.102477384,83.875,2.6875
"2013","R",208,5.148606819,86.5625,2.6875
"2013","R",209,5.378067028,89.25,2.6875
"2013","R",210,4.284770134,92.25,3
"2013","R",211,9.77159234,95.25,3
"2013","R",212,2.698369339,98.25,3
"2013","R",213,4.73926681,101.25,3
"2013","R",214,5.026925115,104.25,3
"2013","R",215,5.092821675,107.25,3
"2013","R",216,3.504065379,110.25,3
"2013","R",217,9.541844874,113.5625,3.3125
"2013","R",218,6.773442486,116.875,3.3125
"2013","R",219,8.98973856,120.1875,3.3125
"2013","R",220,5.423396048,123.5,3.3125
"2013","R",221,4.866348929,126.8125,3.3125
"2013","R",222,3.016649149,130.125,3.3125
"2013","R",223,5.600460737,133.4375,3.3125
"2013","R",224,3.382900736,137.0625,3.625
"2013","R",225,3.159645259,140.6875,3.625
"2013","R",226,2.541814739,144.3125,3.625
"2013","R",227,2.962587543,147.9375,3.625
"2013","R",228,4.309646517,151.5625,3.625
"2013","R",229,5.700885486,155.1875,3.625
"2013","R",230,3.341995461,158.8125,3.625
"2013","R",231,5.805906333,162.75,3.9375
"2013","R",232,5.106092909,166.6875,3.9375
"2013","R",233,4.146312672,170.625,3.9375
"2013","R",234,2.626670205,174.5625,3.9375
"2013","R",235,1.953916309,178.5,3.9375
"2013","R",236,1.630925498,182.4375,3.9375
"2013","R",237,2.449375711,186.375,3.9375
"2013","R",238,2.688257923,190.625,4.25
"2013","R",239,4.541462227,194.875,4.25
"2013","R",240,4.09156165,199.125,4.25
"2013","R",241,4.064617024,203.375,4.25
"2013","R",242,6.375937431,207.625,4.25
"2013","R",243,4.493030841,211.875,4.25
"2013","R",244,4.405934777,216.125,4.25
"2013","R",245,NA,220.6875,4.5625
"2013","R",246,NA,225.25,4.5625
"2013","R",247,NA,229.8125,4.5625
"2013","R",248,NA,234.375,4.5625
"2013","R",249,NA,238.9375,4.5625
"2014","R",136,NA,0,0
"2014","R",137,NA,0,0
"2014","R",138,NA,0,0
"2014","R",139,NA,0,0
"2014","R",140,NA,0,0
"2014","R",141,NA,0,0
"2014","R",142,NA,0,0
"2014","R",143,NA,0,0
"2014","R",144,NA,0,0
"2014","R",145,NA,0,0
"2014","R",146,2.50817704430986,0,0
"2014","R",147,2.86494917842574,0,0
"2014","R",148,2.98387322313104,0,0
"2014","R",149,0.771730873293373,0,0
"2014","R",150,1.47810522810523,0,0
"2014","R",151,1.28524145125708,0,0
"2014","R",152,1.32048778044872,0,0
"2014","R",153,1.93501485493673,3,3
"2014","R",154,2.32729184877622,6,3
"2014","R",155,2.71043409715285,9,3
"2014","R",156,8.00686292873793,12,3
"2014","R",157,4.89200090274309,15,3
"2014","R",158,4.52376724837662,18,3
"2014","R",159,5.17069681620463,21,3
"2014","R",160,6.81150392576174,24,3
"2014","R",161,2.57634292790543,27,3
"2014","R",162,6.6888742767649,30,3
"2014","R",163,6.27746602355977,33,3
"2014","R",164,5.10141191985875,36,3
"2014","R",165,7.44141314028381,39,3
"2014","R",166,8.72602100280672,42,3
"2014","R",167,8.83532317355847,45,3
"2014","R",168,7.94188979211845,48,3
"2014","R",169,6.70029145359091,51,3
"2014","R",170,5.46180219520063,54,3
"2014","R",171,5.3731262227356,57,3
"2014","R",172,5.49394615800866,60,3
"2014","R",173,4.87183552124958,63,3
"2014","R",174,5.8608009828713,66,3
"2014","R",175,3.62166804549617,69,3
"2014","R",176,4.42733535995255,72,3
"2014","R",177,4.32685315986097,75,3
"2014","R",178,13.0407109166875,78,3
"2014","R",179,4.37054481976357,81,3
"2014","R",180,4.20379262664419,84,3
"2014","R",181,3.06849888392857,87,3
"2014","R",182,2.59866273049867,90,3
"2014","R",183,2.66234741820679,93,3
"2014","R",184,2.49464727980353,96,3
"2014","R",185,2.51489883814103,99,3
"2014","R",186,4.56237447448385,102,3
"2014","R",187,7.00729771530553,105,3
"2014","R",188,3.98085313124376,108,3
"2014","R",189,7.31236374302781,111,3
"2014","R",190,6.83942522321429,114,3
"2014","R",191,7.1029540121337,117,3
"2014","R",192,9.27323165116134,120,3
"2014","R",193,5.55771702256077,123,3
"2014","R",194,3.60917240311772,126,3
"2014","R",195,9.27021546162171,129,3
"2014","R",196,5.97593324644106,132,3
"2014","R",197,4.13760881046037,135,3
"2014","R",198,2.48180693004912,138,3
"2014","R",199,4.80142903971029,141,3
"2014","R",200,4.16837394376457,144,3
"2014","R",201,3.61270565372128,147,3
"2014","R",202,2.68190956179237,150,3
"2014","R",203,3.01618953962704,153,3
"2014","R",204,3.53600826257076,156,3
"2014","R",205,3.04523113605145,159,3
"2014","R",206,4.64889602584915,162,3
"2014","R",207,3.97757841117216,165,3
"2014","R",208,5.79246274558775,168,3
"2014","R",209,5.71929860504079,171,3
"2014","R",210,5.59408365072428,174,3
"2014","R",211,5.6780198967699,177,3
"2014","R",212,7.48411419309857,180,3
"2014","R",213,8.70842861565518,183,3
"2014","R",214,6.93249621472278,186,3
"2014","R",215,7.04840406988845,189,3
"2014","R",216,8.15457003933567,192,3
"2014","R",217,6.0508209238678,195,3
"2014","R",218,7.77737399319431,198,3
"2014","R",219,10.8021812172203,201,3
"2014","R",220,12.6665310600857,204,3
"2014","R",221,7.07580830627706,207,3
"2014","R",222,5.09287912608225,210,3
"2014","R",223,11.1310604922421,213,3
"2014","R",224,10.3000304708313,216,3
"2014","R",225,10.4745368563728,219,3
"2014","R",226,8.66887344426407,222,3
"2014","R",227,7.87966590700966,225,3
"2014","R",228,6.34097835757992,228,3
"2014","R",229,5.36045822666916,231,3
"2014","R",230,5.67569312198219,234,3
"2014","R",231,8.13698737785652,237,3
"2014","R",232,5.07314031996649,240,3
"2014","R",233,8.71480570211039,243,3
"2014","R",234,13.3418128095862,246,3
"2014","R",235,5.42879646395271,249,3
"2014","R",236,7.1344947370338,252,3
"2014","R",237,6.94266508231352,255,3
"2014","R",238,7.42706512237762,258,3
"2014","R",239,7.01048625853313,261,3
"2014","R",240,7.92025520052864,264,3
"2014","R",241,6.70645435293873,267,3
"2014","R",242,NA,267,0
"2014","R",243,NA,267,0
"2014","R",244,NA,267,0
"2014","R",245,NA,267,0
"2014","R",246,NA,267,0
"2014","R",247,NA,267,0
"2014","R",248,NA,267,0
"2014","R",249,NA,267,0
"2014","R",250,NA,267,0
"2015","R",129,NA,0,0
"2015","R",130,NA,0,0
"2015","R",131,NA,0,0
"2015","R",132,NA,0,0
"2015","R",133,NA,0,0
"2015","R",134,NA,0,0
"2015","R",135,NA,0,0
"2015","R",136,NA,0,0
"2015","R",137,NA,0,0
"2015","R",138,NA,0,0
"2015","R",139,NA,0,0
"2015","R",140,NA,0,0
"2015","R",141,NA,0,0
"2015","R",142,NA,0,0
"2015","R",143,NA,0,0
"2015","R",144,NA,0,0
"2015","R",145,2.27921006386353,0,0
"2015","R",146,1.87400004656361,0,0
"2015","R",147,2.62305438729755,0,0
"2015","R",148,1.75667929989125,0,0
"2015","R",149,1.8111063294819,0,0
"2015","R",150,1.98486618544514,0,0
"2015","R",151,1.6290572994718,0,0
"2015","R",152,1.43864089565969,3,3
"2015","R",153,1.26245684728652,6,3
"2015","R",154,2.20550914061885,9,3
"2015","R",155,2.65226434184208,12,3
"2015","R",156,3.24663409288871,15,3
"2015","R",157,3.69713975436937,18,3
"2015","R",158,4.14027821691649,21,3
"2015","R",159,5.38108155199949,24,3
"2015","R",160,4.03190117624167,27,3
"2015","R",161,4.99395601007763,30,3
"2015","R",162,5.21451607351087,33,3
"2015","R",163,3.74694126844236,36,3
"2015","R",164,5.40170986541288,39,3
"2015","R",165,6.47460268621852,42,3
"2015","R",166,6.91257058095454,45,3
"2015","R",167,6.46860554699538,48,3
"2015","R",168,9.62427846668072,51,3
"2015","R",169,8.85526207444734,54,3
"2015","R",170,9.83487040732384,57,3
"2015","R",171,12.5932885708016,60,3
"2015","R",172,12.5623996675138,63,3
"2015","R",173,18.4624147947482,66,3
"2015","R",174,14.4394283905947,69,3
"2015","R",175,23.3276907617191,72,3
"2015","R",176,35.1816467853481,75,3
"2015","R",177,31.6731686322851,78,3
"2015","R",178,34.3422044756161,81,3
"2015","R",179,40.1504912900491,84,3
"2015","R",180,32.0591485477939,87,3
"2015","R",181,26.1221120924721,87,0
"2015","R",182,17.8635078939073,87,0
"2015","R",183,22.0409528904557,87,0
"2015","R",184,14.2722373140648,87,0
"2015","R",185,13.3060011393205,87,0
"2015","R",186,11.4252188279919,87,0
"2015","R",187,12.5613830706967,87,0
"2015","R",188,10.6877169370876,87,0
"2015","R",189,10.5947202242575,87,0
"2015","R",190,9.907949642515,87,0
"2015","R",191,9.25694450079205,87,0
"2015","R",192,8.28395421319465,87,0
"2015","R",193,8.33797069407071,87,0
"2015","R",194,5.64438012761977,87,0
"2015","R",195,8.29284943534398,87,0
"2015","R",196,8.66203047944951,87,0
"2015","R",197,8.64654692792803,87,0
"2015","R",198,9.06264782512894,87,0
"2015","R",199,8.51837752922247,87,0
"2015","R",200,7.80761995458253,87,0
"2015","R",201,8.00757672852403,87,0
"2015","R",202,7.8631417807454,87,0
"2015","R",203,7.69149331817145,87,0
"2015","R",204,8.51560769389474,87,0
"2015","R",205,7.29009397494043,87,0
"2015","R",206,5.79483645654564,87,0
"2015","R",207,5.36411220512999,87,0
"2015","R",208,4.25665274655143,87,0
"2015","R",209,3.8614257099951,87,0
"2015","R",210,3.27625694214048,87,0
"2015","R",211,3.19055001048624,87,0
"2015","R",212,3.56645623353544,87,0
"2015","R",213,3.54917408764531,87,0
"2015","R",214,4.47074647223057,87,0
"2015","R",215,5.16860499725704,87,0
"2015","R",216,6.48291219220171,87,0
"2015","R",217,7.04016755745234,87,0
"2015","R",218,6.34692672796801,87,0
"2015","R",219,5.45873390887235,87,0
"2015","R",220,6.49808685469031,87,0
"2015","R",221,4.90922422937023,87,0
"2015","R",222,4.17955247994999,87,0
"2015","R",223,3.73280900869003,87,0
"2015","R",224,4.15600418767897,87,0
"2015","R",225,3.27139369936714,87,0
"2015","R",226,3.24005045550187,87,0
"2015","R",227,2.81503478621284,87,0
"2015","R",228,3.28313852059447,87,0
"2015","R",229,3.50757181790073,87,0
"2015","R",230,2.51962426313408,87,0
"2015","R",231,3.16333649569092,87,0
"2015","R",232,3.19829178624698,87,0
"2015","R",233,2.51310553154403,87,0
"2015","R",234,2.93804300107791,87,0
"2015","R",235,2.95243175602716,87,0
"2015","R",236,2.95837493741924,87,0
"2015","R",237,2.66692444994173,87,0
"2015","R",238,3.20306197131168,87,0
"2015","R",239,3.62385485382213,87,0
"2015","R",240,3.1279120066039,87,0
"2015","R",241,2.65261389474764,87,0
"2015","R",242,3.01209816921346,87,0
"2015","R",243,2.44937273108946,87,0
"2015","R",244,2.39283430810952,87,0
"2015","R",245,2.46282308897681,87,0
"2015","R",246,2.5507196137755,87,0
"2015","R",247,NA,87,0
"2018","R",138,NA,0,0
"2018","R",139,NA,0,0
"2018","R",140,NA,0,0
"2018","R",141,NA,0,0
"2018","R",142,NA,0,0
"2018","R",143,NA,0,0
"2018","R",144,NA,0,0
"2018","R",145,NA,0,0
"2018","R",146,NA,0,0
"2018","R",147,NA,0,0
"2018","R",148,1.21737040814066,0,0
"2018","R",149,1.78739916033684,0,0
"2018","R",150,1.82245890964768,0,0
"2018","R",151,3.14086101681902,0,0
"2018","R",152,3.86823740547863,0,0
"2018","R",153,1.53128801564843,0,0
"2018","R",154,2.97469983893919,0,0
"2018","R",155,4.30107301665625,0,0
"2018","R",156,2.37259238820537,0,0
"2018","R",157,3.23372722894921,0,0
"2018","R",158,2.36209390504759,0,0
"2018","R",159,2.29631637168252,0,0
"2018","R",160,2.72033844144374,0,0
"2018","R",161,2.47064303646285,0,0
"2018","R",162,2.02329100412881,0,0
"2018","R",163,2.61140047731893,0,0
"2018","R",164,2.82603613298898,0,0
"2018","R",165,2.40220847958254,0,0
"2018","R",166,3.79098930718192,0,0
"2018","R",167,2.88565714845288,0,0
"2018","R",168,3.99253426163055,0,0
"2018","R",169,4.19194063617667,0,0
"2018","R",170,4.57325591333928,0,0
"2018","R",171,3.54602470016719,0,0
"2018","R",172,2.77386774445807,0,0
"2018","R",173,2.21556877899989,0,0
"2018","R",174,2.17921292065723,0,0
"2018","R",175,2.19651597623208,0,0
"2018","R",176,2.01622720990537,0,0
"2018","R",177,2.10935264384192,0,0
"2018","R",178,1.85181577921849,0,0
"2018","R",179,1.96762312121197,0,0
"2018","R",180,1.60186115243124,0,0
"2018","R",181,3.75826255412837,0,0
"2018","R",182,1.3577390162872,0,0
"2018","R",183,2.46792120749602,0,0
"2018","R",184,2.26572819853148,0,0
"2018","R",185,2.18945218200864,0,0
"2018","R",186,3.28077598680442,0,0
"2018","R",187,2.44601696485819,0,0
"2018","R",188,3.04008853959471,0,0
"2018","R",189,2.6521631063698,0,0
"2018","R",190,2.27518979446379,0,0
"2018","R",191,2.1285998629645,0,0
"2018","R",192,2.29586273352139,0,0
"2018","R",193,2.55456609627345,0,0
"2018","R",194,2.81573206618598,0,0
"2018","R",195,3.52988814272099,0,0
"2018","R",196,2.26086778966214,0,0
"2018","R",197,3.02434081485805,0,0
"2018","R",198,2.71392270173621,0,0
"2018","R",199,2.51931193060784,0,0
"2018","R",200,2.53272665908722,0,0
"2018","R",201,3.12634459566259,0,0
"2018","R",202,3.85119357171015,0,0
"2018","R",203,3.86869104363977,0,0
"2018","R",204,3.42937488730304,0,0
"2018","R",205,3.16146915042502,0,0
"2018","R",206,3.04352322852904,0,0
"2018","R",207,4.17852590769729,0,0
"2018","R",208,4.50235874929851,0,0
"2018","R",209,3.18784496922264,0,0
"2018","R",210,3.6763484633171,0,0
"2018","R",211,2.57770164249151,0,0
"2018","R",212,2.61872349334874,0,0
"2018","R",213,3.16036745774797,0,0
"2018","R",214,3.93544065877871,0,0
"2018","R",215,3.88372590840893,0,0
"2018","R",216,3.34285960942879,0,0
"2018","R",217,2.91170893999254,0,0
"2018","R",218,3.64342729390877,0,0
"2018","R",219,2.55657506527278,0,0
"2018","R",220,2.71139528912415,0,0
"2018","R",221,2.67160474184715,0,0
"2018","R",222,2.10539951129485,0,0
"2018","R",223,1.93288739915908,0,0
"2018","R",224,1.37270907560476,0,0
"2018","R",225,1.62557994771362,0,0
"2018","R",226,1.90735405123215,0,0
"2018","R",227,1.8341238909341,0,0
"2018","R",228,2.57063784826807,0,0
"2018","R",229,1.73523077180593,0,0
"2018","R",230,2.07370964546676,0,0
"2018","R",231,2.20500549039053,0,0
"2018","R",232,NA,0,0
"2018","R",233,NA,0,0
"2018","R",234,NA,0,0
"2019","R",131,NA,0,0
"2019","R",132,NA,0,0
"2019","R",133,2.92205303376297,0,0
"2019","R",134,2.41024027396941,0,0
"2019","R",135,2.23255900174144,0,0
"2019","R",136,2.2052128507953,0,0
"2019","R",137,2.35417379363762,0,0
"2019","R",138,3.68582141043972,0,0
"2019","R",139,5.65027819863378,0,0
"2019","R",140,3.79286991087714,0,0
"2019","R",141,3.1323023350072,0,0
"2019","R",142,3.50415502073719,0,0
"2019","R",143,3.54599875422011,0,0
"2019","R",144,4.23350022750435,0,0
"2019","R",145,2.47997982977428,0,0
"2019","R",146,2.00739986442858,0,0
"2019","R",147,2.4368993356958,0,0
"2019","R",148,3.56846657170602,0,0
"2019","R",149,2.40865996876398,0,0
"2019","R",150,1.83543517450896,0,0
"2019","R",151,1.86269887474873,0,0
"2019","R",152,1.88722795989389,0,0
"2019","R",153,2.08957573511097,0,0
"2019","R",154,2.43408226989482,0,0
"2019","R",155,1.98857361980737,0,0
"2019","R",156,4.55210349870354,0,0
"2019","R",157,3.78998413615418,0,0
"2019","R",158,3.17758151458888,0,0
"2019","R",159,3.05067613570061,0,0
"2019","R",160,2.48877457178711,0,0
"2019","R",161,4.3754528603052,0.5,0.5
"2019","R",162,4.25253259889149,1,0.5
"2019","R",163,4.90444285059256,1.5,0.5
"2019","R",164,4.07148458948674,2,0.5
"2019","R",165,4.91839076175354,2.5,0.5
"2019","R",166,5.26262246084949,3,0.5
"2019","R",167,8.25785049651608,3.5,0.5
"2019","R",168,4.66210648278589,4.5,1
"2019","R",169,6.97924616747886,5.5,1
"2019","R",170,5.39110814494318,6.5,1
"2019","R",171,7.39156840825226,7.5,1
"2019","R",172,7.69464346308504,8.5,1
"2019","R",173,9.64364074383468,9.5,1
"2019","R",174,7.76589461517337,10.5,1
"2019","R",175,6.47011305564234,12,1.5
"2019","R",176,4.43076354249526,13.5,1.5
"2019","R",177,5.32061279099659,15,1.5
"2019","R",178,6.06184464126546,16.5,1.5
"2019","R",179,7.43389310418901,18,1.5
"2019","R",180,5.43178382675252,19.5,1.5
"2019","R",181,5.72269740239568,21,1.5
"2019","R",182,7.38366688222511,23,2
"2019","R",183,4.06035374412675,25,2
"2019","R",184,2.9821733404913,27,2
"2019","R",185,3.28730966298334,29,2
"2019","R",186,3.71818331269006,31,2
"2019","R",187,2.70094772284665,33,2
"2019","R",188,2.97461535907402,35,2
"2019","R",189,2.93950509994468,37.5,2.5
"2019","R",190,3.10440651268525,40,2.5
"2019","R",191,3.50889593635348,42.5,2.5
"2019","R",192,3.35924790429141,45,2.5
"2019","R",193,3.72402357105796,47.5,2.5
"2019","R",194,4.39510361199012,50,2.5
"2019","R",195,4.36679553613632,52.5,2.5
"2019","R",196,5.07456614140326,55.5,3
"2019","R",197,6.45101197533322,58.5,3
"2019","R",198,7.65183780469447,61.5,3
"2019","R",199,10.9880682201242,64.5,3
"2019","R",200,11.1678794689334,67.5,3
"2019","R",201,15.1109470832484,70.5,3
"2019","R",202,15.975099194931,73.5,3
"2019","R",203,16.6089390001526,77,3.5
"2019","R",204,18.5132754816183,80.5,3.5
"2019","R",205,22.9405348690928,84,3.5
"2019","R",206,32.8441014647598,87.5,3.5
"2019","R",207,37.2382431518423,91,3.5
"2019","R",208,41.3976064525353,94.5,3.5
"2019","R",209,49.0337786230195,98,3.5
"2019","R",210,43.7733548476732,102,4
"2019","R",211,33.7833524281613,106,4
"2019","R",212,35.2608003773949,110,4
"2019","R",213,30.1920744943595,114,4
"2019","R",214,28.6764930934297,118,4
"2019","R",215,25.7722356704583,122,4
"2019","R",216,23.8099775677675,126,4
"2019","R",217,23.356292555965,130.5,4.5
"2019","R",218,27.9656305866739,135,4.5
"2019","R",219,27.4537491179584,139.5,4.5
"2019","R",220,30.2087020534775,144,4.5
"2019","R",221,28.9505729831889,148.5,4.5
"2019","R",222,28.4484481813939,153,4.5
"2019","R",223,14.7878090231988,157.5,4.5
"2019","R",224,9.01536636129309,162.5,5
"2019","R",225,5.2101288444604,167.5,5
"2019","R",226,2.73124835743773,172.5,5
"2019","R",227,4.40499769675455,177.5,5
"2019","R",228,7.27304551784498,182.5,5
"2019","R",229,7.92880346917666,187.5,5
"2019","R",230,4.85139956282768,192.5,5
"2019","R",231,3.98910259203843,197.5,5
"2019","R",232,2.50636405581277,202.5,5
"2019","R",233,2.43820480521333,207.5,5
"2019","R",234,4.31533255357686,212.5,5
"2019","R",235,4.36308525434965,217.5,5
"2019","R",236,5.979874897349,222.5,5
"2019","R",237,7.20543593862134,227.5,5
"2019","R",238,9.90514690087244,227.5,0
"2019","R",239,13.7632902876261,227.5,0
"2019","R",240,16.9704853475863,227.5,0
"2019","R",241,13.5621792730045,227.5,0
"2019","R",242,16.9134569423468,227.5,0
"2019","R",243,17.9044457239957,227.5,0
"2019","R",244,15.2335925089742,227.5,0
"2019","R",245,15.8574695205094,227.5,0
"2019","R",246,14.4290797415661,227.5,0
"2019","R",247,15.0838070590682,227.5,0
"2019","R",248,14.1805595707817,227.5,0
"2013","T",137,NA,0,0
"2013","T",138,NA,0,0
"2013","T",139,NA,0,0
"2013","T",140,NA,0,0
"2013","T",141,NA,0,0
"2013","T",142,NA,0,0
"2013","T",143,NA,0,0
"2013","T",144,8.927863586,0,0
"2013","T",145,NA,0,0
"2013","T",146,NA,0,0
"2013","T",147,6.403399118,0,0
"2013","T",148,7.726156222,0,0
"2013","T",149,8.722245636,0,0
"2013","T",150,5.087651064,0,0
"2013","T",151,5.403805179,0,0
"2013","T",152,6.207030816,0,0
"2013","T",153,9.472903399,0,0
"2013","T",154,7.984399498,0.5,0.5
"2013","T",155,7.770680925,1,0.5
"2013","T",156,9.920563378,1.5,0.5
"2013","T",157,11.34161953,2,0.5
"2013","T",158,11.6694937,2.5,0.5
"2013","T",159,7.180829153,3,0.5
"2013","T",160,7.184620935,3.5,0.5
"2013","T",161,5.680317946,4.3125,0.8125
"2013","T",162,5.337046851,5.125,0.8125
"2013","T",163,5.011987795,5.9375,0.8125
"2013","T",164,4.901336728,6.75,0.8125
"2013","T",165,5.134761072,7.5625,0.8125
"2013","T",166,7.891098702,8.375,0.8125
"2013","T",167,7.356572464,9.1875,0.8125
"2013","T",168,7.625329315,10.3125,1.125
"2013","T",169,6.685599557,11.4375,1.125
"2013","T",170,6.087245003,12.5625,1.125
"2013","T",171,5.274482462,13.6875,1.125
"2013","T",172,6.795159051,14.8125,1.125
"2013","T",173,6.978141216,15.9375,1.125
"2013","T",174,8.915626474,17.0625,1.125
"2013","T",175,11.72694493,18.5,1.4375
"2013","T",176,9.552013741,19.9375,1.4375
"2013","T",177,7.07605,21.375,1.4375
"2013","T",178,4.600751896,22.8125,1.4375
"2013","T",179,4.69209935,24.25,1.4375
"2013","T",180,5.050020509,25.6875,1.4375
"2013","T",181,5.809755566,27.125,1.4375
"2013","T",182,7.01663354,28.875,1.75
"2013","T",183,6.582244795,30.625,1.75
"2013","T",184,5.966252714,32.375,1.75
"2013","T",185,4.332282301,34.125,1.75
"2013","T",186,4.780689146,35.875,1.75
"2013","T",187,4.123159826,37.625,1.75
"2013","T",188,4.82481169,39.375,1.75
"2013","T",189,6.791539624,41.4375,2.0625
"2013","T",190,8.047423497,43.5,2.0625
"2013","T",191,10.93118795,45.5625,2.0625
"2013","T",192,10.31806843,47.625,2.0625
"2013","T",193,8.978650473,49.6875,2.0625
"2013","T",194,9.718507404,51.75,2.0625
"2013","T",195,10.75624896,53.8125,2.0625
"2013","T",196,7.664970663,56.1875,2.375
"2013","T",197,6.493137938,58.5625,2.375
"2013","T",198,5.54823757,60.9375,2.375
"2013","T",199,6.591494443,63.3125,2.375
"2013","T",200,8.49669211,65.6875,2.375
"2013","T",201,8.168243432,68.0625,2.375
"2013","T",202,11.72125726,70.4375,2.375
"2013","T",203,9.457046859,73.125,2.6875
"2013","T",204,12.33627267,75.8125,2.6875
"2013","T",205,13.50649676,78.5,2.6875
"2013","T",206,12.20557112,81.1875,2.6875
"2013","T",207,13.50873736,83.875,2.6875
"2013","T",208,18.06214944,86.5625,2.6875
"2013","T",209,18.24220159,89.25,2.6875
"2013","T",210,21.4884833,92.25,3
"2013","T",211,23.26366884,95.25,3
"2013","T",212,20.73070159,98.25,3
"2013","T",213,17.79006042,101.25,3
"2013","T",214,22.24396697,104.25,3
"2013","T",215,21.30383505,107.25,3
"2013","T",216,18.53508796,110.25,3
"2013","T",217,21.81032509,113.5625,3.3125
"2013","T",218,30.52274657,116.875,3.3125
"2013","T",219,23.71810806,120.1875,3.3125
"2013","T",220,22.85582256,123.5,3.3125
"2013","T",221,14.2959341,126.8125,3.3125
"2013","T",222,14.50413736,130.125,3.3125
"2013","T",223,20.40041447,133.4375,3.3125
"2013","T",224,22.38926113,137.0625,3.625
"2013","T",225,16.05646957,140.6875,3.625
"2013","T",226,28.84620479,144.3125,3.625
"2013","T",227,16.57467966,147.9375,3.625
"2013","T",228,18.56323906,151.5625,3.625
"2013","T",229,21.27510944,155.1875,3.625
"2013","T",230,22.19806344,158.8125,3.625
"2013","T",231,18.83343219,162.75,3.9375
"2013","T",232,22.25074622,166.6875,3.9375
"2013","T",233,21.64699125,170.625,3.9375
"2013","T",234,15.68108324,174.5625,3.9375
"2013","T",235,15.31735951,178.5,3.9375
"2013","T",236,16.26944128,182.4375,3.9375
"2013","T",237,15.93582199,186.375,3.9375
"2013","T",238,19.53157953,190.625,4.25
"2013","T",239,15.12805771,194.875,4.25
"2013","T",240,10.08901038,199.125,4.25
"2013","T",241,11.80812352,203.375,4.25
"2013","T",242,14.60168954,207.625,4.25
"2013","T",243,11.41291651,211.875,4.25
"2013","T",244,13.36861381,216.125,4.25
"2013","T",245,NA,220.6875,4.5625
"2013","T",246,NA,225.25,4.5625
"2013","T",247,NA,229.8125,4.5625
"2013","T",248,NA,234.375,4.5625
"2013","T",249,NA,238.9375,4.5625
"2014","T",136,NA,0,0
"2014","T",137,NA,0,0
"2014","T",138,NA,0,0
"2014","T",139,NA,0,0
"2014","T",140,NA,0,0
"2014","T",141,NA,0,0
"2014","T",142,NA,0,0
"2014","T",143,NA,0,0
"2014","T",144,NA,0,0
"2014","T",145,NA,0,0
"2014","T",146,4.57676600743007,0,0
"2014","T",147,4.8352965393981,0,0
"2014","T",148,6.04375442266067,0,0
"2014","T",149,1.77662181568432,0,0
"2014","T",150,3.85219110316767,0,0
"2014","T",151,3.75248449467199,0,0
"2014","T",152,4.60192964587496,0,0
"2014","T",153,8.94834494932151,3,3
"2014","T",154,10.9136940533425,6,3
"2014","T",155,8.72868017399268,9,3
"2014","T",156,10.3294150510947,12,3
"2014","T",157,8.89663884292791,15,3
"2014","T",158,9.81993754942974,18,3
"2014","T",159,12.0651028658841,21,3
"2014","T",160,10.6488726117632,24,3
"2014","T",161,7.45515877351815,27,3
"2014","T",162,9.53391660422911,30,3
"2014","T",163,10.7193652701465,33,3
"2014","T",164,11.4961633418665,36,3
"2014","T",165,12.7675303212413,39,3
"2014","T",166,13.1218033268815,42,3
"2014","T",167,12.0192567848818,45,3
"2014","T",168,12.6877305637071,48,3
"2014","T",169,13.7368474624334,51,3
"2014","T",170,14.8335339790418,54,3
"2014","T",171,14.071299793956,57,3
"2014","T",172,16.8816128532925,60,3
"2014","T",173,13.5882785833958,63,3
"2014","T",174,13.4956384761072,66,3
"2014","T",175,14.4963239885115,69,3
"2014","T",176,12.0794082219863,72,3
"2014","T",177,8.92835192151598,75,3
"2014","T",178,5.12795310158591,78,3
"2014","T",179,13.5876753454878,81,3
"2014","T",180,11.3163122684607,84,3
"2014","T",181,10.5947535537379,87,3
"2014","T",182,11.5713957266692,90,3
"2014","T",183,10.4393767040251,93,3
"2014","T",184,11.4820303394522,96,3
"2014","T",185,12.1448164465743,99,3
"2014","T",186,10.2085089389777,102,3
"2014","T",187,15.8599001909549,105,3
"2014","T",188,16.3461099447428,108,3
"2014","T",189,9.62638435782967,111,3
"2014","T",190,19.813262908966,114,3
"2014","T",191,9.92766154738481,117,3
"2014","T",192,11.5053661272092,120,3
"2014","T",193,10.8806483269711,123,3
"2014","T",194,10.9501385318742,126,3
"2014","T",195,10.834625950896,129,3
"2014","T",196,11.8694103129594,132,3
"2014","T",197,10.880392857367,135,3
"2014","T",198,13.8377605467449,138,3
"2014","T",199,11.8066585107601,141,3
"2014","T",200,12.3720647841742,144,3
"2014","T",201,8.47351053894023,147,3
"2014","T",202,11.7344223081334,150,3
"2014","T",203,6.58115322177822,153,3
"2014","T",204,7.65414110628954,156,3
"2014","T",205,16.4348720940518,159,3
"2014","T",206,14.5109740519897,162,3
"2014","T",207,14.1499792525183,165,3
"2014","T",208,13.7647687598859,168,3
"2014","T",209,15.8318927166583,171,3
"2014","T",210,13.0170122845904,174,3
"2014","T",211,9.67059307879621,177,3
"2014","T",212,9.22083613001582,180,3
"2014","T",213,9.88258811500999,183,3
"2014","T",214,9.07390461101399,186,3
"2014","T",215,8.31589309128372,189,3
"2014","T",216,7.7588459717366,192,3
"2014","T",217,10.4996143179737,195,3
"2014","T",218,10.4435993693806,198,3
"2014","T",219,11.33811500999,201,3
"2014","T",220,11.0707082630911,204,3
"2014","T",221,11.079239770646,207,3
"2014","T",222,12.0604493163087,210,3
"2014","T",223,15.8662410831356,213,3
"2014","T",224,18.0874742282457,216,3
"2014","T",225,11.6520572526432,219,3
"2014","T",226,12.2817514516733,222,3
"2014","T",227,9.76176817973693,225,3
"2014","T",228,11.0365822328713,228,3
"2014","T",229,12.0364921536797,231,3
"2014","T",230,13.0340752997003,234,3
"2014","T",231,19.5367231401411,237,3
"2014","T",232,15.4638926015391,240,3
"2014","T",233,11.6904059482184,243,3
"2014","T",234,17.8922948795996,246,3
"2014","T",235,20.3778074139402,249,3
"2014","T",236,18.2683706267691,252,3
"2014","T",237,16.1206713208666,255,3
"2014","T",238,16.1897851497461,258,3
"2014","T",239,16.028462097798,261,3
"2014","T",240,16.3971266363844,264,3
"2014","T",241,16.3947998615967,267,3
"2014","T",242,NA,267,0
"2014","T",243,NA,267,0
"2014","T",244,NA,267,0
"2014","T",245,NA,267,0
"2014","T",246,NA,267,0
"2014","T",247,NA,267,0
"2014","T",248,NA,267,0
"2014","T",249,NA,267,0
"2014","T",250,NA,267,0
"2015","T",129,NA,0,0
"2015","T",130,NA,0,0
"2015","T",131,NA,0,0
"2015","T",132,NA,0,0
"2015","T",133,NA,0,0
"2015","T",134,NA,0,0
"2015","T",135,NA,0,0
"2015","T",136,NA,0,0
"2015","T",137,NA,0,0
"2015","T",138,NA,0,0
"2015","T",139,NA,0,0
"2015","T",140,NA,0,0
"2015","T",141,NA,0,0
"2015","T",142,NA,0,0
"2015","T",143,NA,0,0
"2015","T",144,NA,0,0
"2015","T",145,6.70414320953422,0,0
"2015","T",146,6.57529503695387,0,0
"2015","T",147,7.05870089942501,0,0
"2015","T",148,5.65290390093209,0,0
"2015","T",149,6.36100268389663,0,0
"2015","T",150,6.23650867368353,0,0
"2015","T",151,5.54131285032023,0,0
"2015","T",152,5.02042428120629,3,3
"2015","T",153,5.95107956735327,6,3
"2015","T",154,7.58083128065088,9,3
"2015","T",155,9.67312046975791,12,3
"2015","T",156,9.67788439884219,15,3
"2015","T",157,9.86555129926291,18,3
"2015","T",158,11.390333135218,21,3
"2015","T",159,12.2111263673397,24,3
"2015","T",160,12.0207099635276,27,3
"2015","T",161,11.2407328590118,30,3
"2015","T",162,9.81829205923014,33,3
"2015","T",163,9.86122372481242,36,3
"2015","T",164,10.1314046608842,39,3
"2015","T",165,11.3679695692376,42,3
"2015","T",166,12.1472793952426,45,3
"2015","T",167,11.9676123297746,48,3
"2015","T",168,13.3953834594672,51,3
"2015","T",169,12.3136462463531,54,3
"2015","T",170,11.9065383209954,57,3
"2015","T",171,12.0916371414567,60,3
"2015","T",172,13.9782844344222,63,3
"2015","T",173,13.9841494160591,66,3
"2015","T",174,14.5726025736304,69,3
"2015","T",175,8.85799906587791,72,3
"2015","T",176,14.6367826766845,75,3
"2015","T",177,8.82054138315675,78,3
"2015","T",178,7.17787732628729,81,3
"2015","T",179,7.18726129690637,84,3
"2015","T",180,10.5643106854688,87,3
"2015","T",181,11.426917326674,90,3
"2015","T",182,10.4429540494327,93,3
"2015","T",183,8.44822452886935,96,3
"2015","T",184,12.2018987962309,99,3
"2015","T",185,7.40317082090031,102,3
"2015","T",186,6.9805793440212,105,3
"2015","T",187,11.7458378241437,108,3
"2015","T",188,10.7862486285879,111,3
"2015","T",189,8.50689702316758,114,3
"2015","T",190,8.07914123445777,117,3
"2015","T",191,7.02618153124215,120,3
"2015","T",192,8.31741901641738,123,3
"2015","T",193,8.65827689120188,126,3
"2015","T",194,8.05363638431267,129,3
"2015","T",195,9.18901862946585,132,3
"2015","T",196,7.82740449263775,135,3
"2015","T",197,7.66498360117256,138,3
"2015","T",198,7.54643277235155,141,3
"2015","T",199,7.64652845895504,144,3
"2015","T",200,7.70768066748936,147,3
"2015","T",201,7.59820101026679,150,3
"2015","T",202,7.47832078560808,153,3
"2015","T",203,7.42107856483171,156,3
"2015","T",204,7.14591865034892,159,3
"2015","T",205,7.88871310068239,162,3
"2015","T",206,8.18188398277339,165,3
"2015","T",207,6.86891009365418,168,3
"2015","T",208,6.45632114745745,171,3
"2015","T",209,5.68152501132028,174,3
"2015","T",210,6.43122606402939,177,3
"2015","T",211,5.08611207553983,180,3
"2015","T",212,5.00806871989117,183,3
"2015","T",213,6.38102182121732,186,3
"2015","T",214,9.00522496291816,189,3
"2015","T",215,7.63565947498549,192,3
"2015","T",216,11.2013298009816,195,3
"2015","T",217,8.20542210907625,198,3
"2015","T",218,11.3075281964777,201,3
"2015","T",219,11.2962674317348,204,3
"2015","T",220,14.1389067315187,207,3
"2015","T",221,16.738188393248,210,3
"2015","T",222,14.588391104197,213,3
"2015","T",223,20.0662620571519,216,3
"2015","T",224,14.5573536213744,219,3
"2015","T",225,18.157682078857,222,3
"2015","T",226,29.2209807100099,225,3
"2015","T",227,26.6331944122891,228,3
"2015","T",228,29.7549286382354,231,3
"2015","T",229,27.5999779853195,234,3
"2015","T",230,26.7689093053699,237,3
"2015","T",231,33.2113578162622,240,3
"2015","T",232,34.6427261346921,243,3
"2015","T",233,34.3951457098588,246,3
"2015","T",234,55.9282302904345,249,3
"2015","T",235,58.1951629927381,252,3
"2015","T",236,47.1127718913631,255,3
"2015","T",237,49.8470263304967,258,3
"2015","T",238,67.7405379064634,261,3
"2015","T",239,50.5432387506771,264,3
"2015","T",240,74.6591048446435,267,3
"2015","T",241,65.5012879174861,267,0
"2015","T",242,56.5944140046338,267,0
"2015","T",243,44.2173477568468,267,0
"2015","T",244,57.1683220077456,267,0
"2015","T",245,64.9390316778931,267,0
"2015","T",246,57.9718244920041,267,0
"2015","T",247,NA,267,0
