"lake","year","doy","avg.schmidt.stability"
"Paul",2009,146,92.7209496120227
"Paul",2009,147,76.654900115598
"Paul",2009,148,71.6521313748381
"Paul",2009,149,84.4598709279521
"Paul",2009,150,93.636122231061
"Paul",2009,151,81.5480361922647
"Paul",2009,152,71.8448876557948
"Paul",2009,153,64.9935543908438
"Paul",2009,154,68.8822368757907
"Paul",2009,155,79.2660665481085
"Paul",2009,156,90.4343330167338
"Paul",2009,157,90.2116178036398
"Paul",2009,158,85.3938719203995
"Paul",2009,159,71.2478056233199
"Paul",2009,160,66.8671368951871
"Paul",2009,161,69.3828834740976
"Paul",2009,162,67.0074444084475
"Paul",2009,163,72.2233685263795
"Paul",2009,164,88.3528749512433
"Paul",2009,165,91.9507124911894
"Paul",2009,166,103.41995085732
"Paul",2009,167,122.673744195691
"Paul",2009,168,133.359843265916
"Paul",2009,169,148.306505804956
"Paul",2009,170,153.411903898999
"Paul",2009,171,163.418300799224
"Paul",2009,172,179.347412954777
"Paul",2009,173,192.689010209444
"Paul",2009,174,205.072328602051
"Paul",2009,175,228.344870816647
"Paul",2009,176,223.284484388869
"Paul",2009,177,222.314370397243
"Paul",2009,178,208.678469595811
"Paul",2009,179,175.469653742475
"Paul",2009,180,142.33725015496
"Paul",2009,181,124.439054529741
"Paul",2009,182,113.839338470602
"Paul",2009,183,109.842088318224
"Paul",2009,184,109.724245291262
"Paul",2009,185,125.116169735231
"Paul",2009,186,137.778650509097
"Paul",2009,187,144.5634266898
"Paul",2009,188,146.075271544812
"Paul",2009,189,150.390613091744
"Paul",2009,190,161.192973646182
"Paul",2009,191,174.668362890784
"Paul",2009,192,180.643824423027
"Paul",2009,193,174.017561299283
"Paul",2009,194,169.857328527459
"Paul",2009,195,169.304800121258
"Paul",2009,196,160.685318063125
"Paul",2009,197,146.350810814673
"Paul",2009,198,134.860657032062
"Paul",2009,199,122.862683696328
"Paul",2009,200,116.739558928442
"Paul",2009,201,121.628447751992
"Paul",2009,202,133.753469124026
"Paul",2009,203,137.735065517763
"Paul",2009,204,147.877281092942
"Paul",2009,205,157.298076423546
"Paul",2009,206,153.915843042184
"Paul",2009,207,147.392018055641
"Paul",2009,208,157.964592651116
"Paul",2009,209,162.358768634992
"Paul",2009,210,150.231675064696
"Paul",2009,211,149.945152770212
"Paul",2009,212,142.223207633679
"Paul",2009,213,144.306977651993
"Paul",2009,214,131.344735643505
"Paul",2009,215,136.53807128125
"Paul",2009,216,143.133181235261
"Paul",2009,217,142.213721045258
"Paul",2009,218,143.668574621074
"Paul",2009,219,144.029063637778
"Paul",2009,220,139.175927520262
"Paul",2009,221,154.453677338265
"Paul",2009,222,156.347367442359
"Paul",2009,223,156.407899803389
"Paul",2009,224,163.044056649054
"Paul",2009,225,175.496340370524
"Paul",2009,226,190.945211147132
"Paul",2009,227,200.420268687586
"Paul",2009,228,203.842841080567
"Paul",2009,229,189.141156622715
"Paul",2009,230,178.923939617898
"Paul",2009,231,163.74449629725
"Paul",2009,232,147.744963430794
"Paul",2009,233,121.456218074649
"Paul",2009,234,111.800877065678
"Paul",2009,235,107.089425900453
"Paul",2009,236,115.344189841972
"Paul",2009,237,120.503736328372
"Paul",2009,238,114.624844139512
"Paul",2009,239,118.557498861921
"Paul",2009,240,121.839327702873
"Paul",2009,241,90.5528978785536
"Paul",2009,242,77.814914899568
"Paul",2009,243,72.5557283405385
"Paul",2010,134,36.4522999388065
"Paul",2010,135,32.2164578627285
"Paul",2010,136,44.921283589439
"Paul",2010,137,55.9432769872872
"Paul",2010,138,65.8926818247499
"Paul",2010,139,78.1658652753383
"Paul",2010,140,89.7193421761844
"Paul",2010,141,103.135504103114
"Paul",2010,142,101.859242760257
"Paul",2010,143,101.59659823823
"Paul",2010,144,119.188760353613
"Paul",2010,145,144.374534550921
"Paul",2010,146,145.954242752582
"Paul",2010,147,141.777589759466
"Paul",2010,148,143.153321415347
"Paul",2010,149,151.808374388016
"Paul",2010,150,167.478708051667
"Paul",2010,151,168.83256709543
"Paul",2010,152,171.678637865842
"Paul",2010,153,166.24517894796
"Paul",2010,154,151.837963246653
"Paul",2010,155,144.040330150897
"Paul",2010,156,134.979552966362
"Paul",2010,157,131.130556326574
"Paul",2010,158,121.285216801284
"Paul",2010,159,110.747133600518
"Paul",2010,160,106.219429109578
"Paul",2010,161,108.189934093303
"Paul",2010,162,111.917332641071
"Paul",2010,163,106.512265142691
"Paul",2010,164,106.293501348275
"Paul",2010,165,106.240461873087
"Paul",2010,166,111.554800167424
"Paul",2010,167,114.542323922096
"Paul",2010,168,111.597199916316
"Paul",2010,169,132.892579867927
"Paul",2010,170,146.148126891456
"Paul",2010,171,139.728969773438
"Paul",2010,172,156.453451216556
"Paul",2010,173,159.617501280833
"Paul",2010,174,178.304802694604
"Paul",2010,175,167.108520846203
"Paul",2010,176,178.781852464365
"Paul",2010,177,176.711068858755
"Paul",2010,178,181.78363231062
"Paul",2010,179,179.019020309185
"Paul",2010,180,164.113864478918
"Paul",2010,181,159.059406623877
"Paul",2010,182,161.605331833883
"Paul",2010,183,168.364485249675
"Paul",2010,184,182.131580583002
"Paul",2010,185,206.57211882116
"Paul",2010,186,200.895072523118
"Paul",2010,187,201.258779781152
"Paul",2010,188,215.190759996873
"Paul",2010,189,221.387453105544
"Paul",2010,190,226.774055198812
"Paul",2010,191,225.754125750183
"Paul",2010,192,225.591629086974
"Paul",2010,193,210.540459889371
"Paul",2010,194,207.51909704835
"Paul",2010,195,195.539315883753
"Paul",2010,196,190.079946368471
"Paul",2010,197,200.139009601101
"Paul",2010,198,207.384393754424
"Paul",2010,199,214.040855271101
"Paul",2010,200,213.79549289695
"Paul",2010,201,211.430348795138
"Paul",2010,202,204.881394767731
"Paul",2010,203,207.60453960761
"Paul",2010,204,198.187704793484
"Paul",2010,205,201.011937276263
"Paul",2010,206,191.662092275615
"Paul",2010,207,199.929696949171
"Paul",2010,208,205.299430719931
"Paul",2010,209,200.881497142495
"Paul",2010,210,200.579670132089
"Paul",2010,211,203.20533588885
"Paul",2010,212,208.245130793474
"Paul",2010,213,205.205923613264
"Paul",2010,214,203.157968964084
"Paul",2010,215,202.891169277125
"Paul",2010,216,214.044335496642
"Paul",2010,217,213.244028681805
"Paul",2010,218,200.105239900355
"Paul",2010,219,193.034236600376
"Paul",2010,220,197.508468895076
"Paul",2010,221,205.225573347751
"Paul",2010,222,219.097083875985
"Paul",2010,223,224.093385075647
"Paul",2010,224,230.109459934932
"Paul",2010,225,238.865831365404
"Paul",2010,226,229.406115717175
"Paul",2010,227,209.301881818642
"Paul",2010,228,182.047846938815
"Paul",2010,229,160.955411081152
"Paul",2010,230,150.199914605173
"Paul",2010,231,143.287630076098
"Paul",2010,232,141.740748671646
"Paul",2010,233,143.613812034137
"Paul",2010,234,144.523674414316
"Paul",2010,235,154.746224454409
"Paul",2010,236,165.634198795905
"Paul",2010,237,147.121274220467
"Paul",2010,238,134.674886192798
"Paul",2010,239,135.255393457414
"Paul",2010,240,141.091383929894
"Paul",2010,241,146.932339906349
"Paul",2010,242,159.967241858305
"Paul",2010,243,174.387181961136
"Paul",2010,244,170.241649867763
"Paul",2010,245,158.179690138026
"Paul",2010,246,113.755624405418
"Paul",2010,247,98.2360335635235
"Paul",2011,152,85.4516615357282
"Paul",2011,153,86.5346526663707
"Paul",2011,154,97.0785386260867
"Paul",2011,155,106.4734244492
"Paul",2011,156,121.112670155122
"Paul",2011,157,134.984526861981
"Paul",2011,158,156.115406785775
"Paul",2011,159,176.486959518189
"Paul",2011,160,146.933059859562
"Paul",2011,161,116.45408776187
"Paul",2011,162,107.345711013728
"Paul",2011,163,107.115628837028
"Paul",2011,164,116.697151372213
"Paul",2011,165,131.112535997141
"Paul",2011,166,137.550151802077
"Paul",2011,167,136.322234713851
"Paul",2011,168,132.668517728855
"Paul",2011,169,144.577853324702
"Paul",2011,170,133.249334218108
"Paul",2011,171,126.373323433474
"Paul",2011,172,120.139050742274
"Paul",2011,173,116.484312566529
"Paul",2011,179,125.72340076193
"Paul",2011,180,125.543599945737
"Paul",2011,181,144.288954579287
"Paul",2011,182,160.539961587756
"Paul",2011,183,177.186703796124
"Paul",2011,184,182.873308519407
"Paul",2011,185,191.148913775822
"Paul",2011,186,207.108984922543
"Paul",2011,187,204.916541348509
"Paul",2011,188,210.422695806942
"Paul",2011,189,205.16707192828
"Paul",2011,190,209.250697549746
"Paul",2011,191,209.176936738073
"Paul",2011,192,229.082855020465
"Paul",2011,193,226.074207436957
"Paul",2011,194,208.108732051608
"Paul",2011,195,193.027761804059
"Paul",2011,196,184.332753767118
"Paul",2011,197,188.764537762676
"Paul",2011,198,208.028456778133
"Paul",2011,199,226.527943747547
"Paul",2011,200,235.494903638313
"Paul",2011,201,242.344317942557
"Paul",2011,202,256.317960562666
"Paul",2011,203,254.958017128573
"Paul",2011,204,251.646324796312
"Paul",2011,205,238.350394821926
"Paul",2011,206,234.009086052071
"Paul",2011,207,226.451143718111
"Paul",2011,208,222.11933808991
"Paul",2011,209,218.443526593678
"Paul",2011,210,226.156636002048
"Paul",2011,211,235.680244448719
"Paul",2011,212,230.973109736515
"Paul",2011,213,237.022802164775
"Paul",2011,214,231.606441961299
"Paul",2011,215,223.704040279323
"Paul",2011,216,226.661108233818
"Paul",2011,217,234.514992354652
"Paul",2011,218,246.199218017287
"Paul",2011,219,244.051677427946
"Paul",2011,220,240.797573355737
"Paul",2011,221,227.207356536984
"Paul",2011,222,209.862190125768
"Paul",2011,223,202.838120367859
"Paul",2011,224,204.99358444591
"Paul",2011,225,208.251884787508
"Paul",2011,226,198.459244704343
"Paul",2011,227,206.59080015799
"Paul",2011,228,219.274017732136
"Paul",2011,229,224.147698985347
"Paul",2011,230,220.150379825286
"Paul",2011,231,219.94413972686
"Paul",2011,232,211.998662431385
"Paul",2011,233,203.426219754275
"Paul",2011,234,192.717034221631
"Paul",2011,235,191.057031518991
"Paul",2011,236,191.175763882173
"Paul",2011,237,179.620305820999
"Paul",2011,238,183.870892475886
"Paul",2011,239,184.082329810865
"Paul",2011,240,184.079227378831
"Paul",2011,241,178.071535455462
"Paul",2011,242,183.500261624449
"Paul",2011,243,181.828180580126
"Paul",2011,244,176.907704273159
"Paul",2011,245,189.998704954051
"Paul",2011,246,189.848016127276
"Paul",2013,137,35.094463604598
"Paul",2013,138,40.2449522854634
"Paul",2013,139,44.5049623324241
"Paul",2013,140,55.230434796567
"Paul",2013,141,65.911866063301
"Paul",2013,142,50.3349697561525
"Paul",2013,143,40.6471034741872
"Paul",2013,144,40.2682186700806
"Paul",2013,145,48.2325070254797
"Paul",2013,146,56.3327086542621
"Paul",2013,147,62.27884479435
"Paul",2013,148,68.2897743970012
"Paul",2013,149,67.801245390567
"Paul",2013,150,83.9242574330578
"Paul",2013,151,97.2138406567607
"Paul",2013,152,91.5131716615714
"Paul",2013,153,75.0233129597356
"Paul",2013,154,73.3923135898977
"Paul",2013,155,78.6589123570343
"Paul",2013,156,69.9034804000994
"Paul",2013,157,65.2832369709304
"Paul",2013,158,62.7934720692084
"Paul",2013,159,71.4119654491326
"Paul",2013,160,81.4444602607076
"Paul",2013,161,81.0442973502665
"Paul",2013,162,94.6874038970902
"Paul",2013,163,105.310282294046
"Paul",2013,164,112.767266696221
"Paul",2013,165,115.203365980266
"Paul",2013,166,128.664903260979
"Paul",2013,167,120.141640037241
"Paul",2013,168,126.605422965393
"Paul",2013,169,119.223439642527
"Paul",2013,170,127.047801256794
"Paul",2013,171,137.808127665945
"Paul",2013,172,132.252053305926
"Paul",2013,173,128.032619438166
"Paul",2013,174,133.231545205172
"Paul",2013,175,150.216870845456
"Paul",2013,176,170.315233561343
"Paul",2013,177,186.503710243881
"Paul",2013,178,187.822591537392
"Paul",2013,179,178.328515761587
"Paul",2013,180,166.163505940196
"Paul",2013,181,152.177700139812
"Paul",2013,182,162.419630324125
"Paul",2013,183,165.56083764029
"Paul",2013,184,170.666316583404
"Paul",2013,185,184.422882461535
"Paul",2013,186,194.644559438525
"Paul",2013,187,200.76918257721
"Paul",2013,188,212.024264518791
"Paul",2013,189,220.972335775242
"Paul",2013,190,224.643858705524
"Paul",2013,191,202.371960109521
"Paul",2013,192,190.568763042155
"Paul",2013,193,198.93411382509
"Paul",2013,194,205.516256178848
"Paul",2013,195,216.418226353571
"Paul",2013,196,225.818716820935
"Paul",2013,197,244.784197100161
"Paul",2013,198,254.159549923536
"Paul",2013,199,261.634112450419
"Paul",2013,200,262.446943650483
"Paul",2013,201,242.968099241152
"Paul",2013,202,224.237419160213
"Paul",2013,203,215.572528407059
"Paul",2013,204,193.081102000986
"Paul",2013,205,183.330538838559
"Paul",2013,206,174.878170141684
"Paul",2013,207,168.855243511608
"Paul",2013,208,144.01845969691
"Paul",2013,209,119.629921049967
"Paul",2013,210,110.952689220757
"Paul",2013,211,123.810517024354
"Paul",2013,212,128.153294138019
"Paul",2013,213,130.605380611125
"Paul",2013,214,139.285027136588
"Paul",2013,215,142.515769408577
"Paul",2013,216,139.514024713931
"Paul",2013,217,136.867324297647
"Paul",2013,218,134.103630128349
"Paul",2013,219,147.708615166026
"Paul",2013,220,143.080601245763
"Paul",2013,221,140.020679925248
"Paul",2013,222,136.721038089337
"Paul",2013,223,138.689701099631
"Paul",2013,224,142.189838980345
"Paul",2013,225,136.494800664599
"Paul",2013,226,128.847136741492
"Paul",2013,227,126.631747721555
"Paul",2013,228,131.932539093716
"Paul",2013,229,141.494862311316
"Paul",2013,230,149.364050159491
"Paul",2013,231,155.576147407389
"Paul",2013,232,166.227813529103
"Paul",2013,233,177.232415556616
"Paul",2013,234,176.881100257868
"Paul",2013,235,173.6549459803
"Paul",2013,236,177.719911602963
"Paul",2013,237,182.567293966669
"Paul",2013,238,199.759565278136
"Paul",2013,239,210.090068653604
"Paul",2013,240,209.020922943237
"Paul",2013,241,219.838641514982
"Paul",2013,242,208.758076355696
"Paul",2013,243,196.66539186683
"Paul",2013,244,190.341886139786
"Paul",2013,245,157.285656562867
"Paul",2013,246,143.514143588952
"Paul",2013,247,145.945023507157
"Paul",2013,248,139.194302476624
"Paul",2013,249,139.10140292392
"Paul",2014,136,9.08162034778852
"Paul",2014,137,9.79860239582777
"Paul",2014,138,15.9469912747
"Paul",2014,139,23.5994398123164
"Paul",2014,140,24.7218110203406
"Paul",2014,141,31.4226956211705
"Paul",2014,142,34.3137600719418
"Paul",2014,143,39.5799552978819
"Paul",2014,144,53.2977628752199
"Paul",2014,145,67.9344207103285
"Paul",2014,146,85.3463600225047
"Paul",2014,147,93.1548575125971
"Paul",2014,148,87.9751262817587
"Paul",2014,149,98.0113753337341
"Paul",2014,150,112.994007111462
"Paul",2014,151,125.90071739248
"Paul",2014,152,137.530299894419
"Paul",2014,153,140.652013710505
"Paul",2014,154,123.455095635488
"Paul",2014,155,115.566422687901
"Paul",2014,156,119.592725096512
"Paul",2014,157,129.764868911836
"Paul",2014,158,126.549356700837
"Paul",2014,159,114.011385176514
"Paul",2014,160,120.383296191574
"Paul",2014,161,113.862865836984
"Paul",2014,162,123.668508160673
"Paul",2014,163,121.059428051434
"Paul",2014,164,106.020644679453
"Paul",2014,165,112.482041749767
"Paul",2014,166,103.720337482016
"Paul",2014,167,105.893327596308
"Paul",2014,168,130.100816057288
"Paul",2014,169,150.709757260788
"Paul",2014,170,138.947660771738
"Paul",2014,171,141.226490444809
"Paul",2014,172,133.709355883597
"Paul",2014,173,138.545830773265
"Paul",2014,174,156.040628562209
"Paul",2014,175,168.16694434288
"Paul",2014,176,160.405868311543
"Paul",2014,177,148.956397903387
"Paul",2014,178,155.772958640228
"Paul",2014,179,166.955334034959
"Paul",2014,180,184.818370138013
"Paul",2014,181,188.185234401645
"Paul",2014,182,184.247651985917
"Paul",2014,183,167.547620975028
"Paul",2014,184,165.19776654182
"Paul",2014,185,162.948068545424
"Paul",2014,186,171.848744913466
"Paul",2014,187,184.709396726407
"Paul",2014,188,183.327077417222
"Paul",2014,189,174.302729365782
"Paul",2014,190,161.854367905327
"Paul",2014,191,159.504639168938
"Paul",2014,192,169.108091478675
"Paul",2014,193,168.518232261146
"Paul",2014,194,171.972841449485
"Paul",2014,195,165.737553640454
"Paul",2014,196,151.019138927411
"Paul",2014,197,141.618124646004
"Paul",2014,198,144.865885883134
"Paul",2014,199,154.756882900473
"Paul",2014,200,163.622151542132
"Paul",2014,201,168.680378114422
"Paul",2014,202,182.345474350093
"Paul",2014,203,199.039027199139
"Paul",2014,204,185.664517450774
"Paul",2014,205,179.4835952693
"Paul",2014,206,188.568687823642
"Paul",2014,207,186.664651418631
"Paul",2014,208,184.729071679365
"Paul",2014,209,170.811257610732
"Paul",2014,210,170.097905664197
"Paul",2014,211,169.357492259775
"Paul",2014,212,170.613717539303
"Paul",2014,213,176.571879885467
"Paul",2014,214,177.749579529959
"Paul",2014,215,187.060336065997
"Paul",2014,216,193.971265745919
"Paul",2014,217,187.194788720387
"Paul",2014,218,186.760474791689
"Paul",2014,219,192.099462334045
"Paul",2014,220,198.319435245974
"Paul",2014,221,203.746953121357
"Paul",2014,222,209.650720360521
"Paul",2014,223,194.203332718868
"Paul",2014,224,178.579253935914
"Paul",2014,225,179.823847441036
"Paul",2014,226,171.118854068012
"Paul",2014,227,166.501443710198
"Paul",2014,228,178.249237246579
"Paul",2014,229,167.401922435159
"Paul",2014,230,163.575103722176
"Paul",2014,231,160.238241552785
"Paul",2014,232,152.880526396933
"Paul",2014,233,152.257585135786
"Paul",2014,234,154.798281082299
"Paul",2014,235,158.176728820711
"Paul",2014,236,161.684774180835
"Paul",2014,237,170.69608556934
"Paul",2014,238,171.218583610427
"Paul",2014,239,164.548154756867
"Paul",2014,240,156.205454207889
"Paul",2014,241,158.703344730395
"Paul",2014,242,147.804561779471
"Paul",2014,243,139.424805076223
"Paul",2014,244,147.487618107712
"Paul",2014,245,138.904932949347
"Paul",2014,246,138.504308183187
"Paul",2014,247,139.808081949507
"Paul",2014,248,131.916778414671
"Paul",2014,249,120.673577175999
"Paul",2014,250,117.637416256128
"Paul",2015,129,74.0802576669022
"Paul",2015,130,66.1335811146169
"Paul",2015,131,65.4948407682911
"Paul",2015,132,53.6621018545889
"Paul",2015,133,46.7949625087323
"Paul",2015,134,51.0722379416817
"Paul",2015,135,49.9686538896907
"Paul",2015,136,50.9085193004284
"Paul",2015,137,65.5205850947773
"Paul",2015,138,62.5924070033784
"Paul",2015,139,48.672274594585
"Paul",2015,140,44.9417392710633
"Paul",2015,141,50.6824308401918
"Paul",2015,142,58.4354002213206
"Paul",2015,143,68.4307724011928
"Paul",2015,144,84.6662286476534
"Paul",2015,145,89.7178571270092
"Paul",2015,146,89.4576818578245
"Paul",2015,147,86.7704703193086
"Paul",2015,148,97.3586955925841
"Paul",2015,149,113.671485125014
"Paul",2015,150,101.943731730536
"Paul",2015,151,88.1270430007505
"Paul",2015,152,89.1846075535981
"Paul",2015,153,97.5650351438865
"Paul",2015,154,106.051886107718
"Paul",2015,155,117.514099630454
"Paul",2015,156,116.838449785285
"Paul",2015,157,119.406979013101
"Paul",2015,158,128.941542835237
"Paul",2015,159,128.723681267495
"Paul",2015,160,131.281604504173
"Paul",2015,161,138.341550752849
"Paul",2015,162,138.876767964712
"Paul",2015,163,134.494147823815
"Paul",2015,164,145.562242221832
"Paul",2015,165,141.343283127173
"Paul",2015,166,139.593736364726
"Paul",2015,167,135.726307490101
"Paul",2015,168,143.047789795594
"Paul",2015,169,138.557360376095
"Paul",2015,170,133.845054342285
"Paul",2015,171,140.242258682922
"Paul",2015,172,134.429344612371
"Paul",2015,173,145.340102191489
"Paul",2015,174,138.919581643516
"Paul",2015,175,158.42250897516
"Paul",2015,176,158.518285206375
"Paul",2015,177,162.409259462024
"Paul",2015,178,172.675618480535
"Paul",2015,179,184.604548327597
"Paul",2015,180,191.471894700267
"Paul",2015,181,172.246744577444
"Paul",2015,182,157.393998103419
"Paul",2015,183,160.833059725371
"Paul",2015,184,171.238294898711
"Paul",2015,185,171.238609549356
"Paul",2015,186,188.009949764713
"Paul",2015,187,182.59900661034
"Paul",2015,188,169.349461645819
"Paul",2015,189,167.672873731895
"Paul",2015,190,173.67253015232
"Paul",2015,191,176.470343321063
"Paul",2015,192,192.934955384636
"Paul",2015,193,206.056518323248
"Paul",2015,194,214.506892402085
"Paul",2015,195,204.083986636245
"Paul",2015,196,191.434449291874
"Paul",2015,197,198.87308580131
"Paul",2015,198,200.656142119759
"Paul",2015,199,210.307023657906
"Paul",2015,200,217.136205004885
"Paul",2015,201,215.489357131275
"Paul",2015,202,205.148955105726
"Paul",2015,203,198.638418890086
"Paul",2015,204,208.038523277738
"Paul",2015,205,217.959886426891
"Paul",2015,206,220.515486076522
"Paul",2015,207,232.537217393299
"Paul",2015,208,243.15141500925
"Paul",2015,209,251.238553977556
"Paul",2015,210,238.21613420226
"Paul",2015,211,219.531377645323
"Paul",2015,212,213.282309186296
"Paul",2015,213,202.595508695065
"Paul",2015,214,201.667951393692
"Paul",2015,215,191.001695991324
"Paul",2015,216,180.17730665334
"Paul",2015,217,168.045251755423
"Paul",2015,218,170.618023586613
"Paul",2015,219,170.740565759967
"Paul",2015,220,164.06424924586
"Paul",2015,221,165.111932587183
"Paul",2015,222,166.486869333173
"Paul",2015,223,169.824461789087
"Paul",2015,224,171.585864137268
"Paul",2015,225,183.737592876899
"Paul",2015,226,195.536851026401
"Paul",2015,227,207.703465028652
"Paul",2015,228,217.192760194853
"Paul",2015,229,212.733609524806
"Paul",2015,230,198.216398907154
"Paul",2015,231,183.085189215218
"Paul",2015,232,159.496075634646
"Paul",2015,233,148.080006223475
"Paul",2015,234,151.36841185085
"Paul",2015,235,140.181796201448
"Paul",2015,236,106.871751066447
"Paul",2015,237,89.1440292061289
"Paul",2015,238,83.6392487057554
"Paul",2015,239,85.5406310761072
"Paul",2015,240,95.5059181717838
"Paul",2015,241,96.879429768371
"Paul",2015,242,107.00372769186
"Paul",2015,243,117.859498036955
"Paul",2015,244,130.218715723921
"Paul",2015,245,133.571495130731
"Paul",2015,246,125.982887063932
"Paul",2015,247,133.104729379093
"Paul",2018,138,67.9444030071289
"Paul",2018,139,71.0125883491459
"Paul",2018,140,59.6906066149448
"Paul",2018,141,69.5188298869757
"Paul",2018,142,82.4767443582807
"Paul",2018,143,94.9945502392499
"Paul",2018,144,112.795119226652
"Paul",2018,145,117.350697762217
"Paul",2018,146,127.325681196655
"Paul",2018,147,143.029415234484
"Paul",2018,148,158.336050603126
"Paul",2018,149,168.937611674208
"Paul",2018,150,181.884611981998
"Paul",2018,151,171.974798587375
"Paul",2018,152,149.818205774159
"Paul",2018,153,132.027669109084
"Paul",2018,154,127.418762435695
"Paul",2018,155,115.255807924658
"Paul",2018,156,113.186674627887
"Paul",2018,157,118.628071125477
"Paul",2018,158,115.099180289297
"Paul",2018,159,127.56931487044
"Paul",2018,160,129.635056713575
"Paul",2018,161,131.782231431315
"Paul",2018,162,142.244375190787
"Paul",2018,163,154.525644607305
"Paul",2018,164,159.353714517048
"Paul",2018,165,166.539734779489
"Paul",2018,166,156.426936539463
"Paul",2018,167,150.892770992685
"Paul",2018,168,158.347465984422
"Paul",2018,169,173.506532501197
"Paul",2018,170,180.760118358104
"Paul",2018,171,184.625513673666
"Paul",2018,172,188.964390158249
"Paul",2018,173,192.192199797727
"Paul",2018,174,199.378511853466
"Paul",2018,175,202.326269355059
"Paul",2018,176,195.360963321924
"Paul",2018,177,200.677197472413
"Paul",2018,178,205.18556519946
"Paul",2018,179,209.404507642562
"Paul",2018,180,223.524899934873
"Paul",2018,181,242.394714934713
"Paul",2018,182,243.578022051197
"Paul",2018,183,225.636852441862
"Paul",2018,184,241.759783214032
"Paul",2018,185,242.722101951283
"Paul",2018,186,245.705180699309
"Paul",2018,187,237.362943927749
"Paul",2018,188,240.688136524641
"Paul",2018,189,236.736097135874
"Paul",2018,190,253.364177313392
"Paul",2018,191,253.468051011719
"Paul",2018,192,253.808865303059
"Paul",2018,193,239.96827974366
"Paul",2018,194,237.498992071478
"Paul",2018,195,237.581475411976
"Paul",2018,196,251.247555753633
"Paul",2018,197,258.550878970066
"Paul",2018,198,245.448259781474
"Paul",2018,199,237.839605020404
"Paul",2018,200,240.525890701847
"Paul",2018,201,224.446823093015
"Paul",2018,202,201.607873716263
"Paul",2018,203,191.858827187465
"Paul",2018,204,197.480496988798
"Paul",2018,205,210.97637107002
"Paul",2018,206,218.421817339374
"Paul",2018,207,205.00296712241
"Paul",2018,208,193.815599975603
"Paul",2018,209,184.13695622466
"Paul",2018,210,187.367350614668
"Paul",2018,211,193.239426090271
"Paul",2018,212,204.270804937335
"Paul",2018,213,204.638795200144
"Paul",2018,214,184.073608664721
"Paul",2018,215,173.99927376335
"Paul",2018,216,177.561788883326
"Paul",2018,217,178.155231597447
"Paul",2018,218,192.888825733902
"Paul",2018,219,192.222103683736
"Paul",2018,220,198.584110601151
"Paul",2018,221,206.832622377218
"Paul",2018,222,217.722817608365
"Paul",2018,223,225.794831604611
"Paul",2018,224,232.981180173339
"Paul",2018,225,241.558138916188
"Paul",2018,226,250.265438626854
"Paul",2018,227,244.118750676084
"Paul",2018,228,241.43796186962
"Paul",2018,229,233.952981486126
"Paul",2018,230,227.487268029854
"Paul",2018,231,224.42320803902
"Paul",2018,232,222.143630623666
"Paul",2018,233,204.552026445954
"Paul",2018,234,189.803116538281
"Peter",2009,142,88.024597301079
"Peter",2009,143,85.4795402291067
"Peter",2009,144,89.6601700700965
"Peter",2009,145,94.8345927535142
"Peter",2009,146,91.9735824529474
"Peter",2009,147,79.2502771193177
"Peter",2009,148,75.1993516773863
"Peter",2009,149,86.8976673903649
"Peter",2009,150,93.0297348596251
"Peter",2009,151,83.1215885976933
"Peter",2009,152,74.1413848317951
"Peter",2009,153,68.3933035580548
"Peter",2009,154,70.6477761346235
"Peter",2009,155,80.0425368531381
"Peter",2009,156,89.6764232976487
"Peter",2009,157,90.0717977239686
"Peter",2009,158,86.6837116168293
"Peter",2009,159,73.9816514986302
"Peter",2009,160,70.1585707449407
"Peter",2009,161,72.3851894869003
"Peter",2009,162,70.0366689463943
"Peter",2009,163,75.2506541708516
"Peter",2009,164,89.1622220504778
"Peter",2009,165,91.2012907174146
"Peter",2009,166,102.429165040433
"Peter",2009,167,118.52953487336
"Peter",2009,168,130.383990810354
"Peter",2009,169,143.072818859626
"Peter",2009,170,148.585890735078
"Peter",2009,171,159.087076323039
"Peter",2009,172,173.328139547874
"Peter",2009,173,186.325738454077
"Peter",2009,174,198.550046811256
"Peter",2009,175,221.335025664363
"Peter",2009,176,219.064207799778
"Peter",2009,177,219.206540187484
"Peter",2009,178,202.439920951588
"Peter",2009,179,174.230030842684
"Peter",2009,180,145.525326047189
"Peter",2009,181,128.224636118369
"Peter",2009,182,118.281379297381
"Peter",2009,183,114.075149518601
"Peter",2009,184,113.923147296117
"Peter",2009,185,127.382208380838
"Peter",2009,186,139.101547936814
"Peter",2009,187,144.606580025401
"Peter",2009,188,145.893433617303
"Peter",2009,189,149.53771586398
"Peter",2009,190,158.948221432055
"Peter",2009,191,168.818912885055
"Peter",2009,192,177.705962441962
"Peter",2009,193,172.914925898164
"Peter",2009,194,169.021314819501
"Peter",2009,195,169.308044475491
"Peter",2009,196,161.577890298392
"Peter",2009,197,148.029581314527
"Peter",2009,198,139.046093875148
"Peter",2009,199,127.218430478787
"Peter",2009,200,122.370952792466
"Peter",2009,201,127.402385833967
"Peter",2009,202,135.878914464875
"Peter",2009,203,139.398722454821
"Peter",2009,204,150.431748123249
"Peter",2009,205,156.758949912945
"Peter",2009,206,155.119070498683
"Peter",2009,207,158.332458810412
"Peter",2009,208,170.785804407719
"Peter",2009,209,160.122186727079
"Peter",2009,210,152.440340111561
"Peter",2009,211,151.197039990205
"Peter",2009,212,145.73854760203
"Peter",2009,213,144.899613492979
"Peter",2009,214,134.002887836431
"Peter",2009,215,135.986474871545
"Peter",2009,216,143.500877099512
"Peter",2009,217,141.914774944512
"Peter",2009,218,144.778224768531
"Peter",2009,219,144.543089028198
"Peter",2009,220,139.536520272771
"Peter",2009,221,150.95161213813
"Peter",2009,222,155.568056201016
"Peter",2009,223,156.022688781417
"Peter",2009,224,162.999777954562
"Peter",2009,225,172.953217856003
"Peter",2009,226,187.900473220373
"Peter",2009,227,195.729956515453
"Peter",2009,228,197.973406246139
"Peter",2009,229,186.28364743836
"Peter",2009,230,174.856506699304
"Peter",2009,231,162.845942988302
"Peter",2009,232,150.938240248555
"Peter",2009,233,126.771480527145
"Peter",2009,234,118.680847826148
"Peter",2009,235,114.136409911461
"Peter",2009,236,120.07204862167
"Peter",2009,237,121.123890796561
"Peter",2009,238,116.563632208345
"Peter",2009,239,119.2330712774
"Peter",2009,240,124.108384561386
"Peter",2009,241,94.7237313363333
"Peter",2009,242,84.2942658588126
"Peter",2009,243,75.7589240419394
"Peter",2010,134,38.5463727051842
"Peter",2010,135,35.0329721098038
"Peter",2010,136,46.2880310984097
"Peter",2010,137,57.309428727619
"Peter",2010,138,67.2136849389367
"Peter",2010,139,78.8173086628271
"Peter",2010,140,90.1735407724141
"Peter",2010,141,104.334759077709
"Peter",2010,142,105.218008625421
"Peter",2010,143,104.236172377
"Peter",2010,144,122.914997745041
"Peter",2010,145,143.722286228004
"Peter",2010,146,152.288516099353
"Peter",2010,147,148.682953390092
"Peter",2010,148,148.082250015129
"Peter",2010,149,156.418495446372
"Peter",2010,150,169.53218762344
"Peter",2010,151,174.642349637082
"Peter",2010,152,176.749742444227
"Peter",2010,153,173.11901247334
"Peter",2010,154,160.725881259367
"Peter",2010,155,151.246834185027
"Peter",2010,156,144.222756085812
"Peter",2010,157,139.228261590029
"Peter",2010,158,130.209435282267
"Peter",2010,159,116.936781703168
"Peter",2010,160,112.910590843972
"Peter",2010,161,113.002666808808
"Peter",2010,162,115.229902408251
"Peter",2010,163,110.758304383082
"Peter",2010,164,110.17059974911
"Peter",2010,165,109.432092183253
"Peter",2010,166,114.093470428728
"Peter",2010,167,115.781992147694
"Peter",2010,168,113.696905475255
"Peter",2010,169,134.543427198119
"Peter",2010,170,149.978939918088
"Peter",2010,171,144.433107471446
"Peter",2010,172,161.537063911599
"Peter",2010,173,160.665727049377
"Peter",2010,174,179.62515450062
"Peter",2010,175,172.39496931455
"Peter",2010,176,180.420766417615
"Peter",2010,177,179.254985442156
"Peter",2010,178,184.157806977963
"Peter",2010,179,183.463408824362
"Peter",2010,180,168.551849101364
"Peter",2010,181,164.469335018466
"Peter",2010,182,164.195423627818
"Peter",2010,183,169.277353059251
"Peter",2010,184,178.476864859526
"Peter",2010,185,201.166898848022
"Peter",2010,186,201.219257919082
"Peter",2010,187,201.82494827848
"Peter",2010,188,216.119897620916
"Peter",2010,189,220.763778064362
"Peter",2010,190,227.958920792509
"Peter",2010,191,229.342163062219
"Peter",2010,192,226.738944885827
"Peter",2010,193,214.568641523441
"Peter",2010,194,211.656183955495
"Peter",2010,195,195.96892893077
"Peter",2010,196,189.474454189486
"Peter",2010,197,197.83963484036
"Peter",2010,198,205.301508991574
"Peter",2010,199,210.525625097325
"Peter",2010,200,212.264783779512
"Peter",2010,201,210.71796464919
"Peter",2010,202,205.610933772586
"Peter",2010,203,207.14904170838
"Peter",2010,204,199.582583101278
"Peter",2010,205,200.952179181657
"Peter",2010,206,194.177496975752
"Peter",2010,207,202.58062344749
"Peter",2010,208,203.840855647989
"Peter",2010,209,193.476344453147
"Peter",2010,210,197.961342740339
"Peter",2010,211,198.793236020751
"Peter",2010,212,203.469765792278
"Peter",2010,213,202.353574430692
"Peter",2010,214,196.6533713159
"Peter",2010,215,196.742478606719
"Peter",2010,216,205.333098855529
"Peter",2010,217,203.99154241375
"Peter",2010,218,194.16215932149
"Peter",2010,219,188.563047486827
"Peter",2010,220,190.740794537146
"Peter",2010,221,199.839210250517
"Peter",2010,222,212.125933711931
"Peter",2010,223,215.728913620713
"Peter",2010,224,223.176933841271
"Peter",2010,225,229.874350118475
"Peter",2010,226,217.910945225465
"Peter",2010,227,199.014135221162
"Peter",2010,228,172.722183977818
"Peter",2010,229,153.382977010372
"Peter",2010,230,142.280958672337
"Peter",2010,231,136.105586088752
"Peter",2010,232,129.785498191839
"Peter",2010,233,130.858306995301
"Peter",2010,234,130.82249442181
"Peter",2010,235,140.921937400328
"Peter",2010,236,149.918480512474
"Peter",2010,237,134.614325111248
"Peter",2010,238,123.523912291168
"Peter",2010,239,124.968989999884
"Peter",2010,240,129.555021737825
"Peter",2010,241,132.959436527012
"Peter",2010,242,145.212388505604
"Peter",2010,243,156.977235191495
"Peter",2010,244,155.866314726584
"Peter",2010,245,145.704403859028
"Peter",2010,246,104.429313450773
"Peter",2010,247,89.5387629844411
"Peter",2011,132,44.1618932148887
"Peter",2011,133,31.2783841886969
"Peter",2011,134,23.1655558901249
"Peter",2011,135,18.4930409899243
"Peter",2011,136,24.1226020353528
"Peter",2011,137,30.2471752131463
"Peter",2011,138,39.5915177423672
"Peter",2011,139,47.7754545665169
"Peter",2011,140,52.1297315351123
"Peter",2011,141,63.3757584809961
"Peter",2011,142,67.6696605260655
"Peter",2011,143,77.9169343521226
"Peter",2011,144,66.6490626288768
"Peter",2011,145,68.5408218179569
"Peter",2011,146,60.7413034883544
"Peter",2011,152,80.6772909785817
"Peter",2011,153,81.2191707523239
"Peter",2011,154,97.2264035258153
"Peter",2011,156,114.942385739249
"Peter",2011,157,128.54097547623
"Peter",2011,158,152.302598758356
"Peter",2011,159,165.575863924932
"Peter",2011,160,138.082917547101
"Peter",2011,161,114.373697173924
"Peter",2011,162,107.25121582105
"Peter",2011,163,105.851617331715
"Peter",2011,164,114.10126365297
"Peter",2011,165,126.65812433913
"Peter",2011,166,131.807382352251
"Peter",2011,167,130.130898727743
"Peter",2011,168,127.287401997131
"Peter",2011,169,140.924451680713
"Peter",2011,171,123.853996047052
"Peter",2011,172,116.338526566906
"Peter",2011,173,112.970263643023
"Peter",2011,174,108.390656629868
"Peter",2011,180,132.21568005203
"Peter",2011,181,132.683936590878
"Peter",2011,182,151.98904679418
"Peter",2011,183,168.8461679917
"Peter",2011,184,172.74952516019
"Peter",2011,185,179.745535209445
"Peter",2011,186,193.692835859909
"Peter",2011,187,190.172205372345
"Peter",2011,188,195.746379094114
"Peter",2011,189,192.408114185083
"Peter",2011,190,193.389079071981
"Peter",2011,191,192.590158876311
"Peter",2011,192,213.52513583409
"Peter",2011,193,211.092437681408
"Peter",2011,194,194.355468307744
"Peter",2011,195,181.082672347507
"Peter",2011,196,172.470314090113
"Peter",2011,197,175.054930143054
"Peter",2011,198,196.035600922711
"Peter",2011,199,212.969059609223
"Peter",2011,200,221.208625463547
"Peter",2011,201,227.180894513523
"Peter",2011,202,240.906716485969
"Peter",2011,203,239.125893219716
"Peter",2011,204,237.194206772275
"Peter",2011,205,224.845361900459
"Peter",2011,206,222.111404186608
"Peter",2011,207,215.931408789806
"Peter",2011,208,208.552135406577
"Peter",2011,209,205.875631622357
"Peter",2011,210,214.610448772439
"Peter",2011,211,224.42459534864
"Peter",2011,212,220.4391202246
"Peter",2011,213,227.336752573927
"Peter",2011,214,221.052494819123
"Peter",2011,215,214.315238962447
"Peter",2011,216,217.938172509317
"Peter",2011,217,225.943866439199
"Peter",2011,218,237.481169416282
"Peter",2011,219,235.192278355755
"Peter",2011,220,232.521295538548
"Peter",2011,221,220.003510562508
"Peter",2011,222,204.738533666473
"Peter",2011,223,200.046965805072
"Peter",2011,224,202.059496306398
"Peter",2011,225,203.99372119744
"Peter",2011,226,195.726854834773
"Peter",2011,227,203.562575422528
"Peter",2011,228,215.466740269552
"Peter",2011,229,218.309842416135
"Peter",2011,230,214.533061185746
"Peter",2011,231,215.289909659655
"Peter",2011,232,207.992264624427
"Peter",2011,233,199.270910674152
"Peter",2011,234,191.217937289471
"Peter",2011,235,188.920212083114
"Peter",2011,236,187.161236682427
"Peter",2011,237,177.036331684282
"Peter",2011,238,180.644381323478
"Peter",2011,239,181.216750428185
"Peter",2011,240,180.879846381912
"Peter",2011,241,176.062410388296
"Peter",2011,242,181.667046664479
"Peter",2011,243,178.293294918284
"Peter",2011,244,173.632487444803
"Peter",2011,245,187.568830736462
"Peter",2011,246,185.618290681845
"Peter",2013,137,35.9187880459308
"Peter",2013,138,42.3654910105474
"Peter",2013,139,45.9709259149501
"Peter",2013,140,62.7523592966882
"Peter",2013,141,71.5587819146535
"Peter",2013,142,54.1416299245865
"Peter",2013,143,43.0982092334264
"Peter",2013,144,44.0304622120611
"Peter",2013,145,51.5096838277775
"Peter",2013,146,60.1684236093439
"Peter",2013,147,65.6232206435118
"Peter",2013,148,70.8594493696999
"Peter",2013,149,70.429421830653
"Peter",2013,150,85.9701552536941
"Peter",2013,151,98.760685284784
"Peter",2013,152,97.072311629728
"Peter",2013,153,79.4451289905101
"Peter",2013,154,77.1446512749365
"Peter",2013,155,81.7067221272407
"Peter",2013,156,72.4476379291334
"Peter",2013,157,68.1076093194577
"Peter",2013,158,65.9176878583141
"Peter",2013,159,74.8235884127018
"Peter",2013,160,83.9984537029193
"Peter",2013,161,83.4885778584223
"Peter",2013,162,98.6986305859818
"Peter",2013,163,107.165191909369
"Peter",2013,164,113.758365545142
"Peter",2013,165,116.132955710917
"Peter",2013,166,128.787075001158
"Peter",2013,167,120.545977471778
"Peter",2013,168,126.710241055676
"Peter",2013,169,120.536455239046
"Peter",2013,170,127.720834143644
"Peter",2013,171,138.305525876466
"Peter",2013,172,134.202262442727
"Peter",2013,173,130.09065807334
"Peter",2013,174,134.479271399443
"Peter",2013,175,153.757024398415
"Peter",2013,176,174.236456436341
"Peter",2013,177,189.503100229693
"Peter",2013,178,190.524778325591
"Peter",2013,179,182.411765496174
"Peter",2013,180,169.399926510311
"Peter",2013,181,155.833518173047
"Peter",2013,182,163.684873488134
"Peter",2013,183,167.092317120009
"Peter",2013,184,172.91180832166
"Peter",2013,185,185.142964461832
"Peter",2013,186,193.241040118056
"Peter",2013,187,196.870808835863
"Peter",2013,188,208.306329246134
"Peter",2013,189,219.470454710108
"Peter",2013,190,224.297725505419
"Peter",2013,191,203.880638110324
"Peter",2013,192,192.314031886107
"Peter",2013,193,200.517298299395
"Peter",2013,194,202.149037117076
"Peter",2013,195,211.472754169535
"Peter",2013,196,222.860640624813
"Peter",2013,197,241.01736218929
"Peter",2013,198,251.734606733591
"Peter",2013,199,259.559979824181
"Peter",2013,200,256.639030743594
"Peter",2013,201,240.625348200501
"Peter",2013,202,221.114009928974
"Peter",2013,203,210.858675658184
"Peter",2013,204,192.102369168955
"Peter",2013,205,183.555484529323
"Peter",2013,206,175.035188373285
"Peter",2013,207,170.645282600446
"Peter",2013,208,148.951320621027
"Peter",2013,209,126.228441116297
"Peter",2013,210,117.311582879578
"Peter",2013,211,130.208287038878
"Peter",2013,212,133.947301289763
"Peter",2013,213,136.039854485861
"Peter",2013,214,144.697843680926
"Peter",2013,215,146.154241886429
"Peter",2013,216,143.792527631226
"Peter",2013,217,142.170083651029
"Peter",2013,218,139.262098158119
"Peter",2013,219,152.97695978098
"Peter",2013,220,148.249528585466
"Peter",2013,221,145.262341792653
"Peter",2013,222,142.661867543901
"Peter",2013,223,145.24634086069
"Peter",2013,224,148.472858457072
"Peter",2013,225,142.78632941232
"Peter",2013,226,136.267455564062
"Peter",2013,227,134.884166136718
"Peter",2013,228,139.744659601468
"Peter",2013,229,148.907972177765
"Peter",2013,230,157.11524100397
"Peter",2013,231,162.466088297191
"Peter",2013,232,172.756948825935
"Peter",2013,233,184.16659888083
"Peter",2013,234,183.003712180066
"Peter",2013,235,179.037211218311
"Peter",2013,236,181.60087472458
"Peter",2013,237,185.060025192488
"Peter",2013,238,202.707626660747
"Peter",2013,239,212.966338428062
"Peter",2013,240,213.821470638794
"Peter",2013,241,222.051094423856
"Peter",2013,242,210.900916184213
"Peter",2013,243,200.999362349134
"Peter",2013,244,195.642404136781
"Peter",2013,245,164.656329355896
"Peter",2013,246,152.21467605037
"Peter",2013,247,154.393683970794
"Peter",2013,248,149.467197718445
"Peter",2013,249,149.457168719636
"Peter",2014,136,11.2215439317747
"Peter",2014,137,11.4765126537814
"Peter",2014,138,17.5314673174332
"Peter",2014,139,23.8112833257736
"Peter",2014,140,25.7915953314495
"Peter",2014,141,31.1232169765411
"Peter",2014,142,35.9975613749865
"Peter",2014,143,39.5234407650107
"Peter",2014,144,52.6226621507959
"Peter",2014,145,65.1600960537643
"Peter",2014,146,81.3211146270526
"Peter",2014,147,90.2139545609138
"Peter",2014,148,83.2935793556396
"Peter",2014,149,92.3580098320164
"Peter",2014,150,107.43022166741
"Peter",2014,151,116.174833522365
"Peter",2014,152,123.572861719975
"Peter",2014,153,127.246321224677
"Peter",2014,154,114.990040090083
"Peter",2014,155,106.940268473683
"Peter",2014,156,111.589257131041
"Peter",2014,157,121.987126253313
"Peter",2014,158,117.661766095531
"Peter",2014,159,107.501651581582
"Peter",2014,160,113.471625709481
"Peter",2014,161,108.106003606737
"Peter",2014,162,117.191644731298
"Peter",2014,163,113.576468619634
"Peter",2014,164,99.2697832933309
"Peter",2014,165,106.108964637429
"Peter",2014,166,95.8247564586441
"Peter",2014,167,98.7419204776661
"Peter",2014,168,116.655130604861
"Peter",2014,169,134.932230411112
"Peter",2014,170,128.90270969145
"Peter",2014,171,130.560730164436
"Peter",2014,172,123.968231828743
"Peter",2014,173,128.932039931525
"Peter",2014,174,142.157750766749
"Peter",2014,175,155.694009141508
"Peter",2014,176,148.712807289448
"Peter",2014,177,138.936377562788
"Peter",2014,178,145.145183320284
"Peter",2014,179,155.204571363155
"Peter",2014,180,171.880659170465
"Peter",2014,181,176.358646769132
"Peter",2014,182,171.862168943011
"Peter",2014,183,157.633570461708
"Peter",2014,184,156.604799542536
"Peter",2014,185,156.02097152059
"Peter",2014,186,162.388938947993
"Peter",2014,187,175.015794228757
"Peter",2014,188,174.663495565613
"Peter",2014,189,169.3144551863
"Peter",2014,190,158.463930169961
"Peter",2014,191,156.312769920987
"Peter",2014,192,164.421460635211
"Peter",2014,193,164.191855122988
"Peter",2014,194,166.058906160676
"Peter",2014,195,162.144082450847
"Peter",2014,196,148.350538140822
"Peter",2014,197,140.476813707545
"Peter",2014,198,143.409486357426
"Peter",2014,199,153.119763477273
"Peter",2014,200,159.429797954894
"Peter",2014,201,163.721238159507
"Peter",2014,202,176.555625182258
"Peter",2014,203,192.011355662268
"Peter",2014,204,179.503291524887
"Peter",2014,205,174.21885059585
"Peter",2014,206,182.718328845556
"Peter",2014,207,180.817980466382
"Peter",2014,208,179.82755304023
"Peter",2014,209,166.602605882688
"Peter",2014,210,165.749081499568
"Peter",2014,211,165.879131214089
"Peter",2014,212,167.634646607895
"Peter",2014,213,173.028504099243
"Peter",2014,214,174.082885520882
"Peter",2014,215,183.022446144427
"Peter",2014,216,189.173075939629
"Peter",2014,217,182.355923697463
"Peter",2014,218,181.139804794968
"Peter",2014,219,185.87920467804
"Peter",2014,220,192.220781404669
"Peter",2014,221,196.912676947415
"Peter",2014,222,202.224560927253
"Peter",2014,223,188.436300219889
"Peter",2014,224,174.651167652195
"Peter",2014,225,176.755151016777
"Peter",2014,226,168.504618655756
"Peter",2014,227,166.26988894306
"Peter",2014,228,177.080984354821
"Peter",2014,229,168.342317143969
"Peter",2014,230,164.891805351996
"Peter",2014,231,162.20713286856
"Peter",2014,232,156.731279747487
"Peter",2014,233,156.688353961201
"Peter",2014,234,159.015915338719
"Peter",2014,235,162.318315977249
"Peter",2014,236,165.207178132653
"Peter",2014,237,174.702095325552
"Peter",2014,238,176.374946173519
"Peter",2014,239,171.724055344038
"Peter",2014,240,165.297531783237
"Peter",2014,241,165.954803839069
"Peter",2014,242,156.701320879824
"Peter",2014,243,149.943981899744
"Peter",2014,244,157.196204859359
"Peter",2014,245,151.352633955334
"Peter",2014,246,151.944708132231
"Peter",2014,247,153.264914282253
"Peter",2014,248,146.995562888241
"Peter",2014,249,136.2689469367
"Peter",2014,250,135.130780973779
"Peter",2015,129,76.1678469901187
"Peter",2015,130,67.5022916097408
"Peter",2015,131,66.8905068429328
"Peter",2015,132,55.816367468514
"Peter",2015,133,48.7520574285082
"Peter",2015,134,51.4202639554671
"Peter",2015,135,50.2482117633471
"Peter",2015,136,51.4881231541819
"Peter",2015,137,68.5064481545897
"Peter",2015,138,63.3173981799213
"Peter",2015,139,50.2738004066245
"Peter",2015,140,46.7843914258623
"Peter",2015,141,51.9641264989604
"Peter",2015,142,59.5224813079312
"Peter",2015,143,69.1416129657107
"Peter",2015,144,85.2028963774133
"Peter",2015,145,90.9989731270708
"Peter",2015,146,90.3944972765139
"Peter",2015,147,89.0400221074824
"Peter",2015,148,99.3337221277359
"Peter",2015,149,112.923567322905
"Peter",2015,150,103.443007464736
"Peter",2015,151,90.8200939422475
"Peter",2015,152,92.0179921507854
"Peter",2015,153,99.9523636030697
"Peter",2015,154,105.504072713503
"Peter",2015,155,119.593590079448
"Peter",2015,156,120.009729108949
"Peter",2015,157,121.326682066468
"Peter",2015,158,129.106521387756
"Peter",2015,159,130.93134531628
"Peter",2015,160,133.873024366116
"Peter",2015,161,141.784107505221
"Peter",2015,162,142.596603684663
"Peter",2015,163,138.29492769589
"Peter",2015,164,150.184988123787
"Peter",2015,165,145.914325929272
"Peter",2015,166,145.902184176398
"Peter",2015,167,141.969969663268
"Peter",2015,168,148.970192905162
"Peter",2015,169,145.539555160174
"Peter",2015,170,140.374917169988
"Peter",2015,171,143.417248275179
"Peter",2015,172,139.410419539821
"Peter",2015,173,148.282650222828
"Peter",2015,174,143.817740349907
"Peter",2015,175,157.73044323642
"Peter",2015,176,162.123637282638
"Peter",2015,177,164.328952086513
"Peter",2015,178,173.465600575373
"Peter",2015,179,181.620657648204
"Peter",2015,180,185.721723643546
"Peter",2015,181,168.349454421478
"Peter",2015,182,153.780398202659
"Peter",2015,183,157.9680273472
"Peter",2015,184,167.448831396113
"Peter",2015,185,167.821357854796
"Peter",2015,186,182.600675506538
"Peter",2015,187,180.147758844084
"Peter",2015,188,166.167503662979
"Peter",2015,189,165.977283279828
"Peter",2015,190,171.53855182666
"Peter",2015,191,179.172110124647
"Peter",2015,192,195.704871262028
"Peter",2015,193,208.837031860518
"Peter",2015,194,216.168649279432
"Peter",2015,195,207.410730857118
"Peter",2015,196,194.96464091039
"Peter",2015,197,198.641925135558
"Peter",2015,198,199.683040127155
"Peter",2015,199,211.692419740785
"Peter",2015,200,217.594700097005
"Peter",2015,201,216.7788941285
"Peter",2015,202,207.285665978015
"Peter",2015,203,202.803140084186
"Peter",2015,204,212.847777319741
"Peter",2015,205,222.58417113751
"Peter",2015,206,224.252277064535
"Peter",2015,207,237.380933648377
"Peter",2015,208,248.004214419995
"Peter",2015,209,253.456900230008
"Peter",2015,210,237.449619893877
"Peter",2015,211,218.300718572066
"Peter",2015,212,215.471645306452
"Peter",2015,213,207.55069276341
"Peter",2015,214,209.267449401529
"Peter",2015,215,201.945378550454
"Peter",2015,216,191.029698095075
"Peter",2015,217,180.486964976456
"Peter",2015,218,183.916972027752
"Peter",2015,219,184.08324994919
"Peter",2015,220,178.185352632487
"Peter",2015,221,178.46966699223
"Peter",2015,222,180.545517964195
"Peter",2015,223,184.185766146727
"Peter",2015,224,187.237668802185
"Peter",2015,225,199.008896103699
"Peter",2015,226,211.041632060653
"Peter",2015,227,222.327356024386
"Peter",2015,228,231.420286592794
"Peter",2015,229,230.796980162521
"Peter",2015,230,218.732955382955
"Peter",2015,231,203.332669654972
"Peter",2015,232,182.463746047105
"Peter",2015,233,171.078868830379
"Peter",2015,234,172.841583214257
"Peter",2015,235,161.162288192595
"Peter",2015,236,131.82653418422
"Peter",2015,237,114.767233120985
"Peter",2015,238,109.637910161881
"Peter",2015,239,112.090720679011
"Peter",2015,240,121.579040370324
"Peter",2015,241,122.480626918389
"Peter",2015,242,134.635573689497
"Peter",2015,243,145.112809429457
"Peter",2015,244,158.317234599113
"Peter",2015,245,163.577868928319
"Peter",2015,246,155.866642198285
"Peter",2015,247,163.862314256033
"Peter",2018,138,62.2791646213382
"Peter",2018,139,63.3697642160538
"Peter",2018,140,54.8570254957063
"Peter",2018,141,64.972487162997
"Peter",2018,142,75.3839404206424
"Peter",2018,143,88.4070298890186
"Peter",2018,144,105.764506786553
"Peter",2018,145,110.712815066762
"Peter",2018,146,120.797632708614
"Peter",2018,147,136.036478289752
"Peter",2018,148,149.635045864599
"Peter",2018,149,160.144238593229
"Peter",2018,150,174.168607075715
"Peter",2018,151,165.113273477891
"Peter",2018,152,143.454315311901
"Peter",2018,153,127.38332537592
"Peter",2018,154,122.119104934143
"Peter",2018,155,111.681549458999
"Peter",2018,156,110.114888844718
"Peter",2018,157,113.005368063595
"Peter",2018,158,111.10775343201
"Peter",2018,159,122.593190682665
"Peter",2018,160,124.945610739506
"Peter",2018,161,127.330251855128
"Peter",2018,162,137.428294419639
"Peter",2018,163,147.767258135571
"Peter",2018,164,153.899468374047
"Peter",2018,165,161.554691766367
"Peter",2018,166,150.652175430453
"Peter",2018,167,145.607486440662
"Peter",2018,168,152.619261056607
"Peter",2018,169,170.916844351077
"Peter",2018,170,179.020072839877
"Peter",2018,171,182.866361713104
"Peter",2018,172,188.028376100932
"Peter",2018,173,192.153543398874
"Peter",2018,174,199.181210980898
"Peter",2018,175,199.813517955279
"Peter",2018,176,193.746070512377
"Peter",2018,177,197.274292767068
"Peter",2018,178,201.208315434963
"Peter",2018,179,205.573823715158
"Peter",2018,180,219.609240882058
"Peter",2018,181,238.135377457717
"Peter",2018,182,239.245995988592
"Peter",2018,183,222.466230517189
"Peter",2018,184,237.147705846537
"Peter",2018,185,237.992107975087
"Peter",2018,186,241.614236188904
"Peter",2018,187,236.113978984965
"Peter",2018,188,237.86757456935
"Peter",2018,189,232.7575384226
"Peter",2018,190,247.909794448063
"Peter",2018,191,249.58404026907
"Peter",2018,192,248.671510293742
"Peter",2018,193,232.313315767259
"Peter",2018,194,231.256227480352
"Peter",2018,195,233.43486289758
"Peter",2018,196,247.483026074262
"Peter",2018,197,254.679292923017
"Peter",2018,198,241.796189141248
"Peter",2018,199,235.830693408559
"Peter",2018,200,239.401359859267
"Peter",2018,201,224.22921341932
"Peter",2018,202,202.650696657716
"Peter",2018,203,193.147295146716
"Peter",2018,204,200.043644602387
"Peter",2018,205,212.342720455252
"Peter",2018,206,220.692191244452
"Peter",2018,207,207.564532884474
"Peter",2018,208,196.960636837384
"Peter",2018,209,188.761104297177
"Peter",2018,210,191.320846080108
"Peter",2018,211,196.980992492264
"Peter",2018,212,208.166696641443
"Peter",2018,213,208.48997772823
"Peter",2018,214,189.342996000606
"Peter",2018,215,180.010192628178
"Peter",2018,216,181.751736045086
"Peter",2018,217,182.540395714244
"Peter",2018,218,197.543865385899
"Peter",2018,219,197.654458112804
"Peter",2018,220,203.730990773424
"Peter",2018,221,211.946439009571
"Peter",2018,222,222.166407161118
"Peter",2018,223,231.094888434894
"Peter",2018,224,238.847501810032
"Peter",2018,225,247.077469270552
"Peter",2018,226,256.11745985137
"Peter",2018,227,250.038947375268
"Peter",2018,228,248.190985183585
"Peter",2018,229,241.93926926761
"Peter",2018,230,235.364528737947
"Peter",2018,231,233.013559817214
"Peter",2018,232,230.929521547047
"Peter",2018,233,212.961405226488
"Peter",2018,234,200.799831853037
"Peter",2019,131,11.2946923713002
"Peter",2019,132,16.6831006781912
"Peter",2019,133,20.163248759073
"Peter",2019,134,25.5554133907716
"Peter",2019,135,37.3563417356812
"Peter",2019,136,46.0364644217359
"Peter",2019,137,52.0715438217882
"Peter",2019,138,41.7758557100457
"Peter",2019,139,25.5606780841895
"Peter",2019,140,23.0885675890416
"Peter",2019,141,30.9220026362301
"Peter",2019,142,37.517569526172
"Peter",2019,143,37.0488663193056
"Peter",2019,144,37.9799151839311
"Peter",2019,145,39.7786216322784
"Peter",2019,146,55.1800634605393
"Peter",2019,147,58.6618789334487
"Peter",2019,148,54.0712413270965
"Peter",2019,149,56.9222573359902
"Peter",2019,150,73.0221060219347
"Peter",2019,151,80.3526435493387
"Peter",2019,152,90.2461164714631
"Peter",2019,153,87.3221635040605
"Peter",2019,154,86.9942026884356
"Peter",2019,155,81.9234919419501
"Peter",2019,156,101.967906167481
"Peter",2019,157,103.366925513951
"Peter",2019,158,121.592698265231
"Peter",2019,159,137.945350459853
"Peter",2019,160,146.900129361857
"Peter",2019,161,134.270183864694
"Peter",2019,162,130.802181107574
"Peter",2019,163,129.550974534742
"Peter",2019,164,117.159198336789
"Peter",2019,165,115.151968560094
"Peter",2019,166,109.568689721888
"Peter",2019,167,117.854823983143
"Peter",2019,168,124.570157960772
"Peter",2019,169,137.139302905066
"Peter",2019,170,132.250799020961
"Peter",2019,171,137.105330065747
"Peter",2019,172,138.017490951391
"Peter",2019,173,145.233788764414
"Peter",2019,174,153.206373196993
"Peter",2019,175,146.370605901522
"Peter",2019,176,142.352196230268
"Peter",2019,177,151.344212609782
"Peter",2019,178,166.568352276234
"Peter",2019,179,172.413181730752
"Peter",2019,180,183.045881514654
"Peter",2019,181,191.584694621039
"Peter",2019,182,188.629388117572
"Peter",2019,183,185.756533322048
"Peter",2019,184,199.343985618522
"Peter",2019,185,214.735929588986
"Peter",2019,186,218.548165549918
"Peter",2019,187,222.684007444065
"Peter",2019,188,217.02431089043
"Peter",2019,189,209.649902474594
"Peter",2019,190,219.975138533452
"Peter",2019,191,230.499316984124
"Peter",2019,192,220.963200975252
"Peter",2019,193,217.48552937247
"Peter",2019,194,225.336628075996
"Peter",2019,195,222.477425203119
"Peter",2019,196,235.816033861297
"Peter",2019,197,244.607617370245
"Peter",2019,198,248.18902700119
"Peter",2019,199,242.088628562086
"Peter",2019,200,242.57785927676
"Peter",2019,201,241.486803853808
"Peter",2019,202,228.194385273377
"Peter",2019,203,222.37511118182
"Peter",2019,204,219.442042910857
"Peter",2019,205,221.981826360502
"Peter",2019,206,230.447133592879
"Peter",2019,207,226.937712743514
"Peter",2019,208,224.913289121179
"Peter",2019,209,230.198066494548
"Peter",2019,210,226.07748479138
"Peter",2019,211,213.133476092671
"Peter",2019,212,206.843400044623
"Peter",2019,213,210.042438920923
"Peter",2019,214,221.081886991258
"Peter",2019,215,229.321138906719
"Peter",2019,216,234.710610253094
"Peter",2019,217,243.007870539223
"Peter",2019,218,230.337188900051
"Peter",2019,219,231.86549693248
"Peter",2019,220,223.854219308778
"Peter",2019,221,209.503445832255
"Peter",2019,222,207.25234955375
"Peter",2019,223,214.836152759205
"Peter",2019,224,221.313758637078
"Peter",2019,225,208.232562824583
"Peter",2019,226,194.69832687196
"Peter",2019,227,191.000764489467
"Peter",2019,228,189.916350376794
"Peter",2019,229,184.801223355094
"Peter",2019,230,192.271614479886
"Peter",2019,231,180.33663745261
"Peter",2019,232,183.947647893054
"Peter",2019,233,188.842312978614
"Peter",2019,234,179.8842183348
"Peter",2019,235,167.3441717909
"Peter",2019,236,165.008213473687
"Peter",2019,237,165.703863850689
"Peter",2019,238,164.801614810734
"Peter",2019,239,159.782733080911
"Peter",2019,240,140.735482532498
"Peter",2019,241,131.291189727237
"Peter",2019,242,123.943488146676
"Peter",2019,243,124.710131750636
"Peter",2019,244,123.744203678424
"Peter",2019,245,127.497730817205
"Peter",2019,246,124.092951319252
"Peter",2019,247,118.105449405919
"Peter",2019,248,118.502983362119
"Tuesday",2013,137,35.9112838483665
"Tuesday",2013,138,38.6934891012017
"Tuesday",2013,139,44.1062714601112
"Tuesday",2013,140,61.4569704442897
"Tuesday",2013,141,68.6051998138384
"Tuesday",2013,142,54.8753647481831
"Tuesday",2013,143,42.5414218155728
"Tuesday",2013,144,40.3661586814115
"Tuesday",2013,145,48.2560261110086
"Tuesday",2013,146,56.3028292944941
"Tuesday",2013,147,59.8438492168476
"Tuesday",2013,148,62.3419146487798
"Tuesday",2013,149,62.6207338776672
"Tuesday",2013,150,78.5369505305691
"Tuesday",2013,151,90.0958159577716
"Tuesday",2013,152,87.931863175882
"Tuesday",2013,153,69.1994748151422
"Tuesday",2013,154,67.3998421092359
"Tuesday",2013,155,72.8988251205327
"Tuesday",2013,156,64.1028928724319
"Tuesday",2013,157,59.4729708182917
"Tuesday",2013,158,57.9419018557389
"Tuesday",2013,159,68.3426741676946
"Tuesday",2013,160,77.0097657665622
"Tuesday",2013,161,77.4547838304541
"Tuesday",2013,162,92.4647165740301
"Tuesday",2013,163,105.971820862318
"Tuesday",2013,164,105.074361349867
"Tuesday",2013,165,113.652468224106
"Tuesday",2013,166,122.214543676051
"Tuesday",2013,167,114.357960033946
"Tuesday",2013,168,122.632509878461
"Tuesday",2013,169,111.977615798704
"Tuesday",2013,170,120.603500973772
"Tuesday",2013,171,125.407882136609
"Tuesday",2013,172,121.63798962047
"Tuesday",2013,173,118.377165711826
"Tuesday",2013,174,126.469350053094
"Tuesday",2013,175,150.874478884178
"Tuesday",2013,176,154.96352867248
"Tuesday",2013,177,168.888242522049
"Tuesday",2013,178,166.747718516924
"Tuesday",2013,179,161.241679565209
"Tuesday",2013,180,146.312193683343
"Tuesday",2013,181,132.863509966613
"Tuesday",2013,182,142.723911117009
"Tuesday",2013,183,145.209168333545
"Tuesday",2013,184,151.411510983768
"Tuesday",2013,185,162.496348814699
"Tuesday",2013,186,169.196425007175
"Tuesday",2013,187,173.461620723403
"Tuesday",2013,188,186.637211622064
"Tuesday",2013,189,197.2923246747
"Tuesday",2013,190,199.630725474591
"Tuesday",2013,191,179.062817148456
"Tuesday",2013,192,170.098602299891
"Tuesday",2013,193,175.701804829005
"Tuesday",2013,194,177.276367549585
"Tuesday",2013,195,187.535007103763
"Tuesday",2013,196,196.985267462491
"Tuesday",2013,197,214.48892216261
"Tuesday",2013,198,223.531738347956
"Tuesday",2013,199,230.295328089908
"Tuesday",2013,200,226.233680995654
"Tuesday",2013,201,210.130593851813
"Tuesday",2013,202,194.675355318711
"Tuesday",2013,203,185.818850714992
"Tuesday",2013,204,169.498481902599
"Tuesday",2013,205,159.906089540841
"Tuesday",2013,206,153.217823867168
"Tuesday",2013,207,151.22788191571
"Tuesday",2013,208,130.662777968715
"Tuesday",2013,209,109.48850538731
"Tuesday",2013,210,100.448447362071
"Tuesday",2013,211,112.015822244354
"Tuesday",2013,212,117.860779436035
"Tuesday",2013,213,118.672876767268
"Tuesday",2013,214,127.359421284077
"Tuesday",2013,215,130.066563801664
"Tuesday",2013,216,126.2126739618
"Tuesday",2013,217,124.967357394249
"Tuesday",2013,218,128.614518544383
"Tuesday",2013,219,139.138038390215
"Tuesday",2013,220,132.180989572657
"Tuesday",2013,221,129.383724854692
"Tuesday",2013,222,127.19889290217
"Tuesday",2013,223,129.804890269485
"Tuesday",2013,224,132.896912903965
"Tuesday",2013,225,127.587970758421
"Tuesday",2013,226,120.874485417428
"Tuesday",2013,227,119.595858744098
"Tuesday",2013,228,124.972965608578
"Tuesday",2013,229,134.191889416103
"Tuesday",2013,230,139.216092314712
"Tuesday",2013,231,143.617097905535
"Tuesday",2013,232,152.713999558227
"Tuesday",2013,233,163.822278230277
"Tuesday",2013,234,164.557233382663
"Tuesday",2013,235,158.380334818371
"Tuesday",2013,236,161.568173186253
"Tuesday",2013,237,163.786959064863
"Tuesday",2013,238,182.514942476221
"Tuesday",2013,239,192.393493359063
"Tuesday",2013,240,191.941232897995
"Tuesday",2013,241,200.132644449826
"Tuesday",2013,242,187.868550451444
"Tuesday",2013,243,177.419544631665
"Tuesday",2013,244,174.776407468384
"Tuesday",2013,245,144.41887927012
"Tuesday",2013,246,132.661879816663
"Tuesday",2013,247,137.435677322615
"Tuesday",2013,248,131.74943598777
"Tuesday",2013,249,133.595854182223
"Tuesday",2014,136,11.2810882522886
"Tuesday",2014,137,11.0244711467696
"Tuesday",2014,138,16.8885102020127
"Tuesday",2014,139,22.7101681447595
"Tuesday",2014,140,21.8391010858195
"Tuesday",2014,141,27.4143416226361
"Tuesday",2014,142,32.6378039830606
"Tuesday",2014,143,35.8597555326956
"Tuesday",2014,144,46.0259374319058
"Tuesday",2014,145,57.2806977374181
"Tuesday",2014,146,69.0453597613564
"Tuesday",2014,147,80.5022249760987
"Tuesday",2014,148,71.4896562945082
"Tuesday",2014,149,79.5136908013678
"Tuesday",2014,150,92.48138454677
"Tuesday",2014,151,96.7740778964353
"Tuesday",2014,152,103.238878412788
"Tuesday",2014,153,107.167137893841
"Tuesday",2014,154,94.9074315637039
"Tuesday",2014,155,88.0208300749916
"Tuesday",2014,156,92.4815152155944
"Tuesday",2014,157,102.234321213024
"Tuesday",2014,158,100.04257184395
"Tuesday",2014,159,88.0970856888703
"Tuesday",2014,160,94.06748506853
"Tuesday",2014,161,88.4351413174227
"Tuesday",2014,162,96.5578727067483
"Tuesday",2014,163,91.5410421127745
"Tuesday",2014,164,79.0089897001362
"Tuesday",2014,165,84.4115735484031
"Tuesday",2014,166,74.1237377941581
"Tuesday",2014,167,78.7503877466327
"Tuesday",2014,168,92.9770419870892
"Tuesday",2014,169,113.92747899669
"Tuesday",2014,170,105.760006077638
"Tuesday",2014,171,107.030469159922
"Tuesday",2014,172,99.0725603762253
"Tuesday",2014,173,105.84108340372
"Tuesday",2014,174,118.789106895421
"Tuesday",2014,175,130.022746172734
"Tuesday",2014,176,124.166991272928
"Tuesday",2014,177,114.917227356745
"Tuesday",2014,178,119.322425716962
"Tuesday",2014,179,129.210166120599
"Tuesday",2014,180,145.092923920628
"Tuesday",2014,181,148.7770903725
"Tuesday",2014,182,144.749345631103
"Tuesday",2014,183,132.331711335279
"Tuesday",2014,184,130.473196214303
"Tuesday",2014,185,129.327951582365
"Tuesday",2014,186,136.438345181263
"Tuesday",2014,187,148.264663265774
"Tuesday",2014,188,147.152991184121
"Tuesday",2014,189,141.755298188409
"Tuesday",2014,190,131.835070221397
"Tuesday",2014,191,129.700775951173
"Tuesday",2014,192,135.945669125361
"Tuesday",2014,193,136.689643813742
"Tuesday",2014,194,138.504152351048
"Tuesday",2014,195,136.10472367116
"Tuesday",2014,196,123.429170792852
"Tuesday",2014,197,115.969751520626
"Tuesday",2014,198,118.971419400219
"Tuesday",2014,199,126.784232738991
"Tuesday",2014,200,132.914746843494
"Tuesday",2014,201,137.58027921911
"Tuesday",2014,202,148.279500153835
"Tuesday",2014,203,162.813446600459
"Tuesday",2014,204,150.617757165263
"Tuesday",2014,205,144.663791471077
"Tuesday",2014,206,153.639615195252
"Tuesday",2014,207,152.131167232998
"Tuesday",2014,208,150.431706130788
"Tuesday",2014,209,138.955868870086
"Tuesday",2014,210,138.867216872862
"Tuesday",2014,211,139.572125450881
"Tuesday",2014,212,141.304487347379
"Tuesday",2014,213,147.425757233437
"Tuesday",2014,214,147.544533704641
"Tuesday",2014,215,156.989157144953
"Tuesday",2014,216,163.278211678373
"Tuesday",2014,217,155.022653375491
"Tuesday",2014,218,154.763394123543
"Tuesday",2014,219,160.867682548339
"Tuesday",2014,220,167.309510653986
"Tuesday",2014,221,172.599565769655
"Tuesday",2014,222,176.801326817961
"Tuesday",2014,223,162.968404595351
"Tuesday",2014,224,147.890192579232
"Tuesday",2014,225,151.661722584282
"Tuesday",2014,226,144.28025713732
"Tuesday",2014,227,142.715854286509
"Tuesday",2014,228,155.006727831406
"Tuesday",2014,229,145.188769598467
"Tuesday",2014,230,140.925868163042
"Tuesday",2014,231,139.410959808673
"Tuesday",2014,232,134.401247613815
"Tuesday",2014,233,134.922475413089
"Tuesday",2014,234,137.596035856638
"Tuesday",2014,235,141.674353985502
"Tuesday",2014,236,143.043770689221
"Tuesday",2014,237,154.328128093563
"Tuesday",2014,238,154.160734310206
"Tuesday",2014,239,149.829661262807
"Tuesday",2014,240,143.181079887023
"Tuesday",2014,241,144.110410926401
"Tuesday",2014,242,137.129998724063
"Tuesday",2014,243,130.438408510915
"Tuesday",2014,244,139.053822738887
"Tuesday",2014,245,133.306010428348
"Tuesday",2014,246,133.652391742629
"Tuesday",2014,247,135.407364243581
"Tuesday",2014,248,129.574399141986
"Tuesday",2014,249,120.275963040929
"Tuesday",2014,250,119.705989979586
"Tuesday",2015,129,58.7610999168879
"Tuesday",2015,130,52.7832722083496
"Tuesday",2015,131,50.1853210875694
"Tuesday",2015,132,42.5730349977744
"Tuesday",2015,133,36.1062736147703
"Tuesday",2015,134,38.005222981367
"Tuesday",2015,135,36.8591393594311
"Tuesday",2015,136,38.6199451522888
"Tuesday",2015,137,49.7564788239086
"Tuesday",2015,138,50.637239733668
"Tuesday",2015,139,39.0787914942145
"Tuesday",2015,140,36.0873776540712
"Tuesday",2015,141,41.3970399703026
"Tuesday",2015,142,48.3278986003806
"Tuesday",2015,143,56.4895075132839
"Tuesday",2015,144,71.2698801775626
"Tuesday",2015,145,73.2553586098015
"Tuesday",2015,146,71.2011532141783
"Tuesday",2015,147,70.5344750100281
"Tuesday",2015,148,79.1636552421366
"Tuesday",2015,149,87.9613624405308
"Tuesday",2015,150,81.5600946306097
"Tuesday",2015,151,68.9071407621438
"Tuesday",2015,152,71.4130467068231
"Tuesday",2015,153,78.5689023348927
"Tuesday",2015,154,83.3269824265169
"Tuesday",2015,155,96.9753361683268
"Tuesday",2015,156,97.2907111053743
"Tuesday",2015,157,96.9629412189884
"Tuesday",2015,158,102.05902109073
"Tuesday",2015,159,103.85733934706
"Tuesday",2015,160,106.042448833967
"Tuesday",2015,161,112.065539425209
"Tuesday",2015,162,112.665319764673
"Tuesday",2015,163,108.844465942106
"Tuesday",2015,164,119.330166340423
"Tuesday",2015,165,115.563030493786
"Tuesday",2015,166,115.22497930517
"Tuesday",2015,167,111.953604221984
"Tuesday",2015,168,119.980100662826
"Tuesday",2015,169,116.551132282469
"Tuesday",2015,170,113.490744873739
"Tuesday",2015,171,116.497675034995
"Tuesday",2015,172,113.201467311055
"Tuesday",2015,173,120.32646488757
"Tuesday",2015,174,116.266395288718
"Tuesday",2015,175,129.845735489551
"Tuesday",2015,176,134.778819009598
"Tuesday",2015,177,137.941234139908
"Tuesday",2015,178,147.464715161333
"Tuesday",2015,179,156.704442425433
"Tuesday",2015,180,161.691989148414
"Tuesday",2015,181,145.345698936363
"Tuesday",2015,182,130.620885791597
"Tuesday",2015,183,134.183124466062
"Tuesday",2015,184,142.296960495942
"Tuesday",2015,185,144.006075832338
"Tuesday",2015,186,156.718015856146
"Tuesday",2015,187,154.066526244075
"Tuesday",2015,188,141.727801624432
"Tuesday",2015,189,141.304464994069
"Tuesday",2015,190,147.177739875419
"Tuesday",2015,191,153.585939437572
"Tuesday",2015,192,167.026028082126
"Tuesday",2015,193,177.491227835292
"Tuesday",2015,194,183.018538560819
"Tuesday",2015,195,175.205857244769
"Tuesday",2015,196,171.208499510842
"Tuesday",2015,197,Inf
"Tuesday",2015,198,192.241879325461
"Tuesday",2015,199,189.667500450649
"Tuesday",2015,200,193.354303598828
"Tuesday",2015,201,195.281481878414
"Tuesday",2015,202,184.067208388564
"Tuesday",2015,203,180.633019796498
"Tuesday",2015,204,192.08420435218
"Tuesday",2015,205,201.216961227193
"Tuesday",2015,206,203.21224352656
"Tuesday",2015,207,216.825111767016
"Tuesday",2015,208,226.429319079867
"Tuesday",2015,209,227.824537564171
"Tuesday",2015,210,214.218549971441
"Tuesday",2015,211,193.621264771595
"Tuesday",2015,212,193.202779004745
"Tuesday",2015,213,186.763002347991
"Tuesday",2015,214,188.574846562644
"Tuesday",2015,215,182.570855774422
"Tuesday",2015,216,171.175093324434
"Tuesday",2015,217,163.062613787009
"Tuesday",2015,218,164.580355172141
"Tuesday",2015,219,164.383965382792
"Tuesday",2015,220,158.829212157578
"Tuesday",2015,221,160.846287308409
"Tuesday",2015,222,163.869754713198
"Tuesday",2015,223,168.722747103594
"Tuesday",2015,224,171.8221689117
"Tuesday",2015,225,183.771701555588
"Tuesday",2015,226,195.087215359162
"Tuesday",2015,227,202.314954981927
"Tuesday",2015,228,208.095557585269
"Tuesday",2015,229,206.496310083842
"Tuesday",2015,230,193.441474989369
"Tuesday",2015,231,182.365598900615
"Tuesday",2015,232,162.562318954987
"Tuesday",2015,233,150.124821645832
"Tuesday",2015,234,153.869366681415
"Tuesday",2015,235,145.601614473427
"Tuesday",2015,236,116.43971017224
"Tuesday",2015,237,103.06507445268
"Tuesday",2015,238,98.4414467000386
"Tuesday",2015,239,102.299136587726
"Tuesday",2015,240,110.501201629969
"Tuesday",2015,241,112.797961561587
"Tuesday",2015,242,124.474704754752
"Tuesday",2015,243,133.920269949178
"Tuesday",2015,244,147.687045887638
"Tuesday",2015,245,156.427841850636
"Tuesday",2015,246,149.001387038317
"Tuesday",2015,247,155.518730619171
